round,player_name,player_value,bid,is_winner,final_price,profit,experiment_name,version,model,service_name,temperature,number_agents,total_rounds,seal_clock,price_order,private_value,increment,seed_base,special_name,timestamp,repetition_id,plan
0,Bidder Andy,34,34.1,True,24.5,0.5,common_value_second_gemini,V10,meta-llama/Meta-Llama-3-8B-Instruct,deep_infra,0.5,3,1,seal,second,common,0.1,1299,common_spsb.txt,2026-01-13_01-39-14-071862,01-39-14-083222,"Since this is the first round, I'll start by bidding conservatively, taking into account the private noise adjustment. I'll bid slightly higher than my perceived value to account for the potential common value. I'll also consider the possibility that other bidders may be overestimating their values, so I'll bid a bit lower than their perceived values."
0,Bidder Betty,13,24.5,False,24.5,0,common_value_second_gemini,V10,meta-llama/Meta-Llama-3-8B-Instruct,deep_infra,0.5,3,1,seal,second,common,0.1,1299,common_spsb.txt,2026-01-13_01-39-14-071862,01-39-14-083222,"Since this is the first round, I'll start by bidding a moderate amount to gauge the competition. With my private value being $13, I'll aim to bid slightly above the midpoint of the possible range to increase my chances of winning. I'll bid $24.50, which is a reasonable starting point and allows me to adjust accordingly in subsequent rounds."
0,Bidder Charles,16,10.0,False,24.5,0,common_value_second_gemini,V10,meta-llama/Meta-Llama-3-8B-Instruct,deep_infra,0.5,3,1,seal,second,common,0.1,1299,common_spsb.txt,2026-01-13_01-39-14-071862,01-39-14-083222,"Since this is the first round, I'll start with a conservative bid to gauge the competition. I'll bid $10, aiming to win the prize while minimizing my potential loss. I'll monitor the feedback from this round to adjust my strategy for subsequent rounds."
0,Bidder Andy,23,25.0,True,20.0,5.0,common_value_second_gemini,V10,meta-llama/Meta-Llama-3-8B-Instruct,deep_infra,0.5,3,1,seal,second,common,0.1,1299,common_spsb.txt,2026-01-13_01-39-14-071862,01-39-29-061283,"As it's the first round, I'll start by bidding a moderate amount to gauge the competition. Since my private value is $23, I'll bid slightly higher to account for noise and potential overestimation. I'll aim to bid around $25-$27, considering the maximum bid is $49."
0,Bidder Betty,30,20.0,False,20.0,0,common_value_second_gemini,V10,meta-llama/Meta-Llama-3-8B-Instruct,deep_infra,0.5,3,1,seal,second,common,0.1,1299,common_spsb.txt,2026-01-13_01-39-14-071862,01-39-29-061283,"Since this is the first round, I'll start by bidding a moderate amount to gauge the competition. Given my private value of $30, I'll bid $20, which is below my perceived value. This will allow me to observe the other bidders' behavior and adjust my strategy accordingly. I'll also keep in mind that the true value is equal to the common value, which is unknown at this point."
0,Bidder Charles,5,3.1,False,20.0,0,common_value_second_gemini,V10,meta-llama/Meta-Llama-3-8B-Instruct,deep_infra,0.5,3,1,seal,second,common,0.1,1299,common_spsb.txt,2026-01-13_01-39-14-071862,01-39-29-061283,"Since it's the first round, I'll start by bidding a moderate amount based on my perceived value. I'll bid $3.10, which is slightly higher than my private value to account for potential competition. I'll also keep an eye on the other bidders' moves to adjust my strategy accordingly."
0,Bidder Andy,37,37.1,True,26.5,-0.5,common_value_second_gemini,V10,meta-llama/Meta-Llama-3-8B-Instruct,deep_infra,0.5,3,1,seal,second,common,0.1,1299,common_spsb.txt,2026-01-13_01-39-14-071862,01-39-44-069159,"Since this is the first round, I'll start with a conservative bid to gauge the competition. I'll bid slightly above my private value to account for noise and uncertainty. I'll also keep an eye on Betty and Charles' bids to adjust my strategy accordingly."
0,Bidder Betty,26,26.5,False,26.5,0,common_value_second_gemini,V10,meta-llama/Meta-Llama-3-8B-Instruct,deep_infra,0.5,3,1,seal,second,common,0.1,1299,common_spsb.txt,2026-01-13_01-39-14-071862,01-39-44-069159,"Since this is the first round, I'll start by bidding conservatively, taking into account the private noise adjustment. I'll bid slightly above my perceived value to account for the uncertainty. I'll aim to bid around $25-$27 to minimize the risk of overbidding."
0,Bidder Charles,13,16.0,False,26.5,0,common_value_second_gemini,V10,meta-llama/Meta-Llama-3-8B-Instruct,deep_infra,0.5,3,1,seal,second,common,0.1,1299,common_spsb.txt,2026-01-13_01-39-14-071862,01-39-44-069159,"Since this is the first round, I'll start by bidding a moderate amount to get a sense of the competition. Considering my private value is $13, I'll bid a bit higher to account for potential noise in others' perceived values. I'll aim to bid around $15-$17 to maximize my chances of winning while minimizing my potential loss."
0,Bidder Andy,14,24.0,True,20.0,7.0,common_value_second_gemini,V10,meta-llama/Meta-Llama-3-8B-Instruct,deep_infra,0.5,3,1,seal,second,common,0.1,1299,common_spsb.txt,2026-01-13_01-39-14-071862,01-39-58-832301,"Given my private value of $14, I will focus on maximizing my expected profit. Since this is the first round, there is no history to learn from. I will start by bidding a moderate amount, $24, to gauge the competition and leave room for future adjustments."
0,Bidder Betty,43,10.0,False,20.0,0,common_value_second_gemini,V10,meta-llama/Meta-Llama-3-8B-Instruct,deep_infra,0.5,3,1,seal,second,common,0.1,1299,common_spsb.txt,2026-01-13_01-39-14-071862,01-39-58-832301,"Since this is the first round, I'll start with a conservative bid to gauge the competition. I'll bid $10, which is low enough to minimize potential losses if I don't win, but still allows me to learn from the other bidders' responses. I'll analyze the bids and adjust my strategy accordingly for the next round."
0,Bidder Charles,39,20.0,False,20.0,0,common_value_second_gemini,V10,meta-llama/Meta-Llama-3-8B-Instruct,deep_infra,0.5,3,1,seal,second,common,0.1,1299,common_spsb.txt,2026-01-13_01-39-14-071862,01-39-58-832301,"Since this is the first round, I'll start by bidding a moderate amount to gauge the competition. Given my private value of $39, I'll bid $20, which is below my perceived value to account for potential noise in the other bidders' values. This bid should allow me to gather information about the competition while still keeping my options open for future rounds."
0,Bidder Andy,23,25.0,False,25.0,0,common_value_second_gemini,V10,meta-llama/Meta-Llama-3-8B-Instruct,deep_infra,0.5,3,1,seal,second,common,0.1,1299,common_spsb.txt,2026-01-13_01-39-14-071862,01-40-13-735809,"As it's the first round, I'll start by bidding a moderate amount to gauge the competition. Since my private value is $23, I'll bid slightly higher to account for noise and potential overestimation. I'll aim to bid around $25-$27, considering the maximum bid is $49."
0,Bidder Betty,44,20.0,False,25.0,0,common_value_second_gemini,V10,meta-llama/Meta-Llama-3-8B-Instruct,deep_infra,0.5,3,1,seal,second,common,0.1,1299,common_spsb.txt,2026-01-13_01-39-14-071862,01-40-13-735809,"Since this is the first round, I'll start by bidding a moderate amount to gauge the competition. Considering my private value is $44, I'll bid $20, which is below my perceived value. This will also give me an idea of the other bidders' behavior and allow me to adjust my strategy for the next round."
0,Bidder Charles,43,25.0,True,25.0,0.0,common_value_second_gemini,V10,meta-llama/Meta-Llama-3-8B-Instruct,deep_infra,0.5,3,1,seal,second,common,0.1,1299,common_spsb.txt,2026-01-13_01-39-14-071862,01-40-13-735809,"Since this is the first round, I will start by bidding a moderate amount to gauge the competition. Considering my private value is $43, I will bid $25, which is below my perceived value. This will allow me to gather information about the other bidders while keeping my costs relatively low."
0,Bidder Andy,23,25.0,True,20.0,6.0,common_value_second_gemini,V10,meta-llama/Meta-Llama-3-8B-Instruct,deep_infra,0.5,3,1,seal,second,common,0.1,1299,common_spsb.txt,2026-01-13_01-39-14-071862,01-40-28-517362,"As it's the first round, I'll start by bidding a moderate amount to gauge the competition. Since my private value is $23, I'll bid slightly higher to account for noise and potential overestimation. I'll aim to bid around $25-$27, considering the maximum bid is $49."
0,Bidder Betty,45,20.0,False,20.0,0,common_value_second_gemini,V10,meta-llama/Meta-Llama-3-8B-Instruct,deep_infra,0.5,3,1,seal,second,common,0.1,1299,common_spsb.txt,2026-01-13_01-39-14-071862,01-40-28-517362,"As this is the first round, I will start by bidding a moderate amount to gauge the competition. Since my private value is $45, I will bid $20, which is below my perceived value and relatively low. This will allow me to gather information about the other bidders' values and adjust my strategy accordingly."
0,Bidder Charles,6,15.0,False,20.0,0,common_value_second_gemini,V10,meta-llama/Meta-Llama-3-8B-Instruct,deep_infra,0.5,3,1,seal,second,common,0.1,1299,common_spsb.txt,2026-01-13_01-39-14-071862,01-40-28-517362,"Since this is the first round, I will start by bidding a moderate amount, considering my private value is $6. I will bid $15, which is higher than the noise adjustment range, but lower than the maximum bid. This will give me a good chance of winning while minimizing potential losses."
0,Bidder Andy,32,20.0,True,15.0,7.0,common_value_second_gemini,V10,meta-llama/Meta-Llama-3-8B-Instruct,deep_infra,0.5,3,1,seal,second,common,0.1,1299,common_spsb.txt,2026-01-13_01-39-14-071862,01-40-43-793246,"Since this is the first round, I'll start by bidding a moderate amount to gauge the competition. Given my perceived value of $32, I'll bid $20 to test the waters. This amount is low enough to be competitive, but high enough to show my interest in the prize. I'll analyze the other bidders' bids and adjust my strategy accordingly."
0,Bidder Betty,27,5.0,False,15.0,0,common_value_second_gemini,V10,meta-llama/Meta-Llama-3-8B-Instruct,deep_infra,0.5,3,1,seal,second,common,0.1,1299,common_spsb.txt,2026-01-13_01-39-14-071862,01-40-43-793246,"Since this is the first round, I'll start by bidding a relatively low amount to gauge the competition. I'll bid $5, which is below the perceived value of $27. This will allow me to gather information about the other bidders' strategies and adjust my bidding accordingly in subsequent rounds. If I win, I'll pay $5 and earn $22. If I lose, my earnings remain unchanged."
0,Bidder Charles,18,15.0,False,15.0,0,common_value_second_gemini,V10,meta-llama/Meta-Llama-3-8B-Instruct,deep_infra,0.5,3,1,seal,second,common,0.1,1299,common_spsb.txt,2026-01-13_01-39-14-071862,01-40-43-793246,"Since this is the first round, I will start by bidding a moderate amount, considering the private noise adjustment. Given my perceived value of $18, I will bid $15 to leave room for adjustments in subsequent rounds. I will also keep an eye on the other bidders' bids to adjust my strategy accordingly."
0,Bidder Andy,42,43.0,True,25.0,2.0,common_value_second_gemini,V10,meta-llama/Meta-Llama-3-8B-Instruct,deep_infra,0.5,3,1,seal,second,common,0.1,1299,common_spsb.txt,2026-01-13_01-39-14-071862,01-40-58-806275,"Since this is the first round, I'll observe the other bidders' bids to understand their strategies. I'll start with a moderate bid, slightly above my private value, to test the waters and gauge competition. I'll aim to maximize my expected profit by balancing the risk of losing with the potential reward of winning."
0,Bidder Betty,13,24.5,False,25.0,0,common_value_second_gemini,V10,meta-llama/Meta-Llama-3-8B-Instruct,deep_infra,0.5,3,1,seal,second,common,0.1,1299,common_spsb.txt,2026-01-13_01-39-14-071862,01-40-58-806275,"Since this is the first round, I'll start by bidding a moderate amount to gauge the competition. With my private value being $13, I'll aim to bid slightly above the midpoint of the possible range to increase my chances of winning. I'll bid $24.50, which is a reasonable starting point and allows me to adjust accordingly in subsequent rounds."
0,Bidder Charles,17,25.0,False,25.0,0,common_value_second_gemini,V10,meta-llama/Meta-Llama-3-8B-Instruct,deep_infra,0.5,3,1,seal,second,common,0.1,1299,common_spsb.txt,2026-01-13_01-39-14-071862,01-40-58-806275,"As this is the first round, I'll start by bidding a conservative amount to gauge the competition. Since my private value is $17, I'll bid slightly above the midpoint of the possible range to account for the noise. I'll aim to bid around $25, which is a reasonable starting point to maximize my profit."
0,Bidder Andy,17,24.0,True,23.0,6.0,common_value_second_gemini,V10,meta-llama/Meta-Llama-3-8B-Instruct,deep_infra,0.5,3,1,seal,second,common,0.1,1299,common_spsb.txt,2026-01-13_01-39-14-071862,01-41-13-657634,"As this is the first round, I will start by bidding a moderate amount to gauge the competition. Since my private value is $17, I will bid slightly above the midpoint of the possible range to increase my chances of winning. I will also keep in mind that the true value is the common value, not my perceived value."
0,Bidder Betty,41,23.0,False,23.0,0,common_value_second_gemini,V10,meta-llama/Meta-Llama-3-8B-Instruct,deep_infra,0.5,3,1,seal,second,common,0.1,1299,common_spsb.txt,2026-01-13_01-39-14-071862,01-41-13-657634,"Since this is the first round, I'll start by bidding a moderate amount to gauge the competition. Given my private value of $41, I'll aim to bid below the expected true value of $25 (common value + noise adjustment). I'll bid $23 to balance exploration and exploitation."
0,Bidder Charles,33,14.0,False,23.0,0,common_value_second_gemini,V10,meta-llama/Meta-Llama-3-8B-Instruct,deep_infra,0.5,3,1,seal,second,common,0.1,1299,common_spsb.txt,2026-01-13_01-39-14-071862,01-41-13-657634,"Since this is the first round, I will start by bidding cautiously to learn more about the other bidders' perceived values. I will bid a moderate amount, $14, to test the waters and gather information. I will then observe the other bidders' bids and adjust my strategy accordingly for the next round."
0,Bidder Andy,44,20.0,True,17.0,10.0,common_value_second_gemini,V10,meta-llama/Meta-Llama-3-8B-Instruct,deep_infra,0.5,3,1,seal,second,common,0.1,1299,common_spsb.txt,2026-01-13_01-39-14-071862,01-41-28-502285,"As this is the first round, I'll start by bidding a moderate amount to gauge the competition. Since my private value is $44, I'll bid $20 to leave room for adjustment in future rounds. I'll also pay attention to the other bidders' bids to adjust my strategy accordingly."
0,Bidder Betty,18,17.0,False,17.0,0,common_value_second_gemini,V10,meta-llama/Meta-Llama-3-8B-Instruct,deep_infra,0.5,3,1,seal,second,common,0.1,1299,common_spsb.txt,2026-01-13_01-39-14-071862,01-41-28-502285,"As the first round, I'll start by bidding conservatively to gauge the competition. Since my private value is $18, I'll bid slightly higher to account for noise. I'll aim for a bid between $15 and $20 to maximize my expected profit."
0,Bidder Charles,15,10.0,False,17.0,0,common_value_second_gemini,V10,meta-llama/Meta-Llama-3-8B-Instruct,deep_infra,0.5,3,1,seal,second,common,0.1,1299,common_spsb.txt,2026-01-13_01-39-14-071862,01-41-28-502285,"As this is the first round, I will start by bidding a moderate amount to gauge the competition. Since my private value is $15, I will bid $10, which is below my perceived value and likely to be a relatively low bid. This will allow me to gather information about the other bidders' perceived values and adjust my strategy accordingly."
0,Bidder Andy,38,20.0,True,10.0,17.0,common_value_second_gemini,V10,meta-llama/Meta-Llama-3-8B-Instruct,deep_infra,0.5,3,1,seal,second,common,0.1,1299,common_spsb.txt,2026-01-13_01-39-14-071862,01-41-43-286456,"Since this is the first round, I will start by bidding a moderate amount to gauge the competition. Given my private value of $38, I will bid $20 to leave room for potential adjustments in future rounds. I will observe the responses from Bidder Betty and Bidder Charles to adjust my strategy accordingly."
0,Bidder Betty,27,5.0,False,10.0,0,common_value_second_gemini,V10,meta-llama/Meta-Llama-3-8B-Instruct,deep_infra,0.5,3,1,seal,second,common,0.1,1299,common_spsb.txt,2026-01-13_01-39-14-071862,01-41-43-286456,"Since this is the first round, I'll start by bidding a relatively low amount to gauge the competition. I'll bid $5, which is below the perceived value of $27. This will allow me to gather information about the other bidders' strategies and adjust my bidding accordingly in subsequent rounds. If I win, I'll pay $5 and earn $22. If I lose, my earnings remain unchanged."
0,Bidder Charles,21,10.0,False,10.0,0,common_value_second_gemini,V10,meta-llama/Meta-Llama-3-8B-Instruct,deep_infra,0.5,3,1,seal,second,common,0.1,1299,common_spsb.txt,2026-01-13_01-39-14-071862,01-41-43-286456,"Since this is the first round, I'll start by bidding relatively low to gather information. I'll bid $10, which is a reasonable starting point considering my private value is $21. This will allow me to observe the bids of others and adjust my strategy accordingly."
0,Bidder Andy,39,24.5,False,24.5,0,common_value_second_gemini,V10,meta-llama/Meta-Llama-3-8B-Instruct,deep_infra,0.5,3,1,seal,second,common,0.1,1299,common_spsb.txt,2026-01-13_01-39-14-071862,01-41-57-993075,"As this is the first round, I will start with a conservative bid to minimize losses. Since my private value is $39, I will bid slightly above the midpoint to maximize my chances of winning. I will bid $24.50, which is close to the midpoint of $20-49 range."
0,Bidder Betty,38,24.5,True,24.5,-1.5,common_value_second_gemini,V10,meta-llama/Meta-Llama-3-8B-Instruct,deep_infra,0.5,3,1,seal,second,common,0.1,1299,common_spsb.txt,2026-01-13_01-39-14-071862,01-41-57-993075,"As the first round, I'll start by bidding conservatively to gauge the competition. Since my private value is $38, I'll bid slightly above the midpoint of the possible range, $24.5. This will allow me to observe the other bidders' strategies while minimizing my risk of overbidding."
0,Bidder Charles,20,14.0,False,24.5,0,common_value_second_gemini,V10,meta-llama/Meta-Llama-3-8B-Instruct,deep_infra,0.5,3,1,seal,second,common,0.1,1299,common_spsb.txt,2026-01-13_01-39-14-071862,01-41-57-993075,"Since it's the first round, I'll start by bidding a moderate amount to gauge the competition. I'll bid $14, which is below my perceived value of $20. This will allow me to gather information about the other bidders' perceived values and adjust my strategy accordingly."
0,Bidder Andy,22,24.0,True,14.0,8.0,common_value_second_gemini,V10,meta-llama/Meta-Llama-3-8B-Instruct,deep_infra,0.5,3,1,seal,second,common,0.1,1299,common_spsb.txt,2026-01-13_01-39-14-071862,01-42-12-780305,"Since this is the first round, I'll start by bidding a moderate amount to gauge the competition. Given my private value of $22, I'll aim to bid slightly above the expected average value. I'll also keep an eye on the other bidders' bids to adjust my strategy accordingly."
0,Bidder Betty,22,14.0,False,14.0,0,common_value_second_gemini,V10,meta-llama/Meta-Llama-3-8B-Instruct,deep_infra,0.5,3,1,seal,second,common,0.1,1299,common_spsb.txt,2026-01-13_01-39-14-071862,01-42-12-780305,"As this is the first round, I will start by bidding a moderate amount, taking into account my private value of $22. I will bid $14.00, which is slightly above the minimum bid but below my perceived value. This will give me a chance to win the prize and learn more about the competition's bidding strategies in future rounds."
0,Bidder Charles,7,8.1,False,14.0,0,common_value_second_gemini,V10,meta-llama/Meta-Llama-3-8B-Instruct,deep_infra,0.5,3,1,seal,second,common,0.1,1299,common_spsb.txt,2026-01-13_01-39-14-071862,01-42-12-780305,"Since this is the first round, I will start by bidding conservatively, taking into account the private noise adjustment. I will bid slightly above my perceived value to account for potential underbidding. Given my private value of $7, I will bid $8.10, which is a reasonable starting point."
0,Bidder Andy,40,24.9,True,24.5,3.5,common_value_second_gemini,V10,meta-llama/Meta-Llama-3-8B-Instruct,deep_infra,0.5,3,1,seal,second,common,0.1,1299,common_spsb.txt,2026-01-13_01-39-14-071862,01-42-28-105862,"Since this is the first round, I'll start by bidding a moderate amount to gauge the competition. Considering my private value of $40, I'll aim to bid slightly above the perceived value to increase the chances of winning. I'll bid $24.90, which is a reasonable starting point to test the waters."
0,Bidder Betty,42,24.5,False,24.5,0,common_value_second_gemini,V10,meta-llama/Meta-Llama-3-8B-Instruct,deep_infra,0.5,3,1,seal,second,common,0.1,1299,common_spsb.txt,2026-01-13_01-39-14-071862,01-42-28-105862,"Since this is the first round, I'll start with a conservative bid to gauge the competition. I'll analyze the bids and adjust my strategy for the next round. Given my private value of $42, I'll aim to bid around $20-$25 to minimize loss and maximize potential gain."
0,Bidder Charles,25,15.0,False,24.5,0,common_value_second_gemini,V10,meta-llama/Meta-Llama-3-8B-Instruct,deep_infra,0.5,3,1,seal,second,common,0.1,1299,common_spsb.txt,2026-01-13_01-39-14-071862,01-42-28-105862,"Since this is the first round, I'll start by bidding a moderate amount to gauge the competition. With my private value at $25, I'll bid $15 to maximize my potential profit. I'll observe the responses from Andy and Betty to adjust my strategy for the next round."
0,Bidder Andy,36,20.0,False,20.0,0,common_value_second_gemini,V10,meta-llama/Meta-Llama-3-8B-Instruct,deep_infra,0.5,3,1,seal,second,common,0.1,1299,common_spsb.txt,2026-01-13_01-39-14-071862,01-42-42-896144,"As the first round, I will start by bidding a relatively low amount to gauge the competition. Since my private value is $36, I will bid $20, which is below my perceived value. This will allow me to observe the other bidders' bids and adjust my strategy accordingly. I will also consider the possibility that the common value could be lower than my perceived value, and adjust my bid accordingly."
0,Bidder Betty,22,14.0,False,20.0,0,common_value_second_gemini,V10,meta-llama/Meta-Llama-3-8B-Instruct,deep_infra,0.5,3,1,seal,second,common,0.1,1299,common_spsb.txt,2026-01-13_01-39-14-071862,01-42-42-896144,"As this is the first round, I will start by bidding a moderate amount, taking into account my private value of $22. I will bid $14.00, which is slightly above the minimum bid but below my perceived value. This will give me a chance to win the prize and learn more about the competition's bidding strategies in future rounds."
0,Bidder Charles,48,44.0,True,20.0,9.0,common_value_second_gemini,V10,meta-llama/Meta-Llama-3-8B-Instruct,deep_infra,0.5,3,1,seal,second,common,0.1,1299,common_spsb.txt,2026-01-13_01-39-14-071862,01-42-42-896144,"Since this is the first round, I'll start by bidding a moderate amount to gauge the competition. Considering my private value is $48, I'll bid a slightly lower amount to leave room for adjustments. I'll start with a bid of $44, hoping to win and gain insight into the other bidders' strategies."
0,Bidder Andy,9,14.9,False,14.9,0,common_value_second_gemini,V10,meta-llama/Meta-Llama-3-8B-Instruct,deep_infra,0.5,3,1,seal,second,common,0.1,1299,common_spsb.txt,2026-01-13_01-39-14-071862,01-42-58-036759,"Since this is the first round, I'll start by bidding a moderate amount to gather information about the other bidders. Given my private value of $9, I'll bid $14.9, which is below the perceived value of $20-29. This bid allows me to learn more about the other bidders while keeping my costs low."
0,Bidder Betty,32,24.9,True,14.9,11.1,common_value_second_gemini,V10,meta-llama/Meta-Llama-3-8B-Instruct,deep_infra,0.5,3,1,seal,second,common,0.1,1299,common_spsb.txt,2026-01-13_01-39-14-071862,01-42-58-036759,"As the first round, I'll start by bidding a moderate amount to gauge the competition. Since my private value is $32, I'll bid slightly above the midpoint of the possible range. I'll aim for a bid that's likely to be higher than the other bidders' perceived values, while keeping an eye on the potential for a tie."
0,Bidder Charles,41,1.0,False,14.9,0,common_value_second_gemini,V10,meta-llama/Meta-Llama-3-8B-Instruct,deep_infra,0.5,3,1,seal,second,common,0.1,1299,common_spsb.txt,2026-01-13_01-39-14-071862,01-42-58-036759,"Since this is the first round, I will start with a conservative bid to gather information about the other bidders. I will bid $1, which is a low amount that is unlikely to win, but will allow me to observe the other bidders' behavior and adjust my strategy accordingly."
0,Bidder Andy,22,24.0,True,20.0,6.0,common_value_second_gemini,V10,meta-llama/Meta-Llama-3-8B-Instruct,deep_infra,0.5,3,1,seal,second,common,0.1,1299,common_spsb.txt,2026-01-13_01-39-14-071862,01-43-12-781036,"Since this is the first round, I'll start by bidding a moderate amount to gauge the competition. Given my private value of $22, I'll aim to bid slightly above the expected average value. I'll also keep an eye on the other bidders' bids to adjust my strategy accordingly."
0,Bidder Betty,30,20.0,False,20.0,0,common_value_second_gemini,V10,meta-llama/Meta-Llama-3-8B-Instruct,deep_infra,0.5,3,1,seal,second,common,0.1,1299,common_spsb.txt,2026-01-13_01-39-14-071862,01-43-12-781036,"Since this is the first round, I'll start by bidding a moderate amount to gauge the competition. Given my private value of $30, I'll bid $20, which is below my perceived value. This will allow me to observe the other bidders' behavior and adjust my strategy accordingly. I'll also keep in mind that the true value is equal to the common value, which is unknown at this point."
0,Bidder Charles,19,20.0,False,20.0,0,common_value_second_gemini,V10,meta-llama/Meta-Llama-3-8B-Instruct,deep_infra,0.5,3,1,seal,second,common,0.1,1299,common_spsb.txt,2026-01-13_01-39-14-071862,01-43-12-781036,"As I'm the first bidder, I'll start with a conservative bid to gauge the competition. Given my private value of $19, I'll aim to bid below the true common value, which is unknown. I'll start with a bid of $20, hoping to win and gain a better understanding of the competition's values."
0,Bidder Andy,18,25.0,True,14.0,9.0,common_value_second_gemini,V10,meta-llama/Meta-Llama-3-8B-Instruct,deep_infra,0.5,3,1,seal,second,common,0.1,1299,common_spsb.txt,2026-01-13_01-39-14-071862,01-43-27-872850,"Since it's the first round, I'll start by bidding a moderate amount to gauge the competition. Given my private value of $18, I'll aim to bid slightly above the expected average value of $24.5 (calculated by averaging the range of possible common values). I'll bid $25 to balance the risk of overpaying with the potential reward of winning."
0,Bidder Betty,10,14.0,False,14.0,0,common_value_second_gemini,V10,meta-llama/Meta-Llama-3-8B-Instruct,deep_infra,0.5,3,1,seal,second,common,0.1,1299,common_spsb.txt,2026-01-13_01-39-14-071862,01-43-27-872850,"Given my private value of $10, I will bid strategically to maximize my long-term profit. Since this is the first round, I'll start with a conservative bid to gauge the competition. I'll bid slightly above my private value to account for the noise in the perceived values. I'll observe the bids and adjust my strategy accordingly."
0,Bidder Charles,7,8.1,False,14.0,0,common_value_second_gemini,V10,meta-llama/Meta-Llama-3-8B-Instruct,deep_infra,0.5,3,1,seal,second,common,0.1,1299,common_spsb.txt,2026-01-13_01-39-14-071862,01-43-27-872850,"Since this is the first round, I will start by bidding conservatively, taking into account the private noise adjustment. I will bid slightly above my perceived value to account for potential underbidding. Given my private value of $7, I will bid $8.10, which is a reasonable starting point."
0,Bidder Andy,29,15.0,False,15.0,0,common_value_second_gemini,V10,meta-llama/Meta-Llama-3-8B-Instruct,deep_infra,0.5,3,1,seal,second,common,0.1,1299,common_spsb.txt,2026-01-13_01-39-14-071862,01-43-42-709697,"Since this is the first round, I'll start by bidding a moderate amount to gauge the competition. Given my private value is $29, I'll bid $15 to leave room for adjustment in future rounds. I'll observe the other bidders' bids to refine my strategy and make more informed decisions for the next round."
0,Bidder Betty,29,25.0,True,15.0,14.0,common_value_second_gemini,V10,meta-llama/Meta-Llama-3-8B-Instruct,deep_infra,0.5,3,1,seal,second,common,0.1,1299,common_spsb.txt,2026-01-13_01-39-14-071862,01-43-42-709697,"Since this is the first round, I'll start by bidding a moderate amount to gauge the competition. Given my private value of $29, I'll aim to bid slightly above the expected average of $24.5 (midpoint of 20-29). I'll bid $25, which is a conservative opening bid that allows me to learn more about the competition."
0,Bidder Charles,15,10.0,False,15.0,0,common_value_second_gemini,V10,meta-llama/Meta-Llama-3-8B-Instruct,deep_infra,0.5,3,1,seal,second,common,0.1,1299,common_spsb.txt,2026-01-13_01-39-14-071862,01-43-42-709697,"As this is the first round, I will start by bidding a moderate amount to gauge the competition. Since my private value is $15, I will bid $10, which is below my perceived value and likely to be a relatively low bid. This will allow me to gather information about the other bidders' perceived values and adjust my strategy accordingly."
0,Bidder Andy,32,20.0,False,20.0,0,common_value_second_gemini,V10,meta-llama/Meta-Llama-3-8B-Instruct,deep_infra,0.5,3,1,seal,second,common,0.1,1299,common_spsb.txt,2026-01-13_01-39-14-071862,01-43-57-559440,"Since this is the first round, I'll start by bidding a moderate amount to gauge the competition. Given my perceived value of $32, I'll bid $20 to test the waters. This amount is low enough to be competitive, but high enough to show my interest in the prize. I'll analyze the other bidders' bids and adjust my strategy accordingly."
0,Bidder Betty,38,24.5,True,20.0,4.0,common_value_second_gemini,V10,meta-llama/Meta-Llama-3-8B-Instruct,deep_infra,0.5,3,1,seal,second,common,0.1,1299,common_spsb.txt,2026-01-13_01-39-14-071862,01-43-57-559440,"As the first round, I'll start by bidding conservatively to gauge the competition. Since my private value is $38, I'll bid slightly above the midpoint of the possible range, $24.5. This will allow me to observe the other bidders' strategies while minimizing my risk of overbidding."
0,Bidder Charles,25,15.0,False,20.0,0,common_value_second_gemini,V10,meta-llama/Meta-Llama-3-8B-Instruct,deep_infra,0.5,3,1,seal,second,common,0.1,1299,common_spsb.txt,2026-01-13_01-39-14-071862,01-43-57-559440,"Since this is the first round, I'll start by bidding a moderate amount to gauge the competition. With my private value at $25, I'll bid $15 to maximize my potential profit. I'll observe the responses from Andy and Betty to adjust my strategy for the next round."
0,Bidder Andy,24,24.5,False,24.5,0,common_value_second_gemini,V10,meta-llama/Meta-Llama-3-8B-Instruct,deep_infra,0.5,3,1,seal,second,common,0.1,1299,common_spsb.txt,2026-01-13_01-39-14-071862,01-44-08-086163,"Since this is the first round, I'll start with a conservative bid to gauge the competition. I'll bid slightly above my perceived value, considering the noise in the perceived value. I'll aim to win the prize while keeping my bid low enough to minimize losses if I don't win. I'll observe the bids and adjust my strategy accordingly in future rounds."
0,Bidder Betty,37,30.0,True,24.5,1.5,common_value_second_gemini,V10,meta-llama/Meta-Llama-3-8B-Instruct,deep_infra,0.5,3,1,seal,second,common,0.1,1299,common_spsb.txt,2026-01-13_01-39-14-071862,01-44-08-086163,"Since this is the first round, I'll start by bidding a moderate amount to gauge the competition. Considering my private value is $37, I'll bid $30, which is slightly below my perceived value to account for the noise. This will also give me an opportunity to learn from the other bidders' strategies."
0,Bidder Charles,10,4.0,False,24.5,0,common_value_second_gemini,V10,meta-llama/Meta-Llama-3-8B-Instruct,deep_infra,0.5,3,1,seal,second,common,0.1,1299,common_spsb.txt,2026-01-13_01-39-14-071862,01-44-08-086163,"Since this is the first round, I'll start with a conservative bid to gather information about the other bidders. I'll bid $4, which is below the expected value of $10. This will allow me to learn more about the other bidders' perceived values and adjust my strategy accordingly."
0,Bidder Andy,11,5.0,False,5.0,0,common_value_second_gemini,V10,meta-llama/Meta-Llama-3-8B-Instruct,deep_infra,0.5,3,1,seal,second,common,0.1,1299,common_spsb.txt,2026-01-13_01-39-14-071862,01-44-23-121372,"Since this is the first round, I'll start by bidding a moderate amount to gather information about the competition. Given my private value of $11, I'll bid $5 to minimize losses in case I don't win. I'll also keep an eye on the other bidders' bids to adjust my strategy for future rounds."
0,Bidder Betty,36,24.0,True,5.0,17.0,common_value_second_gemini,V10,meta-llama/Meta-Llama-3-8B-Instruct,deep_infra,0.5,3,1,seal,second,common,0.1,1299,common_spsb.txt,2026-01-13_01-39-14-071862,01-44-23-121372,"Since this is the first round, I'll start by bidding a moderate amount to gauge the competition. Given my private value of $36, I'll bid $24, leaving room for future adjustments. I'll observe the bids and adjust my strategy accordingly in the subsequent rounds, if any."
0,Bidder Charles,10,4.0,False,5.0,0,common_value_second_gemini,V10,meta-llama/Meta-Llama-3-8B-Instruct,deep_infra,0.5,3,1,seal,second,common,0.1,1299,common_spsb.txt,2026-01-13_01-39-14-071862,01-44-23-121372,"Since this is the first round, I'll start with a conservative bid to gather information about the other bidders. I'll bid $4, which is below the expected value of $10. This will allow me to learn more about the other bidders' perceived values and adjust my strategy accordingly."
0,Bidder Andy,36,20.0,False,20.0,0,common_value_second_gemini,V10,meta-llama/Meta-Llama-3-8B-Instruct,deep_infra,0.5,3,1,seal,second,common,0.1,1299,common_spsb.txt,2026-01-13_01-39-14-071862,01-44-38-136766,"As the first round, I will start by bidding a relatively low amount to gauge the competition. Since my private value is $36, I will bid $20, which is below my perceived value. This will allow me to observe the other bidders' bids and adjust my strategy accordingly. I will also consider the possibility that the common value could be lower than my perceived value, and adjust my bid accordingly."
0,Bidder Betty,22,14.0,False,20.0,0,common_value_second_gemini,V10,meta-llama/Meta-Llama-3-8B-Instruct,deep_infra,0.5,3,1,seal,second,common,0.1,1299,common_spsb.txt,2026-01-13_01-39-14-071862,01-44-38-136766,"As this is the first round, I will start by bidding a moderate amount, taking into account my private value of $22. I will bid $14.00, which is slightly above the minimum bid but below my perceived value. This will give me a chance to win the prize and learn more about the competition's bidding strategies in future rounds."
0,Bidder Charles,22,24.5,True,20.0,8.0,common_value_second_gemini,V10,meta-llama/Meta-Llama-3-8B-Instruct,deep_infra,0.5,3,1,seal,second,common,0.1,1299,common_spsb.txt,2026-01-13_01-39-14-071862,01-44-38-136766,"As this is the first round, I will bid aggressively to maximize profit. Since my private value is $22, I will bid slightly above the average perceived value to minimize the risk of not winning. I will bid $24.50, which is above the average perceived value but not too high to avoid overpaying."
0,Bidder Andy,24,24.5,True,10.0,16.0,common_value_second_gemini,V10,meta-llama/Meta-Llama-3-8B-Instruct,deep_infra,0.5,3,1,seal,second,common,0.1,1299,common_spsb.txt,2026-01-13_01-39-14-071862,01-44-53-388876,"Since this is the first round, I'll start with a conservative bid to gauge the competition. I'll bid slightly above my perceived value, considering the noise in the perceived value. I'll aim to win the prize while keeping my bid low enough to minimize losses if I don't win. I'll observe the bids and adjust my strategy accordingly in future rounds."
0,Bidder Betty,27,5.0,False,10.0,0,common_value_second_gemini,V10,meta-llama/Meta-Llama-3-8B-Instruct,deep_infra,0.5,3,1,seal,second,common,0.1,1299,common_spsb.txt,2026-01-13_01-39-14-071862,01-44-53-388876,"Since this is the first round, I'll start by bidding a relatively low amount to gauge the competition. I'll bid $5, which is below the perceived value of $27. This will allow me to gather information about the other bidders' strategies and adjust my bidding accordingly in subsequent rounds. If I win, I'll pay $5 and earn $22. If I lose, my earnings remain unchanged."
0,Bidder Charles,15,10.0,False,10.0,0,common_value_second_gemini,V10,meta-llama/Meta-Llama-3-8B-Instruct,deep_infra,0.5,3,1,seal,second,common,0.1,1299,common_spsb.txt,2026-01-13_01-39-14-071862,01-44-53-388876,"As this is the first round, I will start by bidding a moderate amount to gauge the competition. Since my private value is $15, I will bid $10, which is below my perceived value and likely to be a relatively low bid. This will allow me to gather information about the other bidders' perceived values and adjust my strategy accordingly."
0,Bidder Andy,35,25.0,False,25.0,0,common_value_second_gemini,V10,meta-llama/Meta-Llama-3-8B-Instruct,deep_infra,0.5,3,1,seal,second,common,0.1,1299,common_spsb.txt,2026-01-13_01-39-14-071862,01-45-03-831059,"Since this is the first round, I'll start by bidding a moderate amount based on my private value. I'll aim to bid slightly higher than the average of my perceived value and the expected average bid of the other bidders. This will give me a good chance of winning while minimizing my potential loss."
0,Bidder Betty,29,25.0,True,25.0,2.0,common_value_second_gemini,V10,meta-llama/Meta-Llama-3-8B-Instruct,deep_infra,0.5,3,1,seal,second,common,0.1,1299,common_spsb.txt,2026-01-13_01-39-14-071862,01-45-03-831059,"Since this is the first round, I'll start by bidding a moderate amount to gauge the competition. Given my private value of $29, I'll aim to bid slightly above the expected average of $24.5 (midpoint of 20-29). I'll bid $25, which is a conservative opening bid that allows me to learn more about the competition."
0,Bidder Charles,9,24.0,False,25.0,0,common_value_second_gemini,V10,meta-llama/Meta-Llama-3-8B-Instruct,deep_infra,0.5,3,1,seal,second,common,0.1,1299,common_spsb.txt,2026-01-13_01-39-14-071862,01-45-03-831059,"As the first round, I'll start by bidding conservatively to learn more about the other bidders. Since my private value is $9, I'll bid slightly higher than the midpoint of the possible range, which is $24.5. I'll round down to $24 to minimize the risk of overpaying."
0,Bidder Andy,35,25.0,False,27.0,0,common_value_second_gemini,V10,meta-llama/Meta-Llama-3-8B-Instruct,deep_infra,0.5,3,1,seal,second,common,0.1,1299,common_spsb.txt,2026-01-13_01-39-14-071862,01-45-18-707171,"Since this is the first round, I'll start by bidding a moderate amount based on my private value. I'll aim to bid slightly higher than the average of my perceived value and the expected average bid of the other bidders. This will give me a good chance of winning while minimizing my potential loss."
0,Bidder Betty,31,27.0,False,27.0,0,common_value_second_gemini,V10,meta-llama/Meta-Llama-3-8B-Instruct,deep_infra,0.5,3,1,seal,second,common,0.1,1299,common_spsb.txt,2026-01-13_01-39-14-071862,01-45-18-707171,"Since this is the first round, I'll start by bidding a moderate amount to gauge the competition. Considering my private value is $31, I'll bid slightly higher to have a good chance of winning. I'll aim to bid between $20-$30 to maximize my profit."
0,Bidder Charles,27,28.1,True,27.0,0.0,common_value_second_gemini,V10,meta-llama/Meta-Llama-3-8B-Instruct,deep_infra,0.5,3,1,seal,second,common,0.1,1299,common_spsb.txt,2026-01-13_01-39-14-071862,01-45-18-707171,"Since this is the first round, I'll start by bidding conservatively, taking into account the private noise adjustment. I'll aim to bid slightly above the perceived value to account for the noise. With a perceived value of $27, I'll bid $28.1, which is a safe starting point."
0,Bidder Andy,21,10.0,False,14.0,0,common_value_second_gemini,V10,meta-llama/Meta-Llama-3-8B-Instruct,deep_infra,0.5,3,1,seal,second,common,0.1,1299,common_spsb.txt,2026-01-13_01-39-14-071862,01-45-33-571211,"Since this is the first round, I'll start by bidding a moderate amount to gauge the competition. Considering my private value is $21, I'll bid $10. This allows me to learn more about the other bidders while keeping my costs low. I'll observe their bids and adjust my strategy accordingly."
0,Bidder Betty,25,15.0,True,14.0,15.0,common_value_second_gemini,V10,meta-llama/Meta-Llama-3-8B-Instruct,deep_infra,0.5,3,1,seal,second,common,0.1,1299,common_spsb.txt,2026-01-13_01-39-14-071862,01-45-33-571211,"Given my private value of $25, I will bid strategically to maximize profit. Since this is the first round, I will start with a conservative bid to gather information. I will bid $15, which is below my private value, to test the competition and gain insight into their bidding behavior."
0,Bidder Charles,24,14.0,False,14.0,0,common_value_second_gemini,V10,meta-llama/Meta-Llama-3-8B-Instruct,deep_infra,0.5,3,1,seal,second,common,0.1,1299,common_spsb.txt,2026-01-13_01-39-14-071862,01-45-33-571211,"As this is the first round, I will start by bidding a moderate amount, $14, to gauge the competition and adjust my strategy accordingly. I will pay attention to the competing bids and adjust my bid for the next round based on the perceived value and the bidding patterns."
0,Bidder Andy,13,24.0,False,24.0,0,common_value_second_gemini,V10,meta-llama/Meta-Llama-3-8B-Instruct,deep_infra,0.5,3,1,seal,second,common,0.1,1299,common_spsb.txt,2026-01-13_01-39-14-071862,01-45-48-269525,"Since this is the first round, I'll start by bidding conservatively, taking into account the noisy private value. I'll bid slightly above my perceived value to account for potential errors. Given the range of possible true values (20-29), I'll bid $24, which is a reasonable starting point to maximize my profit in the long run."
0,Bidder Betty,7,24.0,False,24.0,0,common_value_second_gemini,V10,meta-llama/Meta-Llama-3-8B-Instruct,deep_infra,0.5,3,1,seal,second,common,0.1,1299,common_spsb.txt,2026-01-13_01-39-14-071862,01-45-48-269525,"As a new round, I'll start with a conservative bid to gather information. Since my private value is $7, I'll bid slightly above the midpoint of the possible range, which is $24.5. This will give me a chance to observe the other bidders' moves and adjust my strategy accordingly."
0,Bidder Charles,47,25.0,True,24.0,3.0,common_value_second_gemini,V10,meta-llama/Meta-Llama-3-8B-Instruct,deep_infra,0.5,3,1,seal,second,common,0.1,1299,common_spsb.txt,2026-01-13_01-39-14-071862,01-45-48-269525,"As the first round, I will bid strategically to maximize my long-term profit. Since I don't have any historical data, I will start by bidding a moderate amount, slightly above my private value, to gauge the competition. I will bid $25."
0,Bidder Andy,37,37.1,True,24.0,-1.0,common_value_second_gemini,V10,meta-llama/Meta-Llama-3-8B-Instruct,deep_infra,0.5,3,1,seal,second,common,0.1,1299,common_spsb.txt,2026-01-13_01-39-14-071862,01-46-03-198673,"Since this is the first round, I'll start with a conservative bid to gauge the competition. I'll bid slightly above my private value to account for noise and uncertainty. I'll also keep an eye on Betty and Charles' bids to adjust my strategy accordingly."
0,Bidder Betty,36,24.0,False,24.0,0,common_value_second_gemini,V10,meta-llama/Meta-Llama-3-8B-Instruct,deep_infra,0.5,3,1,seal,second,common,0.1,1299,common_spsb.txt,2026-01-13_01-39-14-071862,01-46-03-198673,"Since this is the first round, I'll start by bidding a moderate amount to gauge the competition. Given my private value of $36, I'll bid $24, leaving room for future adjustments. I'll observe the bids and adjust my strategy accordingly in the subsequent rounds, if any."
0,Bidder Charles,23,24.0,False,24.0,0,common_value_second_gemini,V10,meta-llama/Meta-Llama-3-8B-Instruct,deep_infra,0.5,3,1,seal,second,common,0.1,1299,common_spsb.txt,2026-01-13_01-39-14-071862,01-46-03-198673,"As the first round, I'll start by bidding a moderate amount to gauge the competition. Since my private value is $23, I'll aim to bid around $20-$25 to maximize my chances of winning. I'll monitor the bids and adjust accordingly to ensure a profitable outcome."
0,Bidder Andy,42,43.0,True,34.1,-12.100000000000001,common_value_second_gemini,V10,meta-llama/Meta-Llama-3-8B-Instruct,deep_infra,0.5,3,1,seal,second,common,0.1,1299,common_spsb.txt,2026-01-13_01-39-14-071862,01-46-13-942225,"Since this is the first round, I'll observe the other bidders' bids to understand their strategies. I'll start with a moderate bid, slightly above my private value, to test the waters and gauge competition. I'll aim to maximize my expected profit by balancing the risk of losing with the potential reward of winning."
0,Bidder Betty,34,34.1,False,34.1,0,common_value_second_gemini,V10,meta-llama/Meta-Llama-3-8B-Instruct,deep_infra,0.5,3,1,seal,second,common,0.1,1299,common_spsb.txt,2026-01-13_01-39-14-071862,01-46-13-942225,"As this is the first round, I will bid conservatively, considering the private noise adjustment and potential for overbidding. I will aim to bid slightly above my perceived value, taking into account the possibility of underbidding. I will observe the other bidders' behavior and adjust my strategy accordingly."
0,Bidder Charles,30,20.0,False,34.1,0,common_value_second_gemini,V10,meta-llama/Meta-Llama-3-8B-Instruct,deep_infra,0.5,3,1,seal,second,common,0.1,1299,common_spsb.txt,2026-01-13_01-39-14-071862,01-46-13-942225,"As this is the first round, I will start by bidding conservatively, taking into account the private noise adjustment. Since my perceived value is $30, I will bid $20, which is below the perceived value but still competitive. This will allow me to gauge the market and adjust my strategy accordingly in future rounds."
0,Bidder Andy,37,37.1,True,24.0,2.0,common_value_second_gemini,V10,meta-llama/Meta-Llama-3-8B-Instruct,deep_infra,0.5,3,1,seal,second,common,0.1,1299,common_spsb.txt,2026-01-13_01-39-14-071862,01-46-28-918966,"Since this is the first round, I'll start with a conservative bid to gauge the competition. I'll bid slightly above my private value to account for noise and uncertainty. I'll also keep an eye on Betty and Charles' bids to adjust my strategy accordingly."
0,Bidder Betty,15,24.0,False,24.0,0,common_value_second_gemini,V10,meta-llama/Meta-Llama-3-8B-Instruct,deep_infra,0.5,3,1,seal,second,common,0.1,1299,common_spsb.txt,2026-01-13_01-39-14-071862,01-46-28-918966,"Since this is the first round, I will start by bidding a moderate amount to gain information about the other bidders. I will bid $24, which is slightly above the perceived value of $15 but not too aggressive. This will allow me to gauge the competition and adjust my strategy for the next round."
0,Bidder Charles,44,20.0,False,24.0,0,common_value_second_gemini,V10,meta-llama/Meta-Llama-3-8B-Instruct,deep_infra,0.5,3,1,seal,second,common,0.1,1299,common_spsb.txt,2026-01-13_01-39-14-071862,01-46-28-918966,"As this is the first round, I will start by bidding a moderate amount, taking into account my private value of $44. I will bid $20, as it is a reasonable starting point. I will observe the competition's bids and adjust my strategy accordingly in future rounds."
0,Bidder Andy,20,21.0,False,24.0,0,common_value_second_gemini,V10,meta-llama/Meta-Llama-3-8B-Instruct,deep_infra,0.5,3,1,seal,second,common,0.1,1299,common_spsb.txt,2026-01-13_01-39-14-071862,01-46-39-501793,"Since this is the first round, I'll start with a conservative bid to gauge the competition. I'll bid slightly above my perceived value to account for potential noise in the other bidders' values. I'll also keep an eye on the other bidders' bids to adjust my strategy accordingly."
0,Bidder Betty,15,24.0,True,24.0,1.0,common_value_second_gemini,V10,meta-llama/Meta-Llama-3-8B-Instruct,deep_infra,0.5,3,1,seal,second,common,0.1,1299,common_spsb.txt,2026-01-13_01-39-14-071862,01-46-39-501793,"Since this is the first round, I will start by bidding a moderate amount to gain information about the other bidders. I will bid $24, which is slightly above the perceived value of $15 but not too aggressive. This will allow me to gauge the competition and adjust my strategy for the next round."
0,Bidder Charles,12,24.0,False,24.0,0,common_value_second_gemini,V10,meta-llama/Meta-Llama-3-8B-Instruct,deep_infra,0.5,3,1,seal,second,common,0.1,1299,common_spsb.txt,2026-01-13_01-39-14-071862,01-46-39-501793,"Since this is the first round, I'll start by bidding conservatively, considering the noisy private value. I'll bid below my perceived value to leave room for potential adjustments in future rounds. I'll aim for a bid that's slightly above the midpoint of the possible range, to balance risk and potential profit."
0,Bidder Andy,42,43.0,True,24.0,5.0,common_value_second_gemini,V10,meta-llama/Meta-Llama-3-8B-Instruct,deep_infra,0.5,3,1,seal,second,common,0.1,1299,common_spsb.txt,2026-01-13_01-39-14-071862,01-46-50-003568,"Since this is the first round, I'll observe the other bidders' bids to understand their strategies. I'll start with a moderate bid, slightly above my private value, to test the waters and gauge competition. I'll aim to maximize my expected profit by balancing the risk of losing with the potential reward of winning."
0,Bidder Betty,40,24.0,False,24.0,0,common_value_second_gemini,V10,meta-llama/Meta-Llama-3-8B-Instruct,deep_infra,0.5,3,1,seal,second,common,0.1,1299,common_spsb.txt,2026-01-13_01-39-14-071862,01-46-50-003568,"Since this is the first round, I'll start by bidding a moderate amount, considering my private value of $40. I'll aim to bid slightly higher than the midpoint of the possible range, which is $24.5. This will give me a good chance of winning while minimizing the risk of overpaying. I'll bid $24."
0,Bidder Charles,33,14.0,False,24.0,0,common_value_second_gemini,V10,meta-llama/Meta-Llama-3-8B-Instruct,deep_infra,0.5,3,1,seal,second,common,0.1,1299,common_spsb.txt,2026-01-13_01-39-14-071862,01-46-50-003568,"Since this is the first round, I will start by bidding cautiously to learn more about the other bidders' perceived values. I will bid a moderate amount, $14, to test the waters and gather information. I will then observe the other bidders' bids and adjust my strategy accordingly for the next round."
0,Bidder Andy,24,24.5,True,20.0,0.0,common_value_second_gemini,V10,meta-llama/Meta-Llama-3-8B-Instruct,deep_infra,0.5,3,1,seal,second,common,0.1,1299,common_spsb.txt,2026-01-13_01-39-14-071862,01-47-05-041251,"Since this is the first round, I'll start with a conservative bid to gauge the competition. I'll bid slightly above my perceived value, considering the noise in the perceived value. I'll aim to win the prize while keeping my bid low enough to minimize losses if I don't win. I'll observe the bids and adjust my strategy accordingly in future rounds."
0,Bidder Betty,11,20.0,False,20.0,0,common_value_second_gemini,V10,meta-llama/Meta-Llama-3-8B-Instruct,deep_infra,0.5,3,1,seal,second,common,0.1,1299,common_spsb.txt,2026-01-13_01-39-14-071862,01-47-05-041251,"Since this is the first round, I'll start by bidding a moderate amount to gauge the competition. Given my private value of $11, I'll bid $20, which is slightly above the noise adjustment range. This will allow me to observe the other bidders' responses and adjust my strategy accordingly."
0,Bidder Charles,24,14.0,False,20.0,0,common_value_second_gemini,V10,meta-llama/Meta-Llama-3-8B-Instruct,deep_infra,0.5,3,1,seal,second,common,0.1,1299,common_spsb.txt,2026-01-13_01-39-14-071862,01-47-05-041251,"As this is the first round, I will start by bidding a moderate amount, $14, to gauge the competition and adjust my strategy accordingly. I will pay attention to the competing bids and adjust my bid for the next round based on the perceived value and the bidding patterns."
0,Bidder Andy,29,15.0,False,24.0,0,common_value_second_gemini,V10,meta-llama/Meta-Llama-3-8B-Instruct,deep_infra,0.5,3,1,seal,second,common,0.1,1299,common_spsb.txt,2026-01-13_01-39-14-071862,01-47-15-555843,"Since this is the first round, I'll start by bidding a moderate amount to gauge the competition. Given my private value is $29, I'll bid $15 to leave room for adjustment in future rounds. I'll observe the other bidders' bids to refine my strategy and make more informed decisions for the next round."
0,Bidder Betty,47,24.0,True,24.0,3.0,common_value_second_gemini,V10,meta-llama/Meta-Llama-3-8B-Instruct,deep_infra,0.5,3,1,seal,second,common,0.1,1299,common_spsb.txt,2026-01-13_01-39-14-071862,01-47-15-555843,"Since this is the first round, I'll start by bidding conservatively to gather information. I'll bid $24, which is slightly above the minimum bid of $0.10 but below the midpoint of the possible range. This will allow me to learn more about the other bidders' perceived values and adjust my strategy accordingly."
0,Bidder Charles,12,24.0,False,24.0,0,common_value_second_gemini,V10,meta-llama/Meta-Llama-3-8B-Instruct,deep_infra,0.5,3,1,seal,second,common,0.1,1299,common_spsb.txt,2026-01-13_01-39-14-071862,01-47-15-555843,"Since this is the first round, I'll start by bidding conservatively, considering the noisy private value. I'll bid below my perceived value to leave room for potential adjustments in future rounds. I'll aim for a bid that's slightly above the midpoint of the possible range, to balance risk and potential profit."
0,Bidder Andy,11,5.0,False,14.0,0,common_value_second_gemini,V10,meta-llama/Meta-Llama-3-8B-Instruct,deep_infra,0.5,3,1,seal,second,common,0.1,1299,common_spsb.txt,2026-01-13_01-39-14-071862,01-47-26-173677,"Since this is the first round, I'll start by bidding a moderate amount to gather information about the competition. Given my private value of $11, I'll bid $5 to minimize losses in case I don't win. I'll also keep an eye on the other bidders' bids to adjust my strategy for future rounds."
0,Bidder Betty,8,14.0,False,14.0,0,common_value_second_gemini,V10,meta-llama/Meta-Llama-3-8B-Instruct,deep_infra,0.5,3,1,seal,second,common,0.1,1299,common_spsb.txt,2026-01-13_01-39-14-071862,01-47-26-173677,"Since it's the first round, I'll start by bidding a moderate amount to gauge the competition. I'll bid $14, which is slightly above the noise adjustment range, but not too aggressive. This will allow me to gather information about the other bidders while keeping my costs relatively low."
0,Bidder Charles,35,34.9,True,14.0,13.0,common_value_second_gemini,V10,meta-llama/Meta-Llama-3-8B-Instruct,deep_infra,0.5,3,1,seal,second,common,0.1,1299,common_spsb.txt,2026-01-13_01-39-14-071862,01-47-26-173677,"As this is the first round, I'll start by bidding conservatively to gather information. I'll bid slightly above my perceived value to account for noise. I'll also consider the possibility that the other bidders may be bidding based on their perceived values, not the true value. My goal is to maximize my expected profit."
0,Bidder Andy,44,20.0,True,15.0,13.0,common_value_second_gemini,V10,meta-llama/Meta-Llama-3-8B-Instruct,deep_infra,0.5,3,1,seal,second,common,0.1,1299,common_spsb.txt,2026-01-13_01-39-14-071862,01-47-40-982867,"As this is the first round, I'll start by bidding a moderate amount to gauge the competition. Since my private value is $44, I'll bid $20 to leave room for adjustment in future rounds. I'll also pay attention to the other bidders' bids to adjust my strategy accordingly."
0,Bidder Betty,12,15.0,False,15.0,0,common_value_second_gemini,V10,meta-llama/Meta-Llama-3-8B-Instruct,deep_infra,0.5,3,1,seal,second,common,0.1,1299,common_spsb.txt,2026-01-13_01-39-14-071862,01-47-40-982867,"Since this is the first round, I'll start by bidding a relatively low amount to gauge the competition. Considering my private value is $12, I'll bid $15 to leave room for future adjustments. I'll monitor the bids and adjust my strategy accordingly in subsequent rounds."
0,Bidder Charles,16,10.0,False,15.0,0,common_value_second_gemini,V10,meta-llama/Meta-Llama-3-8B-Instruct,deep_infra,0.5,3,1,seal,second,common,0.1,1299,common_spsb.txt,2026-01-13_01-39-14-071862,01-47-40-982867,"Since this is the first round, I'll start with a conservative bid to gauge the competition. I'll bid $10, aiming to win the prize while minimizing my potential loss. I'll monitor the feedback from this round to adjust my strategy for subsequent rounds."
0,Bidder Andy,14,24.0,True,15.0,13.0,common_value_second_gemini,V10,meta-llama/Meta-Llama-3-8B-Instruct,deep_infra,0.5,3,1,seal,second,common,0.1,1299,common_spsb.txt,2026-01-13_01-39-14-071862,01-47-55-883325,"Given my private value of $14, I will focus on maximizing my expected profit. Since this is the first round, there is no history to learn from. I will start by bidding a moderate amount, $24, to gauge the competition and leave room for future adjustments."
0,Bidder Betty,25,15.0,False,15.0,0,common_value_second_gemini,V10,meta-llama/Meta-Llama-3-8B-Instruct,deep_infra,0.5,3,1,seal,second,common,0.1,1299,common_spsb.txt,2026-01-13_01-39-14-071862,01-47-55-883325,"Given my private value of $25, I will bid strategically to maximize profit. Since this is the first round, I will start with a conservative bid to gather information. I will bid $15, which is below my private value, to test the competition and gain insight into their bidding behavior."
0,Bidder Charles,18,15.0,False,15.0,0,common_value_second_gemini,V10,meta-llama/Meta-Llama-3-8B-Instruct,deep_infra,0.5,3,1,seal,second,common,0.1,1299,common_spsb.txt,2026-01-13_01-39-14-071862,01-47-55-883325,"Since this is the first round, I will start by bidding a moderate amount, considering the private noise adjustment. Given my perceived value of $18, I will bid $15 to leave room for adjustments in subsequent rounds. I will also keep an eye on the other bidders' bids to adjust my strategy accordingly."
0,Bidder Andy,43,42.9,True,25.0,4.0,common_value_second_gemini,V10,meta-llama/Meta-Llama-3-8B-Instruct,deep_infra,0.5,3,1,seal,second,common,0.1,1299,common_spsb.txt,2026-01-13_01-39-14-071862,01-48-06-334156,"Since this is the first round, I'll focus on learning the true value of the prize. I'll bid slightly above my private value to account for the noise in the perceived value. I'll start with a bid of $42.9, which is 0.1 above my private value, to test the waters and gather information."
0,Bidder Betty,32,24.9,False,25.0,0,common_value_second_gemini,V10,meta-llama/Meta-Llama-3-8B-Instruct,deep_infra,0.5,3,1,seal,second,common,0.1,1299,common_spsb.txt,2026-01-13_01-39-14-071862,01-48-06-334156,"As the first round, I'll start by bidding a moderate amount to gauge the competition. Since my private value is $32, I'll bid slightly above the midpoint of the possible range. I'll aim for a bid that's likely to be higher than the other bidders' perceived values, while keeping an eye on the potential for a tie."
0,Bidder Charles,45,25.0,False,25.0,0,common_value_second_gemini,V10,meta-llama/Meta-Llama-3-8B-Instruct,deep_infra,0.5,3,1,seal,second,common,0.1,1299,common_spsb.txt,2026-01-13_01-39-14-071862,01-48-06-334156,"Since this is the first round, I will start by bidding a moderate amount to gauge the competition. Given my private value of $45, I will aim to bid slightly above the midpoint of the possible range, which is $24.5. I will bid $25 to balance the risk of underbidding and overbidding."
0,Bidder Andy,22,24.0,True,15.0,10.0,common_value_second_gemini,V10,meta-llama/Meta-Llama-3-8B-Instruct,deep_infra,0.5,3,1,seal,second,common,0.1,1299,common_spsb.txt,2026-01-13_01-39-14-071862,01-48-21-339431,"Since this is the first round, I'll start by bidding a moderate amount to gauge the competition. Given my private value of $22, I'll aim to bid slightly above the expected average value. I'll also keep an eye on the other bidders' bids to adjust my strategy accordingly."
0,Bidder Betty,35,15.0,False,15.0,0,common_value_second_gemini,V10,meta-llama/Meta-Llama-3-8B-Instruct,deep_infra,0.5,3,1,seal,second,common,0.1,1299,common_spsb.txt,2026-01-13_01-39-14-071862,01-48-21-339431,"Since this is the first round, I'll start by bidding a moderate amount to gauge the competition. I'll bid $15, which is low enough to have a good chance of winning, but high enough to show my interest. I'll also keep an eye on the other bidders' strategies to adjust my bidding in subsequent rounds."
0,Bidder Charles,33,14.0,False,15.0,0,common_value_second_gemini,V10,meta-llama/Meta-Llama-3-8B-Instruct,deep_infra,0.5,3,1,seal,second,common,0.1,1299,common_spsb.txt,2026-01-13_01-39-14-071862,01-48-21-339431,"Since this is the first round, I will start by bidding cautiously to learn more about the other bidders' perceived values. I will bid a moderate amount, $14, to test the waters and gather information. I will then observe the other bidders' bids and adjust my strategy accordingly for the next round."
0,Bidder Andy,20,21.0,True,5.1,17.9,common_value_second_gemini,V10,meta-llama/Meta-Llama-3-8B-Instruct,deep_infra,0.5,3,1,seal,second,common,0.1,1299,common_spsb.txt,2026-01-13_01-39-14-071862,01-48-36-342883,"Since this is the first round, I'll start with a conservative bid to gauge the competition. I'll bid slightly above my perceived value to account for potential noise in the other bidders' values. I'll also keep an eye on the other bidders' bids to adjust my strategy accordingly."
0,Bidder Betty,5,5.1,False,5.1,0,common_value_second_gemini,V10,meta-llama/Meta-Llama-3-8B-Instruct,deep_infra,0.5,3,1,seal,second,common,0.1,1299,common_spsb.txt,2026-01-13_01-39-14-071862,01-48-36-342883,"As the first round, I will observe the bids from other players and adjust my strategy accordingly. Since my private value is $5, I will start with a bid of $5.1 to ensure I have a chance to win. I will monitor the competition and adjust my bid in subsequent rounds to maximize my profit."
0,Bidder Charles,5,3.1,False,5.1,0,common_value_second_gemini,V10,meta-llama/Meta-Llama-3-8B-Instruct,deep_infra,0.5,3,1,seal,second,common,0.1,1299,common_spsb.txt,2026-01-13_01-39-14-071862,01-48-36-342883,"Since it's the first round, I'll start by bidding a moderate amount based on my perceived value. I'll bid $3.10, which is slightly higher than my private value to account for potential competition. I'll also keep an eye on the other bidders' moves to adjust my strategy accordingly."
0,Bidder Andy,39,24.5,True,24.5,0.5,common_value_second_gemini,V10,meta-llama/Meta-Llama-3-8B-Instruct,deep_infra,0.5,3,1,seal,second,common,0.1,1299,common_spsb.txt,2026-01-13_01-39-14-071862,01-48-47-413809,"As this is the first round, I will start with a conservative bid to minimize losses. Since my private value is $39, I will bid slightly above the midpoint to maximize my chances of winning. I will bid $24.50, which is close to the midpoint of $20-49 range."
0,Bidder Betty,15,24.0,False,24.5,0,common_value_second_gemini,V10,meta-llama/Meta-Llama-3-8B-Instruct,deep_infra,0.5,3,1,seal,second,common,0.1,1299,common_spsb.txt,2026-01-13_01-39-14-071862,01-48-47-413809,"Since this is the first round, I will start by bidding a moderate amount to gain information about the other bidders. I will bid $24, which is slightly above the perceived value of $15 but not too aggressive. This will allow me to gauge the competition and adjust my strategy for the next round."
0,Bidder Charles,22,24.5,False,24.5,0,common_value_second_gemini,V10,meta-llama/Meta-Llama-3-8B-Instruct,deep_infra,0.5,3,1,seal,second,common,0.1,1299,common_spsb.txt,2026-01-13_01-39-14-071862,01-48-47-413809,"As this is the first round, I will bid aggressively to maximize profit. Since my private value is $22, I will bid slightly above the average perceived value to minimize the risk of not winning. I will bid $24.50, which is above the average perceived value but not too high to avoid overpaying."
0,Bidder Andy,30,24.9,True,24.5,2.5,common_value_second_gemini,V10,meta-llama/Meta-Llama-3-8B-Instruct,deep_infra,0.5,3,1,seal,second,common,0.1,1299,common_spsb.txt,2026-01-13_01-39-14-071862,01-48-57-940193,"Since this is the first round, I'll start by bidding a moderate amount to gauge the competition. Given my private value of $30, I'll bid slightly above the midpoint of the possible range to maximize my chances of winning. I'll aim for a bid of $24.9, which is aggressive but not overly optimistic."
0,Bidder Betty,43,10.0,False,24.5,0,common_value_second_gemini,V10,meta-llama/Meta-Llama-3-8B-Instruct,deep_infra,0.5,3,1,seal,second,common,0.1,1299,common_spsb.txt,2026-01-13_01-39-14-071862,01-48-57-940193,"Since this is the first round, I'll start with a conservative bid to gauge the competition. I'll bid $10, which is low enough to minimize potential losses if I don't win, but still allows me to learn from the other bidders' responses. I'll analyze the bids and adjust my strategy accordingly for the next round."
0,Bidder Charles,26,24.5,False,24.5,0,common_value_second_gemini,V10,meta-llama/Meta-Llama-3-8B-Instruct,deep_infra,0.5,3,1,seal,second,common,0.1,1299,common_spsb.txt,2026-01-13_01-39-14-071862,01-48-57-940193,"As this is the first round, I'll start by bidding cautiously and observing the competition. Since my private value is $26, I'll bid slightly higher than the midpoint of the possible range ($24.5) to account for the noise in the perceived value. I'll bid $24.50, aiming to learn more about the competition's values and adjust my strategy accordingly."
0,Bidder Andy,24,24.5,True,20.0,1.0,common_value_second_gemini,V10,meta-llama/Meta-Llama-3-8B-Instruct,deep_infra,0.5,3,1,seal,second,common,0.1,1299,common_spsb.txt,2026-01-13_01-39-14-071862,01-49-12-797924,"Since this is the first round, I'll start with a conservative bid to gauge the competition. I'll bid slightly above my perceived value, considering the noise in the perceived value. I'll aim to win the prize while keeping my bid low enough to minimize losses if I don't win. I'll observe the bids and adjust my strategy accordingly in future rounds."
0,Bidder Betty,33,10.0,False,20.0,0,common_value_second_gemini,V10,meta-llama/Meta-Llama-3-8B-Instruct,deep_infra,0.5,3,1,seal,second,common,0.1,1299,common_spsb.txt,2026-01-13_01-39-14-071862,01-49-12-797924,"Since this is the first round, I'll start by bidding $10. This is a conservative bid, allowing me to learn more about the other bidders' behavior. I'll also keep in mind that my private value is $33, so I'm willing to pay up to $23 to win."
0,Bidder Charles,28,20.0,False,20.0,0,common_value_second_gemini,V10,meta-llama/Meta-Llama-3-8B-Instruct,deep_infra,0.5,3,1,seal,second,common,0.1,1299,common_spsb.txt,2026-01-13_01-39-14-071862,01-49-12-797924,"As this is the first round, I'll start by bidding conservatively, considering the private noise adjustment. Since my perceived value is $28, I'll bid $20, which is lower than my perceived value but still competitive. I'll monitor the other bidders' bids and adjust my strategy accordingly in subsequent rounds."
0,Bidder Andy,27,27.5,True,17.0,8.0,common_value_second_gemini,V10,meta-llama/Meta-Llama-3-8B-Instruct,deep_infra,0.5,3,1,seal,second,common,0.1,1299,common_spsb.txt,2026-01-13_01-39-14-071862,01-49-27-553584,"Since this is the first round, I'll start by bidding a moderate amount based on my perceived value. I'll bid slightly higher than my private value to account for the noise in the perceived value. I'll also keep an eye on the other bidders' bids to adjust my strategy in future rounds if needed."
0,Bidder Betty,18,17.0,False,17.0,0,common_value_second_gemini,V10,meta-llama/Meta-Llama-3-8B-Instruct,deep_infra,0.5,3,1,seal,second,common,0.1,1299,common_spsb.txt,2026-01-13_01-39-14-071862,01-49-27-553584,"As the first round, I'll start by bidding conservatively to gauge the competition. Since my private value is $18, I'll bid slightly higher to account for noise. I'll aim for a bid between $15 and $20 to maximize my expected profit."
0,Bidder Charles,20,14.0,False,17.0,0,common_value_second_gemini,V10,meta-llama/Meta-Llama-3-8B-Instruct,deep_infra,0.5,3,1,seal,second,common,0.1,1299,common_spsb.txt,2026-01-13_01-39-14-071862,01-49-27-553584,"Since it's the first round, I'll start by bidding a moderate amount to gauge the competition. I'll bid $14, which is below my perceived value of $20. This will allow me to gather information about the other bidders' perceived values and adjust my strategy accordingly."
0,Bidder Andy,37,37.1,True,20.0,6.0,common_value_second_gemini,V10,meta-llama/Meta-Llama-3-8B-Instruct,deep_infra,0.5,3,1,seal,second,common,0.1,1299,common_spsb.txt,2026-01-13_01-39-14-071862,01-49-42-490264,"Since this is the first round, I'll start with a conservative bid to gauge the competition. I'll bid slightly above my private value to account for noise and uncertainty. I'll also keep an eye on Betty and Charles' bids to adjust my strategy accordingly."
0,Bidder Betty,30,20.0,False,20.0,0,common_value_second_gemini,V10,meta-llama/Meta-Llama-3-8B-Instruct,deep_infra,0.5,3,1,seal,second,common,0.1,1299,common_spsb.txt,2026-01-13_01-39-14-071862,01-49-42-490264,"Since this is the first round, I'll start by bidding a moderate amount to gauge the competition. Given my private value of $30, I'll bid $20, which is below my perceived value. This will allow me to observe the other bidders' behavior and adjust my strategy accordingly. I'll also keep in mind that the true value is equal to the common value, which is unknown at this point."
0,Bidder Charles,20,14.0,False,20.0,0,common_value_second_gemini,V10,meta-llama/Meta-Llama-3-8B-Instruct,deep_infra,0.5,3,1,seal,second,common,0.1,1299,common_spsb.txt,2026-01-13_01-39-14-071862,01-49-42-490264,"Since it's the first round, I'll start by bidding a moderate amount to gauge the competition. I'll bid $14, which is below my perceived value of $20. This will allow me to gather information about the other bidders' perceived values and adjust my strategy accordingly."
0,Bidder Andy,41,41.1,True,25.0,-4.0,common_value_second_gemini,V10,meta-llama/Meta-Llama-3-8B-Instruct,deep_infra,0.5,3,1,seal,second,common,0.1,1299,common_spsb.txt,2026-01-13_01-39-14-071862,01-49-53-113323,"Since this is the first round, I'll start by bidding based on my perceived value. I'll adjust my bid upwards slightly to account for the noise in the perceived value. I'll bid aggressively to maximize my profit potential, but not so high that I risk losing."
0,Bidder Betty,29,25.0,False,25.0,0,common_value_second_gemini,V10,meta-llama/Meta-Llama-3-8B-Instruct,deep_infra,0.5,3,1,seal,second,common,0.1,1299,common_spsb.txt,2026-01-13_01-39-14-071862,01-49-53-113323,"Since this is the first round, I'll start by bidding a moderate amount to gauge the competition. Given my private value of $29, I'll aim to bid slightly above the expected average of $24.5 (midpoint of 20-29). I'll bid $25, which is a conservative opening bid that allows me to learn more about the competition."
0,Bidder Charles,34,24.0,False,25.0,0,common_value_second_gemini,V10,meta-llama/Meta-Llama-3-8B-Instruct,deep_infra,0.5,3,1,seal,second,common,0.1,1299,common_spsb.txt,2026-01-13_01-39-14-071862,01-49-53-113323,"Since this is the first round, I'll start by bidding a moderate amount to gauge the competition. Considering my private value is $34, I'll bid $24, which is slightly below my perceived value. This will allow me to learn from the other bidders' responses and adjust my strategy accordingly."
0,Bidder Andy,12,4.0,False,14.0,0,common_value_second_gemini,V10,meta-llama/Meta-Llama-3-8B-Instruct,deep_infra,0.5,3,1,seal,second,common,0.1,1299,common_spsb.txt,2026-01-13_01-39-14-071862,01-50-08-020677,"Since this is the first round, I'll start with a conservative bid to gather information. I'll bid $4, which is below the perceived value of $12. This will allow me to observe the competition's bids and adjust my strategy accordingly. I'll also keep in mind that the true value is the common value, which is unknown to me."
0,Bidder Betty,8,14.0,False,14.0,0,common_value_second_gemini,V10,meta-llama/Meta-Llama-3-8B-Instruct,deep_infra,0.5,3,1,seal,second,common,0.1,1299,common_spsb.txt,2026-01-13_01-39-14-071862,01-50-08-020677,"Since it's the first round, I'll start by bidding a moderate amount to gauge the competition. I'll bid $14, which is slightly above the noise adjustment range, but not too aggressive. This will allow me to gather information about the other bidders while keeping my costs relatively low."
0,Bidder Charles,11,20.0,True,14.0,10.0,common_value_second_gemini,V10,meta-llama/Meta-Llama-3-8B-Instruct,deep_infra,0.5,3,1,seal,second,common,0.1,1299,common_spsb.txt,2026-01-13_01-39-14-071862,01-50-08-020677,"Since this is the first round, I will start by bidding a moderate amount to gather information about the other bidders' perceived values. Given my private value of $11, I will bid $20, which is higher than my private value but not too aggressive. This will allow me to gauge the other bidders' bids and adjust my strategy accordingly."
0,Bidder Andy,42,43.0,True,24.0,3.0,common_value_second_gemini,V10,meta-llama/Meta-Llama-3-8B-Instruct,deep_infra,0.5,3,1,seal,second,common,0.1,1299,common_spsb.txt,2026-01-13_01-39-14-071862,01-50-22-983272,"Since this is the first round, I'll observe the other bidders' bids to understand their strategies. I'll start with a moderate bid, slightly above my private value, to test the waters and gauge competition. I'll aim to maximize my expected profit by balancing the risk of losing with the potential reward of winning."
0,Bidder Betty,21,10.0,False,24.0,0,common_value_second_gemini,V10,meta-llama/Meta-Llama-3-8B-Instruct,deep_infra,0.5,3,1,seal,second,common,0.1,1299,common_spsb.txt,2026-01-13_01-39-14-071862,01-50-22-983272,"Since this is the first round, I'll start by bidding a moderate amount to gauge the competition. With a perceived value of $21, I'll bid $10. This allows me to stay within the optimal range while also being cautious and leaving room for adjustments in subsequent rounds."
0,Bidder Charles,9,24.0,False,24.0,0,common_value_second_gemini,V10,meta-llama/Meta-Llama-3-8B-Instruct,deep_infra,0.5,3,1,seal,second,common,0.1,1299,common_spsb.txt,2026-01-13_01-39-14-071862,01-50-22-983272,"As the first round, I'll start by bidding conservatively to learn more about the other bidders. Since my private value is $9, I'll bid slightly higher than the midpoint of the possible range, which is $24.5. I'll round down to $24 to minimize the risk of overpaying."
0,Bidder Andy,15,20.0,False,20.0,0,common_value_second_gemini,V10,meta-llama/Meta-Llama-3-8B-Instruct,deep_infra,0.5,3,1,seal,second,common,0.1,1299,common_spsb.txt,2026-01-13_01-39-14-071862,01-50-37-899902,"Since this is the first round, I will start by bidding a moderate amount to gauge the competition. Given my private value of $15, I will bid $20, which is slightly above the noise adjustment. This should give me a good chance of winning without overpaying."
0,Bidder Betty,19,20.0,False,20.0,0,common_value_second_gemini,V10,meta-llama/Meta-Llama-3-8B-Instruct,deep_infra,0.5,3,1,seal,second,common,0.1,1299,common_spsb.txt,2026-01-13_01-39-14-071862,01-50-37-899902,"Since this is the first round, I'll start by bidding a moderate amount to gauge the competition. Given my private value of $19, I'll bid $20, which is slightly above the perceived value. This allows me to have a good chance of winning while keeping the cost low."
0,Bidder Charles,35,34.9,True,20.0,6.0,common_value_second_gemini,V10,meta-llama/Meta-Llama-3-8B-Instruct,deep_infra,0.5,3,1,seal,second,common,0.1,1299,common_spsb.txt,2026-01-13_01-39-14-071862,01-50-37-899902,"As this is the first round, I'll start by bidding conservatively to gather information. I'll bid slightly above my perceived value to account for noise. I'll also consider the possibility that the other bidders may be bidding based on their perceived values, not the true value. My goal is to maximize my expected profit."
0,Bidder Andy,18,25.0,True,24.9,-4.899999999999999,common_value_second_gemini,V10,meta-llama/Meta-Llama-3-8B-Instruct,deep_infra,0.5,3,1,seal,second,common,0.1,1299,common_spsb.txt,2026-01-13_01-39-14-071862,01-50-52-639685,"Since it's the first round, I'll start by bidding a moderate amount to gauge the competition. Given my private value of $18, I'll aim to bid slightly above the expected average value of $24.5 (calculated by averaging the range of possible common values). I'll bid $25 to balance the risk of overpaying with the potential reward of winning."
0,Bidder Betty,39,24.9,False,24.9,0,common_value_second_gemini,V10,meta-llama/Meta-Llama-3-8B-Instruct,deep_infra,0.5,3,1,seal,second,common,0.1,1299,common_spsb.txt,2026-01-13_01-39-14-071862,01-50-52-639685,"Since this is the first round, I'll start by bidding a moderate amount to gauge the competition. Considering my private value is $39, I'll bid slightly above the midpoint to account for noise. I'll aim to maximize my expected profit by bidding $24.9, which is a reasonable starting point to learn from the competition."
0,Bidder Charles,23,24.0,False,24.9,0,common_value_second_gemini,V10,meta-llama/Meta-Llama-3-8B-Instruct,deep_infra,0.5,3,1,seal,second,common,0.1,1299,common_spsb.txt,2026-01-13_01-39-14-071862,01-50-52-639685,"As the first round, I'll start by bidding a moderate amount to gauge the competition. Since my private value is $23, I'll aim to bid around $20-$25 to maximize my chances of winning. I'll monitor the bids and adjust accordingly to ensure a profitable outcome."
0,Bidder Andy,8,10.0,False,10.0,0,common_value_second_gemini,V10,meta-llama/Meta-Llama-3-8B-Instruct,deep_infra,0.5,3,1,seal,second,common,0.1,1299,common_spsb.txt,2026-01-13_01-39-14-071862,01-51-07-704519,"Since this is the first round, I'll start by bidding a moderate amount to gauge the competition. Given my private value of $8, I'll bid $10, which is slightly above the noise adjustment. This will allow me to observe the bidding patterns of the other players and adjust my strategy accordingly."
0,Bidder Betty,21,10.0,False,10.0,0,common_value_second_gemini,V10,meta-llama/Meta-Llama-3-8B-Instruct,deep_infra,0.5,3,1,seal,second,common,0.1,1299,common_spsb.txt,2026-01-13_01-39-14-071862,01-51-07-704519,"Since this is the first round, I'll start by bidding a moderate amount to gauge the competition. With a perceived value of $21, I'll bid $10. This allows me to stay within the optimal range while also being cautious and leaving room for adjustments in subsequent rounds."
0,Bidder Charles,40,20.0,True,10.0,17.0,common_value_second_gemini,V10,meta-llama/Meta-Llama-3-8B-Instruct,deep_infra,0.5,3,1,seal,second,common,0.1,1299,common_spsb.txt,2026-01-13_01-39-14-071862,01-51-07-704519,"Since this is the first round, I will start by bidding a moderate amount to gauge the competition. I will bid $20, which is a reasonable starting point. I will observe the other bidders' bids and adjust my strategy accordingly in subsequent rounds."
0,Bidder Andy,8,10.0,False,10.0,0,common_value_second_gemini,V10,meta-llama/Meta-Llama-3-8B-Instruct,deep_infra,0.5,3,1,seal,second,common,0.1,1299,common_spsb.txt,2026-01-13_01-39-14-071862,01-51-22-972091,"Since this is the first round, I'll start by bidding a moderate amount to gauge the competition. Given my private value of $8, I'll bid $10, which is slightly above the noise adjustment. This will allow me to observe the bidding patterns of the other players and adjust my strategy accordingly."
0,Bidder Betty,6,1.0,False,10.0,0,common_value_second_gemini,V10,meta-llama/Meta-Llama-3-8B-Instruct,deep_infra,0.5,3,1,seal,second,common,0.1,1299,common_spsb.txt,2026-01-13_01-39-14-071862,01-51-22-972091,"In Round 1, I will bid based on my private value, considering the noise adjustment. Since my perceived value is $6, I will bid a small amount to minimize the risk of overbidding. I will bid a conservative $1.00 to test the market and gather information for future rounds."
0,Bidder Charles,38,39.0,True,10.0,12.0,common_value_second_gemini,V10,meta-llama/Meta-Llama-3-8B-Instruct,deep_infra,0.5,3,1,seal,second,common,0.1,1299,common_spsb.txt,2026-01-13_01-39-14-071862,01-51-22-972091,"Since this is the first round, I will start by bidding conservatively, taking into account the private noise adjustment. I will bid slightly above my perceived value to account for potential noise. Given my private value is $38, I will bid $39.00."
0,Bidder Andy,32,20.0,False,20.0,0,common_value_second_gemini,V10,meta-llama/Meta-Llama-3-8B-Instruct,deep_infra,0.5,3,1,seal,second,common,0.1,1299,common_spsb.txt,2026-01-13_01-39-14-071862,01-51-37-747123,"Since this is the first round, I'll start by bidding a moderate amount to gauge the competition. Given my perceived value of $32, I'll bid $20 to test the waters. This amount is low enough to be competitive, but high enough to show my interest in the prize. I'll analyze the other bidders' bids and adjust my strategy accordingly."
0,Bidder Betty,6,1.0,False,20.0,0,common_value_second_gemini,V10,meta-llama/Meta-Llama-3-8B-Instruct,deep_infra,0.5,3,1,seal,second,common,0.1,1299,common_spsb.txt,2026-01-13_01-39-14-071862,01-51-37-747123,"In Round 1, I will bid based on my private value, considering the noise adjustment. Since my perceived value is $6, I will bid a small amount to minimize the risk of overbidding. I will bid a conservative $1.00 to test the market and gather information for future rounds."
0,Bidder Charles,38,39.0,True,20.0,4.0,common_value_second_gemini,V10,meta-llama/Meta-Llama-3-8B-Instruct,deep_infra,0.5,3,1,seal,second,common,0.1,1299,common_spsb.txt,2026-01-13_01-39-14-071862,01-51-37-747123,"Since this is the first round, I will start by bidding conservatively, taking into account the private noise adjustment. I will bid slightly above my perceived value to account for potential noise. Given my private value is $38, I will bid $39.00."
0,Bidder Andy,41,41.1,True,34.9,-11.899999999999999,common_value_second_gemini,V10,meta-llama/Meta-Llama-3-8B-Instruct,deep_infra,0.5,3,1,seal,second,common,0.1,1299,common_spsb.txt,2026-01-13_01-39-14-071862,01-51-48-332974,"Since this is the first round, I'll start by bidding based on my perceived value. I'll adjust my bid upwards slightly to account for the noise in the perceived value. I'll bid aggressively to maximize my profit potential, but not so high that I risk losing."
0,Bidder Betty,33,10.0,False,34.9,0,common_value_second_gemini,V10,meta-llama/Meta-Llama-3-8B-Instruct,deep_infra,0.5,3,1,seal,second,common,0.1,1299,common_spsb.txt,2026-01-13_01-39-14-071862,01-51-48-332974,"Since this is the first round, I'll start by bidding $10. This is a conservative bid, allowing me to learn more about the other bidders' behavior. I'll also keep in mind that my private value is $33, so I'm willing to pay up to $23 to win."
0,Bidder Charles,35,34.9,False,34.9,0,common_value_second_gemini,V10,meta-llama/Meta-Llama-3-8B-Instruct,deep_infra,0.5,3,1,seal,second,common,0.1,1299,common_spsb.txt,2026-01-13_01-39-14-071862,01-51-48-332974,"As this is the first round, I'll start by bidding conservatively to gather information. I'll bid slightly above my perceived value to account for noise. I'll also consider the possibility that the other bidders may be bidding based on their perceived values, not the true value. My goal is to maximize my expected profit."
0,Bidder Andy,15,20.0,True,10.0,18.0,common_value_second_gemini,V10,meta-llama/Meta-Llama-3-8B-Instruct,deep_infra,0.5,3,1,seal,second,common,0.1,1299,common_spsb.txt,2026-01-13_01-39-14-071862,01-51-59-063411,"Since this is the first round, I will start by bidding a moderate amount to gauge the competition. Given my private value of $15, I will bid $20, which is slightly above the noise adjustment. This should give me a good chance of winning without overpaying."
0,Bidder Betty,21,10.0,False,10.0,0,common_value_second_gemini,V10,meta-llama/Meta-Llama-3-8B-Instruct,deep_infra,0.5,3,1,seal,second,common,0.1,1299,common_spsb.txt,2026-01-13_01-39-14-071862,01-51-59-063411,"Since this is the first round, I'll start by bidding a moderate amount to gauge the competition. With a perceived value of $21, I'll bid $10. This allows me to stay within the optimal range while also being cautious and leaving room for adjustments in subsequent rounds."
0,Bidder Charles,21,10.0,False,10.0,0,common_value_second_gemini,V10,meta-llama/Meta-Llama-3-8B-Instruct,deep_infra,0.5,3,1,seal,second,common,0.1,1299,common_spsb.txt,2026-01-13_01-39-14-071862,01-51-59-063411,"Since this is the first round, I'll start by bidding relatively low to gather information. I'll bid $10, which is a reasonable starting point considering my private value is $21. This will allow me to observe the bids of others and adjust my strategy accordingly."
0,Bidder Andy,14,24.0,False,24.0,0,common_value_second_gemini,V10,meta-llama/Meta-Llama-3-8B-Instruct,deep_infra,0.5,3,1,seal,second,common,0.1,1299,common_spsb.txt,2026-01-13_01-39-14-071862,01-52-09-562767,"Given my private value of $14, I will focus on maximizing my expected profit. Since this is the first round, there is no history to learn from. I will start by bidding a moderate amount, $24, to gauge the competition and leave room for future adjustments."
0,Bidder Betty,19,20.0,False,24.0,0,common_value_second_gemini,V10,meta-llama/Meta-Llama-3-8B-Instruct,deep_infra,0.5,3,1,seal,second,common,0.1,1299,common_spsb.txt,2026-01-13_01-39-14-071862,01-52-09-562767,"Since this is the first round, I'll start by bidding a moderate amount to gauge the competition. Given my private value of $19, I'll bid $20, which is slightly above the perceived value. This allows me to have a good chance of winning while keeping the cost low."
0,Bidder Charles,43,25.0,True,24.0,1.0,common_value_second_gemini,V10,meta-llama/Meta-Llama-3-8B-Instruct,deep_infra,0.5,3,1,seal,second,common,0.1,1299,common_spsb.txt,2026-01-13_01-39-14-071862,01-52-09-562767,"Since this is the first round, I will start by bidding a moderate amount to gauge the competition. Considering my private value is $43, I will bid $25, which is below my perceived value. This will allow me to gather information about the other bidders while keeping my costs relatively low."
0,Bidder Andy,3,1.0,False,24.0,0,common_value_second_gemini,V10,meta-llama/Meta-Llama-3-8B-Instruct,deep_infra,0.5,3,1,seal,second,common,0.1,1299,common_spsb.txt,2026-01-13_01-39-14-071862,01-52-20-394719,"Since this is the first round, I will start by bidding a low amount to gather information about the other bidders. I will bid $1 to test the waters and see how the other bidders react. This will also give me a chance to learn more about their perceived values and adjust my strategy accordingly."
0,Bidder Betty,36,24.0,True,24.0,-1.0,common_value_second_gemini,V10,meta-llama/Meta-Llama-3-8B-Instruct,deep_infra,0.5,3,1,seal,second,common,0.1,1299,common_spsb.txt,2026-01-13_01-39-14-071862,01-52-20-394719,"Since this is the first round, I'll start by bidding a moderate amount to gauge the competition. Given my private value of $36, I'll bid $24, leaving room for future adjustments. I'll observe the bids and adjust my strategy accordingly in the subsequent rounds, if any."
0,Bidder Charles,23,24.0,False,24.0,0,common_value_second_gemini,V10,meta-llama/Meta-Llama-3-8B-Instruct,deep_infra,0.5,3,1,seal,second,common,0.1,1299,common_spsb.txt,2026-01-13_01-39-14-071862,01-52-20-394719,"As the first round, I'll start by bidding a moderate amount to gauge the competition. Since my private value is $23, I'll aim to bid around $20-$25 to maximize my chances of winning. I'll monitor the bids and adjust accordingly to ensure a profitable outcome."
0,Bidder Andy,36,20.0,False,20.0,0,common_value_second_gemini,V10,meta-llama/Meta-Llama-3-8B-Instruct,deep_infra,0.5,3,1,seal,second,common,0.1,1299,common_spsb.txt,2026-01-13_01-39-14-071862,01-52-35-387219,"As the first round, I will start by bidding a relatively low amount to gauge the competition. Since my private value is $36, I will bid $20, which is below my perceived value. This will allow me to observe the other bidders' bids and adjust my strategy accordingly. I will also consider the possibility that the common value could be lower than my perceived value, and adjust my bid accordingly."
0,Bidder Betty,34,34.1,True,20.0,9.0,common_value_second_gemini,V10,meta-llama/Meta-Llama-3-8B-Instruct,deep_infra,0.5,3,1,seal,second,common,0.1,1299,common_spsb.txt,2026-01-13_01-39-14-071862,01-52-35-387219,"As this is the first round, I will bid conservatively, considering the private noise adjustment and potential for overbidding. I will aim to bid slightly above my perceived value, taking into account the possibility of underbidding. I will observe the other bidders' behavior and adjust my strategy accordingly."
0,Bidder Charles,18,15.0,False,20.0,0,common_value_second_gemini,V10,meta-llama/Meta-Llama-3-8B-Instruct,deep_infra,0.5,3,1,seal,second,common,0.1,1299,common_spsb.txt,2026-01-13_01-39-14-071862,01-52-35-387219,"Since this is the first round, I will start by bidding a moderate amount, considering the private noise adjustment. Given my perceived value of $18, I will bid $15 to leave room for adjustments in subsequent rounds. I will also keep an eye on the other bidders' bids to adjust my strategy accordingly."
0,Bidder Andy,5,4.1,False,25.0,0,common_value_second_gemini,V10,meta-llama/Meta-Llama-3-8B-Instruct,deep_infra,0.5,3,1,seal,second,common,0.1,1299,common_spsb.txt,2026-01-13_01-39-14-071862,01-52-45-643733,"Since it's the first round, I'll start with a conservative bid to gauge the competition. I'll bid $4.10, slightly above my private value of $5, to test the waters. I'll observe the bids and adjust my strategy accordingly in subsequent rounds, if any."
0,Bidder Betty,29,25.0,False,25.0,0,common_value_second_gemini,V10,meta-llama/Meta-Llama-3-8B-Instruct,deep_infra,0.5,3,1,seal,second,common,0.1,1299,common_spsb.txt,2026-01-13_01-39-14-071862,01-52-45-643733,"Since this is the first round, I'll start by bidding a moderate amount to gauge the competition. Given my private value of $29, I'll aim to bid slightly above the expected average of $24.5 (midpoint of 20-29). I'll bid $25, which is a conservative opening bid that allows me to learn more about the competition."
0,Bidder Charles,35,34.9,True,25.0,-5.0,common_value_second_gemini,V10,meta-llama/Meta-Llama-3-8B-Instruct,deep_infra,0.5,3,1,seal,second,common,0.1,1299,common_spsb.txt,2026-01-13_01-39-14-071862,01-52-45-643733,"As this is the first round, I'll start by bidding conservatively to gather information. I'll bid slightly above my perceived value to account for noise. I'll also consider the possibility that the other bidders may be bidding based on their perceived values, not the true value. My goal is to maximize my expected profit."
0,Bidder Andy,22,24.0,False,24.0,0,common_value_second_gemini,V10,meta-llama/Meta-Llama-3-8B-Instruct,deep_infra,0.5,3,1,seal,second,common,0.1,1299,common_spsb.txt,2026-01-13_01-39-14-071862,01-53-00-369871,"Since this is the first round, I'll start by bidding a moderate amount to gauge the competition. Given my private value of $22, I'll aim to bid slightly above the expected average value. I'll also keep an eye on the other bidders' bids to adjust my strategy accordingly."
0,Bidder Betty,13,24.5,True,24.0,3.0,common_value_second_gemini,V10,meta-llama/Meta-Llama-3-8B-Instruct,deep_infra,0.5,3,1,seal,second,common,0.1,1299,common_spsb.txt,2026-01-13_01-39-14-071862,01-53-00-369871,"Since this is the first round, I'll start by bidding a moderate amount to gauge the competition. With my private value being $13, I'll aim to bid slightly above the midpoint of the possible range to increase my chances of winning. I'll bid $24.50, which is a reasonable starting point and allows me to adjust accordingly in subsequent rounds."
0,Bidder Charles,14,15.0,False,24.0,0,common_value_second_gemini,V10,meta-llama/Meta-Llama-3-8B-Instruct,deep_infra,0.5,3,1,seal,second,common,0.1,1299,common_spsb.txt,2026-01-13_01-39-14-071862,01-53-00-369871,"Since this is the first round, I will start by bidding a moderate amount to gauge the competition. Given my private value of $14, I will bid $15, which is slightly above my perceived value. This will allow me to observe the other bidders' strategies and adjust accordingly in future rounds."
0,Bidder Andy,32,20.0,True,20.0,3.0,common_value_second_gemini,V10,meta-llama/Meta-Llama-3-8B-Instruct,deep_infra,0.5,3,1,seal,second,common,0.1,1299,common_spsb.txt,2026-01-13_01-39-14-071862,01-53-16-062105,"Since this is the first round, I'll start by bidding a moderate amount to gauge the competition. Given my perceived value of $32, I'll bid $20 to test the waters. This amount is low enough to be competitive, but high enough to show my interest in the prize. I'll analyze the other bidders' bids and adjust my strategy accordingly."
0,Bidder Betty,17,20.0,False,20.0,0,common_value_second_gemini,V10,meta-llama/Meta-Llama-3-8B-Instruct,deep_infra,0.5,3,1,seal,second,common,0.1,1299,common_spsb.txt,2026-01-13_01-39-14-071862,01-53-16-062105,"Since this is the first round, I will start by bidding a moderate amount to gauge the competition. Considering my private value is $17, I will bid $20, which is slightly above the perceived value to account for potential noise. I will observe the other bidders' bids and adjust my strategy accordingly in subsequent rounds."
0,Bidder Charles,19,20.0,False,20.0,0,common_value_second_gemini,V10,meta-llama/Meta-Llama-3-8B-Instruct,deep_infra,0.5,3,1,seal,second,common,0.1,1299,common_spsb.txt,2026-01-13_01-39-14-071862,01-53-16-062105,"As I'm the first bidder, I'll start with a conservative bid to gauge the competition. Given my private value of $19, I'll aim to bid below the true common value, which is unknown. I'll start with a bid of $20, hoping to win and gain a better understanding of the competition's values."
0,Bidder Andy,17,24.0,True,20.0,1.0,common_value_second_gemini,V10,meta-llama/Meta-Llama-3-8B-Instruct,deep_infra,0.5,3,1,seal,second,common,0.1,1299,common_spsb.txt,2026-01-13_01-39-14-071862,01-53-31-450147,"As this is the first round, I will start by bidding a moderate amount to gauge the competition. Since my private value is $17, I will bid slightly above the midpoint of the possible range to increase my chances of winning. I will also keep in mind that the true value is the common value, not my perceived value."
0,Bidder Betty,22,14.0,False,20.0,0,common_value_second_gemini,V10,meta-llama/Meta-Llama-3-8B-Instruct,deep_infra,0.5,3,1,seal,second,common,0.1,1299,common_spsb.txt,2026-01-13_01-39-14-071862,01-53-31-450147,"As this is the first round, I will start by bidding a moderate amount, taking into account my private value of $22. I will bid $14.00, which is slightly above the minimum bid but below my perceived value. This will give me a chance to win the prize and learn more about the competition's bidding strategies in future rounds."
0,Bidder Charles,30,20.0,False,20.0,0,common_value_second_gemini,V10,meta-llama/Meta-Llama-3-8B-Instruct,deep_infra,0.5,3,1,seal,second,common,0.1,1299,common_spsb.txt,2026-01-13_01-39-14-071862,01-53-31-450147,"As this is the first round, I will start by bidding conservatively, taking into account the private noise adjustment. Since my perceived value is $30, I will bid $20, which is below the perceived value but still competitive. This will allow me to gauge the market and adjust my strategy accordingly in future rounds."
0,Bidder Andy,39,24.5,True,20.0,0.0,common_value_second_gemini,V10,meta-llama/Meta-Llama-3-8B-Instruct,deep_infra,0.5,3,1,seal,second,common,0.1,1299,common_spsb.txt,2026-01-13_01-39-14-071862,01-53-42-469131,"As this is the first round, I will start with a conservative bid to minimize losses. Since my private value is $39, I will bid slightly above the midpoint to maximize my chances of winning. I will bid $24.50, which is close to the midpoint of $20-49 range."
0,Bidder Betty,14,10.0,False,20.0,0,common_value_second_gemini,V10,meta-llama/Meta-Llama-3-8B-Instruct,deep_infra,0.5,3,1,seal,second,common,0.1,1299,common_spsb.txt,2026-01-13_01-39-14-071862,01-53-42-469131,"Given my private value of $14, I will bid to maximize my expected profit. Since this is the first round, I don't have historical data to rely on. I will start by bidding a moderate amount, $10, to gauge the competition and adjust accordingly. I will monitor the other bidders' behavior and adjust my strategy for the next round if needed."
0,Bidder Charles,11,20.0,False,20.0,0,common_value_second_gemini,V10,meta-llama/Meta-Llama-3-8B-Instruct,deep_infra,0.5,3,1,seal,second,common,0.1,1299,common_spsb.txt,2026-01-13_01-39-14-071862,01-53-42-469131,"Since this is the first round, I will start by bidding a moderate amount to gather information about the other bidders' perceived values. Given my private value of $11, I will bid $20, which is higher than my private value but not too aggressive. This will allow me to gauge the other bidders' bids and adjust my strategy accordingly."
0,Bidder Andy,8,10.0,False,10.0,0,common_value_second_gemini,V10,meta-llama/Meta-Llama-3-8B-Instruct,deep_infra,0.5,3,1,seal,second,common,0.1,1299,common_spsb.txt,2026-01-13_01-39-14-071862,01-53-57-976169,"Since this is the first round, I'll start by bidding a moderate amount to gauge the competition. Given my private value of $8, I'll bid $10, which is slightly above the noise adjustment. This will allow me to observe the bidding patterns of the other players and adjust my strategy accordingly."
0,Bidder Betty,27,5.0,False,10.0,0,common_value_second_gemini,V10,meta-llama/Meta-Llama-3-8B-Instruct,deep_infra,0.5,3,1,seal,second,common,0.1,1299,common_spsb.txt,2026-01-13_01-39-14-071862,01-53-57-976169,"Since this is the first round, I'll start by bidding a relatively low amount to gauge the competition. I'll bid $5, which is below the perceived value of $27. This will allow me to gather information about the other bidders' strategies and adjust my bidding accordingly in subsequent rounds. If I win, I'll pay $5 and earn $22. If I lose, my earnings remain unchanged."
0,Bidder Charles,20,14.0,True,10.0,13.0,common_value_second_gemini,V10,meta-llama/Meta-Llama-3-8B-Instruct,deep_infra,0.5,3,1,seal,second,common,0.1,1299,common_spsb.txt,2026-01-13_01-39-14-071862,01-53-57-976169,"Since it's the first round, I'll start by bidding a moderate amount to gauge the competition. I'll bid $14, which is below my perceived value of $20. This will allow me to gather information about the other bidders' perceived values and adjust my strategy accordingly."
0,Bidder Andy,12,4.0,False,5.0,0,common_value_second_gemini,V10,meta-llama/Meta-Llama-3-8B-Instruct,deep_infra,0.5,3,1,seal,second,common,0.1,1299,common_spsb.txt,2026-01-13_01-39-14-071862,01-54-08-889923,"Since this is the first round, I'll start with a conservative bid to gather information. I'll bid $4, which is below the perceived value of $12. This will allow me to observe the competition's bids and adjust my strategy accordingly. I'll also keep in mind that the true value is the common value, which is unknown to me."
0,Bidder Betty,27,5.0,False,5.0,0,common_value_second_gemini,V10,meta-llama/Meta-Llama-3-8B-Instruct,deep_infra,0.5,3,1,seal,second,common,0.1,1299,common_spsb.txt,2026-01-13_01-39-14-071862,01-54-08-889923,"Since this is the first round, I'll start by bidding a relatively low amount to gauge the competition. I'll bid $5, which is below the perceived value of $27. This will allow me to gather information about the other bidders' strategies and adjust my bidding accordingly in subsequent rounds. If I win, I'll pay $5 and earn $22. If I lose, my earnings remain unchanged."
0,Bidder Charles,37,20.0,True,5.0,17.0,common_value_second_gemini,V10,meta-llama/Meta-Llama-3-8B-Instruct,deep_infra,0.5,3,1,seal,second,common,0.1,1299,common_spsb.txt,2026-01-13_01-39-14-071862,01-54-08-889923,"Since this is the first round, I'll start by bidding a moderate amount to gauge the competition. Given my private value of $37, I'll bid $20, which is below the perceived value and should allow me to gain information about the other bidders' values."
0,Bidder Andy,23,25.0,True,24.5,2.5,common_value_second_gemini,V10,meta-llama/Meta-Llama-3-8B-Instruct,deep_infra,0.5,3,1,seal,second,common,0.1,1299,common_spsb.txt,2026-01-13_01-39-14-071862,01-54-23-975684,"As it's the first round, I'll start by bidding a moderate amount to gauge the competition. Since my private value is $23, I'll bid slightly higher to account for noise and potential overestimation. I'll aim to bid around $25-$27, considering the maximum bid is $49."
0,Bidder Betty,35,15.0,False,24.5,0,common_value_second_gemini,V10,meta-llama/Meta-Llama-3-8B-Instruct,deep_infra,0.5,3,1,seal,second,common,0.1,1299,common_spsb.txt,2026-01-13_01-39-14-071862,01-54-23-975684,"Since this is the first round, I'll start by bidding a moderate amount to gauge the competition. I'll bid $15, which is low enough to have a good chance of winning, but high enough to show my interest. I'll also keep an eye on the other bidders' strategies to adjust my bidding in subsequent rounds."
0,Bidder Charles,26,24.5,False,24.5,0,common_value_second_gemini,V10,meta-llama/Meta-Llama-3-8B-Instruct,deep_infra,0.5,3,1,seal,second,common,0.1,1299,common_spsb.txt,2026-01-13_01-39-14-071862,01-54-23-975684,"As this is the first round, I'll start by bidding cautiously and observing the competition. Since my private value is $26, I'll bid slightly higher than the midpoint of the possible range ($24.5) to account for the noise in the perceived value. I'll bid $24.50, aiming to learn more about the competition's values and adjust my strategy accordingly."
0,Bidder Andy,23,25.0,True,24.0,4.0,common_value_second_gemini,V10,meta-llama/Meta-Llama-3-8B-Instruct,deep_infra,0.5,3,1,seal,second,common,0.1,1299,common_spsb.txt,2026-01-13_01-39-14-071862,01-54-34-418787,"As it's the first round, I'll start by bidding a moderate amount to gauge the competition. Since my private value is $23, I'll bid slightly higher to account for noise and potential overestimation. I'll aim to bid around $25-$27, considering the maximum bid is $49."
0,Bidder Betty,41,23.0,False,24.0,0,common_value_second_gemini,V10,meta-llama/Meta-Llama-3-8B-Instruct,deep_infra,0.5,3,1,seal,second,common,0.1,1299,common_spsb.txt,2026-01-13_01-39-14-071862,01-54-34-418787,"Since this is the first round, I'll start by bidding a moderate amount to gauge the competition. Given my private value of $41, I'll aim to bid below the expected true value of $25 (common value + noise adjustment). I'll bid $23 to balance exploration and exploitation."
0,Bidder Charles,34,24.0,False,24.0,0,common_value_second_gemini,V10,meta-llama/Meta-Llama-3-8B-Instruct,deep_infra,0.5,3,1,seal,second,common,0.1,1299,common_spsb.txt,2026-01-13_01-39-14-071862,01-54-34-418787,"Since this is the first round, I'll start by bidding a moderate amount to gauge the competition. Considering my private value is $34, I'll bid $24, which is slightly below my perceived value. This will allow me to learn from the other bidders' responses and adjust my strategy accordingly."
0,Bidder Andy,42,43.0,True,15.0,11.0,common_value_second_gemini,V10,meta-llama/Meta-Llama-3-8B-Instruct,deep_infra,0.5,3,1,seal,second,common,0.1,1299,common_spsb.txt,2026-01-13_01-39-14-071862,01-54-44-925927,"Since this is the first round, I'll observe the other bidders' bids to understand their strategies. I'll start with a moderate bid, slightly above my private value, to test the waters and gauge competition. I'll aim to maximize my expected profit by balancing the risk of losing with the potential reward of winning."
0,Bidder Betty,12,15.0,False,15.0,0,common_value_second_gemini,V10,meta-llama/Meta-Llama-3-8B-Instruct,deep_infra,0.5,3,1,seal,second,common,0.1,1299,common_spsb.txt,2026-01-13_01-39-14-071862,01-54-44-925927,"Since this is the first round, I'll start by bidding a relatively low amount to gauge the competition. Considering my private value is $12, I'll bid $15 to leave room for future adjustments. I'll monitor the bids and adjust my strategy accordingly in subsequent rounds."
0,Bidder Charles,10,4.0,False,15.0,0,common_value_second_gemini,V10,meta-llama/Meta-Llama-3-8B-Instruct,deep_infra,0.5,3,1,seal,second,common,0.1,1299,common_spsb.txt,2026-01-13_01-39-14-071862,01-54-44-925927,"Since this is the first round, I'll start with a conservative bid to gather information about the other bidders. I'll bid $4, which is below the expected value of $10. This will allow me to learn more about the other bidders' perceived values and adjust my strategy accordingly."
0,Bidder Andy,15,20.0,False,20.0,0,common_value_second_gemini,V10,meta-llama/Meta-Llama-3-8B-Instruct,deep_infra,0.5,3,1,seal,second,common,0.1,1299,common_spsb.txt,2026-01-13_01-39-14-071862,01-54-55-455795,"Since this is the first round, I will start by bidding a moderate amount to gauge the competition. Given my private value of $15, I will bid $20, which is slightly above the noise adjustment. This should give me a good chance of winning without overpaying."
0,Bidder Betty,40,24.0,True,20.0,3.0,common_value_second_gemini,V10,meta-llama/Meta-Llama-3-8B-Instruct,deep_infra,0.5,3,1,seal,second,common,0.1,1299,common_spsb.txt,2026-01-13_01-39-14-071862,01-54-55-455795,"Since this is the first round, I'll start by bidding a moderate amount, considering my private value of $40. I'll aim to bid slightly higher than the midpoint of the possible range, which is $24.5. This will give me a good chance of winning while minimizing the risk of overpaying. I'll bid $24."
0,Bidder Charles,18,15.0,False,20.0,0,common_value_second_gemini,V10,meta-llama/Meta-Llama-3-8B-Instruct,deep_infra,0.5,3,1,seal,second,common,0.1,1299,common_spsb.txt,2026-01-13_01-39-14-071862,01-54-55-455795,"Since this is the first round, I will start by bidding a moderate amount, considering the private noise adjustment. Given my perceived value of $18, I will bid $15 to leave room for adjustments in subsequent rounds. I will also keep an eye on the other bidders' bids to adjust my strategy accordingly."
0,Bidder Andy,27,27.5,True,25.0,4.0,common_value_second_gemini,V10,meta-llama/Meta-Llama-3-8B-Instruct,deep_infra,0.5,3,1,seal,second,common,0.1,1299,common_spsb.txt,2026-01-13_01-39-14-071862,01-55-06-208305,"Since this is the first round, I'll start by bidding a moderate amount based on my perceived value. I'll bid slightly higher than my private value to account for the noise in the perceived value. I'll also keep an eye on the other bidders' bids to adjust my strategy in future rounds if needed."
0,Bidder Betty,28,25.0,False,25.0,0,common_value_second_gemini,V10,meta-llama/Meta-Llama-3-8B-Instruct,deep_infra,0.5,3,1,seal,second,common,0.1,1299,common_spsb.txt,2026-01-13_01-39-14-071862,01-55-06-208305,"As this is the first round, I will start by bidding a moderate amount to gauge the competition. Considering my private value is $28, I will bid $25, which is below my perceived value, to increase the chances of winning and minimize losses. I will also keep an eye on the other bidders' bids to adjust my strategy accordingly."
0,Bidder Charles,15,10.0,False,25.0,0,common_value_second_gemini,V10,meta-llama/Meta-Llama-3-8B-Instruct,deep_infra,0.5,3,1,seal,second,common,0.1,1299,common_spsb.txt,2026-01-13_01-39-14-071862,01-55-06-208305,"As this is the first round, I will start by bidding a moderate amount to gauge the competition. Since my private value is $15, I will bid $10, which is below my perceived value and likely to be a relatively low bid. This will allow me to gather information about the other bidders' perceived values and adjust my strategy accordingly."
0,Bidder Andy,25,15.0,False,15.0,0,common_value_second_gemini,V10,meta-llama/Meta-Llama-3-8B-Instruct,deep_infra,0.5,3,1,seal,second,common,0.1,1299,common_spsb.txt,2026-01-13_01-39-14-071862,01-55-21-181449,"Since this is the first round, I'll start by bidding a moderate amount to gauge the competition. Given my private value of $25, I'll bid $15 to leave room for future adjustments. I'll also observe the bids of Bidder Betty and Bidder Charles to adjust my strategy accordingly."
0,Bidder Betty,15,24.0,True,15.0,14.0,common_value_second_gemini,V10,meta-llama/Meta-Llama-3-8B-Instruct,deep_infra,0.5,3,1,seal,second,common,0.1,1299,common_spsb.txt,2026-01-13_01-39-14-071862,01-55-21-181449,"Since this is the first round, I will start by bidding a moderate amount to gain information about the other bidders. I will bid $24, which is slightly above the perceived value of $15 but not too aggressive. This will allow me to gauge the competition and adjust my strategy for the next round."
0,Bidder Charles,33,14.0,False,15.0,0,common_value_second_gemini,V10,meta-llama/Meta-Llama-3-8B-Instruct,deep_infra,0.5,3,1,seal,second,common,0.1,1299,common_spsb.txt,2026-01-13_01-39-14-071862,01-55-21-181449,"Since this is the first round, I will start by bidding cautiously to learn more about the other bidders' perceived values. I will bid a moderate amount, $14, to test the waters and gather information. I will then observe the other bidders' bids and adjust my strategy accordingly for the next round."
0,Bidder Andy,27,27.5,True,24.0,2.0,common_value_second_gemini,V10,meta-llama/Meta-Llama-3-8B-Instruct,deep_infra,0.5,3,1,seal,second,common,0.1,1299,common_spsb.txt,2026-01-13_01-39-14-071862,01-55-36-061172,"Since this is the first round, I'll start by bidding a moderate amount based on my perceived value. I'll bid slightly higher than my private value to account for the noise in the perceived value. I'll also keep an eye on the other bidders' bids to adjust my strategy in future rounds if needed."
0,Bidder Betty,40,24.0,False,24.0,0,common_value_second_gemini,V10,meta-llama/Meta-Llama-3-8B-Instruct,deep_infra,0.5,3,1,seal,second,common,0.1,1299,common_spsb.txt,2026-01-13_01-39-14-071862,01-55-36-061172,"Since this is the first round, I'll start by bidding a moderate amount, considering my private value of $40. I'll aim to bid slightly higher than the midpoint of the possible range, which is $24.5. This will give me a good chance of winning while minimizing the risk of overpaying. I'll bid $24."
0,Bidder Charles,13,16.0,False,24.0,0,common_value_second_gemini,V10,meta-llama/Meta-Llama-3-8B-Instruct,deep_infra,0.5,3,1,seal,second,common,0.1,1299,common_spsb.txt,2026-01-13_01-39-14-071862,01-55-36-061172,"Since this is the first round, I'll start by bidding a moderate amount to get a sense of the competition. Considering my private value is $13, I'll bid a bit higher to account for potential noise in others' perceived values. I'll aim to bid around $15-$17 to maximize my chances of winning while minimizing my potential loss."
0,Bidder Andy,17,24.0,False,24.0,0,common_value_second_gemini,V10,meta-llama/Meta-Llama-3-8B-Instruct,deep_infra,0.5,3,1,seal,second,common,0.1,1299,common_spsb.txt,2026-01-13_01-39-14-071862,01-55-46-935326,"As this is the first round, I will start by bidding a moderate amount to gauge the competition. Since my private value is $17, I will bid slightly above the midpoint of the possible range to increase my chances of winning. I will also keep in mind that the true value is the common value, not my perceived value."
0,Bidder Betty,39,24.9,True,24.0,-3.0,common_value_second_gemini,V10,meta-llama/Meta-Llama-3-8B-Instruct,deep_infra,0.5,3,1,seal,second,common,0.1,1299,common_spsb.txt,2026-01-13_01-39-14-071862,01-55-46-935326,"Since this is the first round, I'll start by bidding a moderate amount to gauge the competition. Considering my private value is $39, I'll bid slightly above the midpoint to account for noise. I'll aim to maximize my expected profit by bidding $24.9, which is a reasonable starting point to learn from the competition."
0,Bidder Charles,24,14.0,False,24.0,0,common_value_second_gemini,V10,meta-llama/Meta-Llama-3-8B-Instruct,deep_infra,0.5,3,1,seal,second,common,0.1,1299,common_spsb.txt,2026-01-13_01-39-14-071862,01-55-46-935326,"As this is the first round, I will start by bidding a moderate amount, $14, to gauge the competition and adjust my strategy accordingly. I will pay attention to the competing bids and adjust my bid for the next round based on the perceived value and the bidding patterns."
0,Bidder Andy,11,5.0,False,10.0,0,common_value_second_gemini,V10,meta-llama/Meta-Llama-3-8B-Instruct,deep_infra,0.5,3,1,seal,second,common,0.1,1299,common_spsb.txt,2026-01-13_01-39-14-071862,01-55-57-496994,"Since this is the first round, I'll start by bidding a moderate amount to gather information about the competition. Given my private value of $11, I'll bid $5 to minimize losses in case I don't win. I'll also keep an eye on the other bidders' bids to adjust my strategy for future rounds."
0,Bidder Betty,14,10.0,False,10.0,0,common_value_second_gemini,V10,meta-llama/Meta-Llama-3-8B-Instruct,deep_infra,0.5,3,1,seal,second,common,0.1,1299,common_spsb.txt,2026-01-13_01-39-14-071862,01-55-57-496994,"Given my private value of $14, I will bid to maximize my expected profit. Since this is the first round, I don't have historical data to rely on. I will start by bidding a moderate amount, $10, to gauge the competition and adjust accordingly. I will monitor the other bidders' behavior and adjust my strategy for the next round if needed."
0,Bidder Charles,23,24.0,True,10.0,10.0,common_value_second_gemini,V10,meta-llama/Meta-Llama-3-8B-Instruct,deep_infra,0.5,3,1,seal,second,common,0.1,1299,common_spsb.txt,2026-01-13_01-39-14-071862,01-55-57-496994,"As the first round, I'll start by bidding a moderate amount to gauge the competition. Since my private value is $23, I'll aim to bid around $20-$25 to maximize my chances of winning. I'll monitor the bids and adjust accordingly to ensure a profitable outcome."
0,Bidder Andy,40,24.9,True,20.0,0.0,common_value_second_gemini,V10,meta-llama/Meta-Llama-3-8B-Instruct,deep_infra,0.5,3,1,seal,second,common,0.1,1299,common_spsb.txt,2026-01-13_01-39-14-071862,01-56-08-102502,"Since this is the first round, I'll start by bidding a moderate amount to gauge the competition. Considering my private value of $40, I'll aim to bid slightly above the perceived value to increase the chances of winning. I'll bid $24.90, which is a reasonable starting point to test the waters."
0,Bidder Betty,27,5.0,False,20.0,0,common_value_second_gemini,V10,meta-llama/Meta-Llama-3-8B-Instruct,deep_infra,0.5,3,1,seal,second,common,0.1,1299,common_spsb.txt,2026-01-13_01-39-14-071862,01-56-08-102502,"Since this is the first round, I'll start by bidding a relatively low amount to gauge the competition. I'll bid $5, which is below the perceived value of $27. This will allow me to gather information about the other bidders' strategies and adjust my bidding accordingly in subsequent rounds. If I win, I'll pay $5 and earn $22. If I lose, my earnings remain unchanged."
0,Bidder Charles,37,20.0,False,20.0,0,common_value_second_gemini,V10,meta-llama/Meta-Llama-3-8B-Instruct,deep_infra,0.5,3,1,seal,second,common,0.1,1299,common_spsb.txt,2026-01-13_01-39-14-071862,01-56-08-102502,"Since this is the first round, I'll start by bidding a moderate amount to gauge the competition. Given my private value of $37, I'll bid $20, which is below the perceived value and should allow me to gain information about the other bidders' values."
0,Bidder Andy,26,25.0,True,20.0,0.0,common_value_second_gemini,V10,meta-llama/Meta-Llama-3-8B-Instruct,deep_infra,0.5,3,1,seal,second,common,0.1,1299,common_spsb.txt,2026-01-13_01-39-14-071862,01-56-18-667185,"As this is the first round, I'll start by bidding a moderate amount to gauge the competition. Since my private value is $26, I'll bid slightly above the midpoint of the possible range ($24.5). I'll bid $25 to balance the risk of overbidding and underbidding."
0,Bidder Betty,3,10.0,False,20.0,0,common_value_second_gemini,V10,meta-llama/Meta-Llama-3-8B-Instruct,deep_infra,0.5,3,1,seal,second,common,0.1,1299,common_spsb.txt,2026-01-13_01-39-14-071862,01-56-18-667185,"Since this is the first round, I'll start by bidding a moderate amount to gauge the competition. Considering my private value is $3, I'll bid $10 to ensure I have a good chance of winning while keeping my bid low enough to minimize potential losses."
0,Bidder Charles,37,20.0,False,20.0,0,common_value_second_gemini,V10,meta-llama/Meta-Llama-3-8B-Instruct,deep_infra,0.5,3,1,seal,second,common,0.1,1299,common_spsb.txt,2026-01-13_01-39-14-071862,01-56-18-667185,"Since this is the first round, I'll start by bidding a moderate amount to gauge the competition. Given my private value of $37, I'll bid $20, which is below the perceived value and should allow me to gain information about the other bidders' values."
0,Bidder Andy,36,20.0,False,20.0,0,common_value_second_gemini,V10,meta-llama/Meta-Llama-3-8B-Instruct,deep_infra,0.5,3,1,seal,second,common,0.1,1299,common_spsb.txt,2026-01-13_01-39-14-071862,01-56-33-377300,"As the first round, I will start by bidding a relatively low amount to gauge the competition. Since my private value is $36, I will bid $20, which is below my perceived value. This will allow me to observe the other bidders' bids and adjust my strategy accordingly. I will also consider the possibility that the common value could be lower than my perceived value, and adjust my bid accordingly."
0,Bidder Betty,24,14.0,False,20.0,0,common_value_second_gemini,V10,meta-llama/Meta-Llama-3-8B-Instruct,deep_infra,0.5,3,1,seal,second,common,0.1,1299,common_spsb.txt,2026-01-13_01-39-14-071862,01-56-33-377300,"Since this is the first round, I'll start by bidding a moderate amount to gauge the competition. Considering my private value of $24, I'll bid $14 to leave room for future adjustments. I'll observe the other bidders' moves and adjust my strategy accordingly."
0,Bidder Charles,37,20.0,True,20.0,7.0,common_value_second_gemini,V10,meta-llama/Meta-Llama-3-8B-Instruct,deep_infra,0.5,3,1,seal,second,common,0.1,1299,common_spsb.txt,2026-01-13_01-39-14-071862,01-56-33-377300,"Since this is the first round, I'll start by bidding a moderate amount to gauge the competition. Given my private value of $37, I'll bid $20, which is below the perceived value and should allow me to gain information about the other bidders' values."
0,Bidder Andy,2,24.0,False,24.0,0,common_value_second_gemini,V10,meta-llama/Meta-Llama-3-8B-Instruct,deep_infra,0.5,3,1,seal,second,common,0.1,1299,common_spsb.txt,2026-01-13_01-39-14-071862,01-56-48-091873,"As it's the first round, I'll start with a conservative bid to gauge the competition. Since my private value is $2, I'll bid slightly above the midpoint of the possible range ($24.5). This will allow me to observe the other bidders' behavior while keeping my bid reasonable."
0,Bidder Betty,32,24.9,True,24.0,-2.0,common_value_second_gemini,V10,meta-llama/Meta-Llama-3-8B-Instruct,deep_infra,0.5,3,1,seal,second,common,0.1,1299,common_spsb.txt,2026-01-13_01-39-14-071862,01-56-48-091873,"As the first round, I'll start by bidding a moderate amount to gauge the competition. Since my private value is $32, I'll bid slightly above the midpoint of the possible range. I'll aim for a bid that's likely to be higher than the other bidders' perceived values, while keeping an eye on the potential for a tie."
0,Bidder Charles,8,4.0,False,24.0,0,common_value_second_gemini,V10,meta-llama/Meta-Llama-3-8B-Instruct,deep_infra,0.5,3,1,seal,second,common,0.1,1299,common_spsb.txt,2026-01-13_01-39-14-071862,01-56-48-091873,"Since this is the first round, I'll start by bidding conservatively to gather information. I'll bid $4, which is below my perceived value of $8. This will allow me to learn more about the other bidders' perceived values and adjust my strategy accordingly."
0,Bidder Andy,10,15.0,False,15.0,0,common_value_second_gemini,V10,meta-llama/Meta-Llama-3-8B-Instruct,deep_infra,0.5,3,1,seal,second,common,0.1,1299,common_spsb.txt,2026-01-13_01-39-14-071862,01-57-02-968193,"Since this is the first round, I will start by bidding a moderate amount to gauge the competition. Given my private value of $10, I will bid $15 to maximize the potential profit. I will observe the bids and adjust my strategy accordingly in the next round."
0,Bidder Betty,28,25.0,True,15.0,5.0,common_value_second_gemini,V10,meta-llama/Meta-Llama-3-8B-Instruct,deep_infra,0.5,3,1,seal,second,common,0.1,1299,common_spsb.txt,2026-01-13_01-39-14-071862,01-57-02-968193,"As this is the first round, I will start by bidding a moderate amount to gauge the competition. Considering my private value is $28, I will bid $25, which is below my perceived value, to increase the chances of winning and minimize losses. I will also keep an eye on the other bidders' bids to adjust my strategy accordingly."
0,Bidder Charles,25,15.0,False,15.0,0,common_value_second_gemini,V10,meta-llama/Meta-Llama-3-8B-Instruct,deep_infra,0.5,3,1,seal,second,common,0.1,1299,common_spsb.txt,2026-01-13_01-39-14-071862,01-57-02-968193,"Since this is the first round, I'll start by bidding a moderate amount to gauge the competition. With my private value at $25, I'll bid $15 to maximize my potential profit. I'll observe the responses from Andy and Betty to adjust my strategy for the next round."
0,Bidder Andy,19,20.0,False,24.9,0,common_value_second_gemini,V10,meta-llama/Meta-Llama-3-8B-Instruct,deep_infra,0.5,3,1,seal,second,common,0.1,1299,common_spsb.txt,2026-01-13_01-39-14-071862,01-57-17-906988,"Since this is the first round, I'll start by bidding a moderate amount to gauge the competition. Considering my private value is $19, I'll bid $20. This will allow me to adjust my strategy based on the outcome of this round and the bids submitted by other bidders."
0,Bidder Betty,32,24.9,False,24.9,0,common_value_second_gemini,V10,meta-llama/Meta-Llama-3-8B-Instruct,deep_infra,0.5,3,1,seal,second,common,0.1,1299,common_spsb.txt,2026-01-13_01-39-14-071862,01-57-17-906988,"As the first round, I'll start by bidding a moderate amount to gauge the competition. Since my private value is $32, I'll bid slightly above the midpoint of the possible range. I'll aim for a bid that's likely to be higher than the other bidders' perceived values, while keeping an eye on the potential for a tie."
0,Bidder Charles,42,41.0,True,24.9,-0.8999999999999986,common_value_second_gemini,V10,meta-llama/Meta-Llama-3-8B-Instruct,deep_infra,0.5,3,1,seal,second,common,0.1,1299,common_spsb.txt,2026-01-13_01-39-14-071862,01-57-17-906988,"As the first round, I will start by bidding conservatively, taking into account the private noise adjustment. Since my perceived value is $42, I will bid slightly below it to account for potential overestimation. I will aim to bid around $40-$41 to maximize my chances of winning while minimizing potential losses."
0,Bidder Andy,46,24.0,False,24.0,0,common_value_second_gemini,V10,meta-llama/Meta-Llama-3-8B-Instruct,deep_infra,0.5,3,1,seal,second,common,0.1,1299,common_spsb.txt,2026-01-13_01-39-14-071862,01-57-32-799106,"Since this is the first round, I will start by bidding a moderate amount to gather information about the other bidders' perceived values. I will bid $24, which is slightly above the middle of the possible bid range. This will allow me to get a sense of the other bidders' strategies and adjust my bidding accordingly in subsequent rounds."
0,Bidder Betty,39,24.9,True,24.0,5.0,common_value_second_gemini,V10,meta-llama/Meta-Llama-3-8B-Instruct,deep_infra,0.5,3,1,seal,second,common,0.1,1299,common_spsb.txt,2026-01-13_01-39-14-071862,01-57-32-799106,"Since this is the first round, I'll start by bidding a moderate amount to gauge the competition. Considering my private value is $39, I'll bid slightly above the midpoint to account for noise. I'll aim to maximize my expected profit by bidding $24.9, which is a reasonable starting point to learn from the competition."
0,Bidder Charles,13,16.0,False,24.0,0,common_value_second_gemini,V10,meta-llama/Meta-Llama-3-8B-Instruct,deep_infra,0.5,3,1,seal,second,common,0.1,1299,common_spsb.txt,2026-01-13_01-39-14-071862,01-57-32-799106,"Since this is the first round, I'll start by bidding a moderate amount to get a sense of the competition. Considering my private value is $13, I'll bid a bit higher to account for potential noise in others' perceived values. I'll aim to bid around $15-$17 to maximize my chances of winning while minimizing my potential loss."
0,Bidder Andy,14,24.0,False,24.0,0,common_value_second_gemini,V10,meta-llama/Meta-Llama-3-8B-Instruct,deep_infra,0.5,3,1,seal,second,common,0.1,1299,common_spsb.txt,2026-01-13_01-39-14-071862,01-57-47-693242,"Given my private value of $14, I will focus on maximizing my expected profit. Since this is the first round, there is no history to learn from. I will start by bidding a moderate amount, $24, to gauge the competition and leave room for future adjustments."
0,Bidder Betty,47,24.0,True,24.0,5.0,common_value_second_gemini,V10,meta-llama/Meta-Llama-3-8B-Instruct,deep_infra,0.5,3,1,seal,second,common,0.1,1299,common_spsb.txt,2026-01-13_01-39-14-071862,01-57-47-693242,"Since this is the first round, I'll start by bidding conservatively to gather information. I'll bid $24, which is slightly above the minimum bid of $0.10 but below the midpoint of the possible range. This will allow me to learn more about the other bidders' perceived values and adjust my strategy accordingly."
0,Bidder Charles,36,24.0,False,24.0,0,common_value_second_gemini,V10,meta-llama/Meta-Llama-3-8B-Instruct,deep_infra,0.5,3,1,seal,second,common,0.1,1299,common_spsb.txt,2026-01-13_01-39-14-071862,01-57-47-693242,"Since this is the first round, I'll start by bidding conservatively, considering the private noise adjustment could be high. I'll bid just above the midpoint of the possible range, $24.5, to minimize the risk of overbidding. I'll also keep an eye on the other bidders' behavior to adjust my strategy accordingly."
0,Bidder Andy,17,24.0,False,24.0,0,common_value_second_gemini,V10,meta-llama/Meta-Llama-3-8B-Instruct,deep_infra,0.5,3,1,seal,second,common,0.1,1299,common_spsb.txt,2026-01-13_01-39-14-071862,01-58-02-549102,"As this is the first round, I will start by bidding a moderate amount to gauge the competition. Since my private value is $17, I will bid slightly above the midpoint of the possible range to increase my chances of winning. I will also keep in mind that the true value is the common value, not my perceived value."
0,Bidder Betty,26,26.5,True,24.0,2.0,common_value_second_gemini,V10,meta-llama/Meta-Llama-3-8B-Instruct,deep_infra,0.5,3,1,seal,second,common,0.1,1299,common_spsb.txt,2026-01-13_01-39-14-071862,01-58-02-549102,"Since this is the first round, I'll start by bidding conservatively, taking into account the private noise adjustment. I'll bid slightly above my perceived value to account for the uncertainty. I'll aim to bid around $25-$27 to minimize the risk of overbidding."
0,Bidder Charles,12,24.0,False,24.0,0,common_value_second_gemini,V10,meta-llama/Meta-Llama-3-8B-Instruct,deep_infra,0.5,3,1,seal,second,common,0.1,1299,common_spsb.txt,2026-01-13_01-39-14-071862,01-58-02-549102,"Since this is the first round, I'll start by bidding conservatively, considering the noisy private value. I'll bid below my perceived value to leave room for potential adjustments in future rounds. I'll aim for a bid that's slightly above the midpoint of the possible range, to balance risk and potential profit."
0,Bidder Andy,19,20.0,True,10.0,11.0,common_value_second_gemini,V10,meta-llama/Meta-Llama-3-8B-Instruct,deep_infra,0.5,3,1,seal,second,common,0.1,1299,common_spsb.txt,2026-01-13_01-39-14-071862,01-58-13-183808,"Since this is the first round, I'll start by bidding a moderate amount to gauge the competition. Considering my private value is $19, I'll bid $20. This will allow me to adjust my strategy based on the outcome of this round and the bids submitted by other bidders."
0,Bidder Betty,20,10.0,False,10.0,0,common_value_second_gemini,V10,meta-llama/Meta-Llama-3-8B-Instruct,deep_infra,0.5,3,1,seal,second,common,0.1,1299,common_spsb.txt,2026-01-13_01-39-14-071862,01-58-13-183808,"Since this is the first round, I'll start by bidding a moderate amount to gauge the competition. I'll bid $10, which is a relatively low but not extremely low bid. This will give me an idea of the other bidders' perceived values and allow me to adjust my strategy accordingly."
0,Bidder Charles,1,4.1,False,10.0,0,common_value_second_gemini,V10,meta-llama/Meta-Llama-3-8B-Instruct,deep_infra,0.5,3,1,seal,second,common,0.1,1299,common_spsb.txt,2026-01-13_01-39-14-071862,01-58-13-183808,"Since this is the first round, I will start with a conservative bid to gauge the competition. I will bid $4.10, which is slightly higher than the noise adjustment, but still relatively low. This will allow me to learn more about the other bidders' perceived values and adjust my strategy accordingly."
0,Bidder Andy,7,14.0,False,15.0,0,common_value_second_gemini,V10,meta-llama/Meta-Llama-3-8B-Instruct,deep_infra,0.5,3,1,seal,second,common,0.1,1299,common_spsb.txt,2026-01-13_01-39-14-071862,01-58-28-085526,"Since this is the first round, I don't have any historical data to inform my decision. I'll start by bidding a moderate amount, $14, to gauge the competition and keep my options open for future rounds. I'll also keep my private value of $7 in mind, knowing that the true value is likely to be higher than my perceived value."
0,Bidder Betty,35,15.0,False,15.0,0,common_value_second_gemini,V10,meta-llama/Meta-Llama-3-8B-Instruct,deep_infra,0.5,3,1,seal,second,common,0.1,1299,common_spsb.txt,2026-01-13_01-39-14-071862,01-58-28-085526,"Since this is the first round, I'll start by bidding a moderate amount to gauge the competition. I'll bid $15, which is low enough to have a good chance of winning, but high enough to show my interest. I'll also keep an eye on the other bidders' strategies to adjust my bidding in subsequent rounds."
0,Bidder Charles,11,20.0,True,15.0,9.0,common_value_second_gemini,V10,meta-llama/Meta-Llama-3-8B-Instruct,deep_infra,0.5,3,1,seal,second,common,0.1,1299,common_spsb.txt,2026-01-13_01-39-14-071862,01-58-28-085526,"Since this is the first round, I will start by bidding a moderate amount to gather information about the other bidders' perceived values. Given my private value of $11, I will bid $20, which is higher than my private value but not too aggressive. This will allow me to gauge the other bidders' bids and adjust my strategy accordingly."
0,Bidder Andy,2,24.0,False,24.0,0,common_value_second_gemini,V10,meta-llama/Meta-Llama-3-8B-Instruct,deep_infra,0.5,3,1,seal,second,common,0.1,1299,common_spsb.txt,2026-01-13_01-39-14-071862,01-58-43-344249,"As it's the first round, I'll start with a conservative bid to gauge the competition. Since my private value is $2, I'll bid slightly above the midpoint of the possible range ($24.5). This will allow me to observe the other bidders' behavior while keeping my bid reasonable."
0,Bidder Betty,15,24.0,False,24.0,0,common_value_second_gemini,V10,meta-llama/Meta-Llama-3-8B-Instruct,deep_infra,0.5,3,1,seal,second,common,0.1,1299,common_spsb.txt,2026-01-13_01-39-14-071862,01-58-43-344249,"Since this is the first round, I will start by bidding a moderate amount to gain information about the other bidders. I will bid $24, which is slightly above the perceived value of $15 but not too aggressive. This will allow me to gauge the competition and adjust my strategy for the next round."
0,Bidder Charles,12,24.0,True,24.0,-2.0,common_value_second_gemini,V10,meta-llama/Meta-Llama-3-8B-Instruct,deep_infra,0.5,3,1,seal,second,common,0.1,1299,common_spsb.txt,2026-01-13_01-39-14-071862,01-58-43-344249,"Since this is the first round, I'll start by bidding conservatively, considering the noisy private value. I'll bid below my perceived value to leave room for potential adjustments in future rounds. I'll aim for a bid that's slightly above the midpoint of the possible range, to balance risk and potential profit."
0,Bidder Andy,20,21.0,False,21.0,0,common_value_second_gemini,V10,meta-llama/Meta-Llama-3-8B-Instruct,deep_infra,0.5,3,1,seal,second,common,0.1,1299,common_spsb.txt,2026-01-13_01-39-14-071862,01-58-53-762438,"Since this is the first round, I'll start with a conservative bid to gauge the competition. I'll bid slightly above my perceived value to account for potential noise in the other bidders' values. I'll also keep an eye on the other bidders' bids to adjust my strategy accordingly."
0,Bidder Betty,30,20.0,False,21.0,0,common_value_second_gemini,V10,meta-llama/Meta-Llama-3-8B-Instruct,deep_infra,0.5,3,1,seal,second,common,0.1,1299,common_spsb.txt,2026-01-13_01-39-14-071862,01-58-53-762438,"Since this is the first round, I'll start by bidding a moderate amount to gauge the competition. Given my private value of $30, I'll bid $20, which is below my perceived value. This will allow me to observe the other bidders' behavior and adjust my strategy accordingly. I'll also keep in mind that the true value is equal to the common value, which is unknown at this point."
0,Bidder Charles,47,25.0,True,21.0,8.0,common_value_second_gemini,V10,meta-llama/Meta-Llama-3-8B-Instruct,deep_infra,0.5,3,1,seal,second,common,0.1,1299,common_spsb.txt,2026-01-13_01-39-14-071862,01-58-53-762438,"As the first round, I will bid strategically to maximize my long-term profit. Since I don't have any historical data, I will start by bidding a moderate amount, slightly above my private value, to gauge the competition. I will bid $25."
0,Bidder Andy,41,41.1,True,25.0,-4.0,common_value_second_gemini,V10,meta-llama/Meta-Llama-3-8B-Instruct,deep_infra,0.5,3,1,seal,second,common,0.1,1299,common_spsb.txt,2026-01-13_01-39-14-071862,01-59-04-182657,"Since this is the first round, I'll start by bidding based on my perceived value. I'll adjust my bid upwards slightly to account for the noise in the perceived value. I'll bid aggressively to maximize my profit potential, but not so high that I risk losing."
0,Bidder Betty,33,10.0,False,25.0,0,common_value_second_gemini,V10,meta-llama/Meta-Llama-3-8B-Instruct,deep_infra,0.5,3,1,seal,second,common,0.1,1299,common_spsb.txt,2026-01-13_01-39-14-071862,01-59-04-182657,"Since this is the first round, I'll start by bidding $10. This is a conservative bid, allowing me to learn more about the other bidders' behavior. I'll also keep in mind that my private value is $33, so I'm willing to pay up to $23 to win."
0,Bidder Charles,17,25.0,False,25.0,0,common_value_second_gemini,V10,meta-llama/Meta-Llama-3-8B-Instruct,deep_infra,0.5,3,1,seal,second,common,0.1,1299,common_spsb.txt,2026-01-13_01-39-14-071862,01-59-04-182657,"As this is the first round, I'll start by bidding a conservative amount to gauge the competition. Since my private value is $17, I'll bid slightly above the midpoint of the possible range to account for the noise. I'll aim to bid around $25, which is a reasonable starting point to maximize my profit."
0,Bidder Andy,49,24.9,True,14.0,15.0,common_value_second_gemini,V10,meta-llama/Meta-Llama-3-8B-Instruct,deep_infra,0.5,3,1,seal,second,common,0.1,1299,common_spsb.txt,2026-01-13_01-39-14-071862,01-59-15-572201,"Since it's the first round, I'll start by bidding a moderate amount to gauge the competition. Given my private value of $49, I'll bid $24.9, which is below the perceived value but still competitive. This will allow me to learn from the other bidders and adjust my strategy accordingly."
0,Bidder Betty,21,10.0,False,14.0,0,common_value_second_gemini,V10,meta-llama/Meta-Llama-3-8B-Instruct,deep_infra,0.5,3,1,seal,second,common,0.1,1299,common_spsb.txt,2026-01-13_01-39-14-071862,01-59-15-572201,"Since this is the first round, I'll start by bidding a moderate amount to gauge the competition. With a perceived value of $21, I'll bid $10. This allows me to stay within the optimal range while also being cautious and leaving room for adjustments in subsequent rounds."
0,Bidder Charles,20,14.0,False,14.0,0,common_value_second_gemini,V10,meta-llama/Meta-Llama-3-8B-Instruct,deep_infra,0.5,3,1,seal,second,common,0.1,1299,common_spsb.txt,2026-01-13_01-39-14-071862,01-59-15-572201,"Since it's the first round, I'll start by bidding a moderate amount to gauge the competition. I'll bid $14, which is below my perceived value of $20. This will allow me to gather information about the other bidders' perceived values and adjust my strategy accordingly."
0,Bidder Andy,34,34.1,True,28.1,-8.100000000000001,common_value_second_gemini,V10,meta-llama/Meta-Llama-3-8B-Instruct,deep_infra,0.5,3,1,seal,second,common,0.1,1299,common_spsb.txt,2026-01-13_01-39-14-071862,01-59-26-231087,"Since this is the first round, I'll start by bidding conservatively, taking into account the private noise adjustment. I'll bid slightly higher than my perceived value to account for the potential common value. I'll also consider the possibility that other bidders may be overestimating their values, so I'll bid a bit lower than their perceived values."
0,Bidder Betty,10,14.0,False,28.1,0,common_value_second_gemini,V10,meta-llama/Meta-Llama-3-8B-Instruct,deep_infra,0.5,3,1,seal,second,common,0.1,1299,common_spsb.txt,2026-01-13_01-39-14-071862,01-59-26-231087,"Given my private value of $10, I will bid strategically to maximize my long-term profit. Since this is the first round, I'll start with a conservative bid to gauge the competition. I'll bid slightly above my private value to account for the noise in the perceived values. I'll observe the bids and adjust my strategy accordingly."
0,Bidder Charles,27,28.1,False,28.1,0,common_value_second_gemini,V10,meta-llama/Meta-Llama-3-8B-Instruct,deep_infra,0.5,3,1,seal,second,common,0.1,1299,common_spsb.txt,2026-01-13_01-39-14-071862,01-59-26-231087,"Since this is the first round, I'll start by bidding conservatively, taking into account the private noise adjustment. I'll aim to bid slightly above the perceived value to account for the noise. With a perceived value of $27, I'll bid $28.1, which is a safe starting point."
0,Bidder Andy,7,14.0,False,24.0,0,common_value_second_gemini,V10,meta-llama/Meta-Llama-3-8B-Instruct,deep_infra,0.5,3,1,seal,second,common,0.1,1299,common_spsb.txt,2026-01-13_01-39-14-071862,01-59-36-669202,"Since this is the first round, I don't have any historical data to inform my decision. I'll start by bidding a moderate amount, $14, to gauge the competition and keep my options open for future rounds. I'll also keep my private value of $7 in mind, knowing that the true value is likely to be higher than my perceived value."
0,Bidder Betty,7,24.0,False,24.0,0,common_value_second_gemini,V10,meta-llama/Meta-Llama-3-8B-Instruct,deep_infra,0.5,3,1,seal,second,common,0.1,1299,common_spsb.txt,2026-01-13_01-39-14-071862,01-59-36-669202,"As a new round, I'll start with a conservative bid to gather information. Since my private value is $7, I'll bid slightly above the midpoint of the possible range, which is $24.5. This will give me a chance to observe the other bidders' moves and adjust my strategy accordingly."
0,Bidder Charles,38,39.0,True,24.0,-3.0,common_value_second_gemini,V10,meta-llama/Meta-Llama-3-8B-Instruct,deep_infra,0.5,3,1,seal,second,common,0.1,1299,common_spsb.txt,2026-01-13_01-39-14-071862,01-59-36-669202,"Since this is the first round, I will start by bidding conservatively, taking into account the private noise adjustment. I will bid slightly above my perceived value to account for potential noise. Given my private value is $38, I will bid $39.00."
0,Bidder Andy,34,34.1,True,24.0,-2.0,common_value_second_gemini,V10,meta-llama/Meta-Llama-3-8B-Instruct,deep_infra,0.5,3,1,seal,second,common,0.1,1299,common_spsb.txt,2026-01-13_01-39-14-071862,01-59-47-208317,"Since this is the first round, I'll start by bidding conservatively, taking into account the private noise adjustment. I'll bid slightly higher than my perceived value to account for the potential common value. I'll also consider the possibility that other bidders may be overestimating their values, so I'll bid a bit lower than their perceived values."
0,Bidder Betty,40,24.0,False,24.0,0,common_value_second_gemini,V10,meta-llama/Meta-Llama-3-8B-Instruct,deep_infra,0.5,3,1,seal,second,common,0.1,1299,common_spsb.txt,2026-01-13_01-39-14-071862,01-59-47-208317,"Since this is the first round, I'll start by bidding a moderate amount, considering my private value of $40. I'll aim to bid slightly higher than the midpoint of the possible range, which is $24.5. This will give me a good chance of winning while minimizing the risk of overpaying. I'll bid $24."
0,Bidder Charles,24,14.0,False,24.0,0,common_value_second_gemini,V10,meta-llama/Meta-Llama-3-8B-Instruct,deep_infra,0.5,3,1,seal,second,common,0.1,1299,common_spsb.txt,2026-01-13_01-39-14-071862,01-59-47-208317,"As this is the first round, I will start by bidding a moderate amount, $14, to gauge the competition and adjust my strategy accordingly. I will pay attention to the competing bids and adjust my bid for the next round based on the perceived value and the bidding patterns."
0,Bidder Andy,32,20.0,True,20.0,4.0,common_value_second_gemini,V10,meta-llama/Meta-Llama-3-8B-Instruct,deep_infra,0.5,3,1,seal,second,common,0.1,1299,common_spsb.txt,2026-01-13_01-39-14-071862,01-59-57-886003,"Since this is the first round, I'll start by bidding a moderate amount to gauge the competition. Given my perceived value of $32, I'll bid $20 to test the waters. This amount is low enough to be competitive, but high enough to show my interest in the prize. I'll analyze the other bidders' bids and adjust my strategy accordingly."
0,Bidder Betty,11,20.0,False,20.0,0,common_value_second_gemini,V10,meta-llama/Meta-Llama-3-8B-Instruct,deep_infra,0.5,3,1,seal,second,common,0.1,1299,common_spsb.txt,2026-01-13_01-39-14-071862,01-59-57-886003,"Since this is the first round, I'll start by bidding a moderate amount to gauge the competition. Given my private value of $11, I'll bid $20, which is slightly above the noise adjustment range. This will allow me to observe the other bidders' responses and adjust my strategy accordingly."
0,Bidder Charles,33,14.0,False,20.0,0,common_value_second_gemini,V10,meta-llama/Meta-Llama-3-8B-Instruct,deep_infra,0.5,3,1,seal,second,common,0.1,1299,common_spsb.txt,2026-01-13_01-39-14-071862,01-59-57-886003,"Since this is the first round, I will start by bidding cautiously to learn more about the other bidders' perceived values. I will bid a moderate amount, $14, to test the waters and gather information. I will then observe the other bidders' bids and adjust my strategy accordingly for the next round."
0,Bidder Andy,28,20.0,True,15.0,11.0,common_value_second_gemini,V10,meta-llama/Meta-Llama-3-8B-Instruct,deep_infra,0.5,3,1,seal,second,common,0.1,1299,common_spsb.txt,2026-01-13_01-39-14-071862,02-00-08-347325,"Since this is the first round, I'll start by bidding a moderate amount to gauge the competition. Given my private value of $28, I'll bid $20, which is below the perceived value of $28. This will allow me to gather information about the other bidders' perceived values and adjust my bidding strategy accordingly."
0,Bidder Betty,25,15.0,False,15.0,0,common_value_second_gemini,V10,meta-llama/Meta-Llama-3-8B-Instruct,deep_infra,0.5,3,1,seal,second,common,0.1,1299,common_spsb.txt,2026-01-13_01-39-14-071862,02-00-08-347325,"Given my private value of $25, I will bid strategically to maximize profit. Since this is the first round, I will start with a conservative bid to gather information. I will bid $15, which is below my private value, to test the competition and gain insight into their bidding behavior."
0,Bidder Charles,14,15.0,False,15.0,0,common_value_second_gemini,V10,meta-llama/Meta-Llama-3-8B-Instruct,deep_infra,0.5,3,1,seal,second,common,0.1,1299,common_spsb.txt,2026-01-13_01-39-14-071862,02-00-08-347325,"Since this is the first round, I will start by bidding a moderate amount to gauge the competition. Given my private value of $14, I will bid $15, which is slightly above my perceived value. This will allow me to observe the other bidders' strategies and adjust accordingly in future rounds."
0,Bidder Andy,17,24.0,False,24.0,0,common_value_second_gemini,V10,meta-llama/Meta-Llama-3-8B-Instruct,deep_infra,0.5,3,1,seal,second,common,0.1,1299,common_spsb.txt,2026-01-13_01-39-14-071862,02-00-23-297732,"As this is the first round, I will start by bidding a moderate amount to gauge the competition. Since my private value is $17, I will bid slightly above the midpoint of the possible range to increase my chances of winning. I will also keep in mind that the true value is the common value, not my perceived value."
0,Bidder Betty,34,34.1,True,24.0,2.0,common_value_second_gemini,V10,meta-llama/Meta-Llama-3-8B-Instruct,deep_infra,0.5,3,1,seal,second,common,0.1,1299,common_spsb.txt,2026-01-13_01-39-14-071862,02-00-23-297732,"As this is the first round, I will bid conservatively, considering the private noise adjustment and potential for overbidding. I will aim to bid slightly above my perceived value, taking into account the possibility of underbidding. I will observe the other bidders' behavior and adjust my strategy accordingly."
0,Bidder Charles,25,15.0,False,24.0,0,common_value_second_gemini,V10,meta-llama/Meta-Llama-3-8B-Instruct,deep_infra,0.5,3,1,seal,second,common,0.1,1299,common_spsb.txt,2026-01-13_01-39-14-071862,02-00-23-297732,"Since this is the first round, I'll start by bidding a moderate amount to gauge the competition. With my private value at $25, I'll bid $15 to maximize my potential profit. I'll observe the responses from Andy and Betty to adjust my strategy for the next round."
0,Bidder Andy,17,24.0,False,24.0,0,common_value_second_gemini,V10,meta-llama/Meta-Llama-3-8B-Instruct,deep_infra,0.5,3,1,seal,second,common,0.1,1299,common_spsb.txt,2026-01-13_01-39-14-071862,02-00-33-832992,"As this is the first round, I will start by bidding a moderate amount to gauge the competition. Since my private value is $17, I will bid slightly above the midpoint of the possible range to increase my chances of winning. I will also keep in mind that the true value is the common value, not my perceived value."
0,Bidder Betty,37,30.0,True,24.0,-3.0,common_value_second_gemini,V10,meta-llama/Meta-Llama-3-8B-Instruct,deep_infra,0.5,3,1,seal,second,common,0.1,1299,common_spsb.txt,2026-01-13_01-39-14-071862,02-00-33-832992,"Since this is the first round, I'll start by bidding a moderate amount to gauge the competition. Considering my private value is $37, I'll bid $30, which is slightly below my perceived value to account for the noise. This will also give me an opportunity to learn from the other bidders' strategies."
0,Bidder Charles,40,20.0,False,24.0,0,common_value_second_gemini,V10,meta-llama/Meta-Llama-3-8B-Instruct,deep_infra,0.5,3,1,seal,second,common,0.1,1299,common_spsb.txt,2026-01-13_01-39-14-071862,02-00-33-832992,"Since this is the first round, I will start by bidding a moderate amount to gauge the competition. I will bid $20, which is a reasonable starting point. I will observe the other bidders' bids and adjust my strategy accordingly in subsequent rounds."
0,Bidder Andy,32,20.0,True,10.0,11.0,common_value_second_gemini,V10,meta-llama/Meta-Llama-3-8B-Instruct,deep_infra,0.5,3,1,seal,second,common,0.1,1299,common_spsb.txt,2026-01-13_01-39-14-071862,02-00-44-501182,"Since this is the first round, I'll start by bidding a moderate amount to gauge the competition. Given my perceived value of $32, I'll bid $20 to test the waters. This amount is low enough to be competitive, but high enough to show my interest in the prize. I'll analyze the other bidders' bids and adjust my strategy accordingly."
0,Bidder Betty,14,10.0,False,10.0,0,common_value_second_gemini,V10,meta-llama/Meta-Llama-3-8B-Instruct,deep_infra,0.5,3,1,seal,second,common,0.1,1299,common_spsb.txt,2026-01-13_01-39-14-071862,02-00-44-501182,"Given my private value of $14, I will bid to maximize my expected profit. Since this is the first round, I don't have historical data to rely on. I will start by bidding a moderate amount, $10, to gauge the competition and adjust accordingly. I will monitor the other bidders' behavior and adjust my strategy for the next round if needed."
0,Bidder Charles,3,4.1,False,10.0,0,common_value_second_gemini,V10,meta-llama/Meta-Llama-3-8B-Instruct,deep_infra,0.5,3,1,seal,second,common,0.1,1299,common_spsb.txt,2026-01-13_01-39-14-071862,02-00-44-501182,"Since this is the first round, I will start by bidding a moderate amount to gauge the competition. Given my private value is $3, I will bid $4.10, which is slightly above the noise range. This will allow me to observe the competing bids and adjust my strategy accordingly."
0,Bidder Andy,21,10.0,False,10.0,0,common_value_second_gemini,V10,meta-llama/Meta-Llama-3-8B-Instruct,deep_infra,0.5,3,1,seal,second,common,0.1,1299,common_spsb.txt,2026-01-13_01-39-14-071862,02-00-59-616304,"Since this is the first round, I'll start by bidding a moderate amount to gauge the competition. Considering my private value is $21, I'll bid $10. This allows me to learn more about the other bidders while keeping my costs low. I'll observe their bids and adjust my strategy accordingly."
0,Bidder Betty,14,10.0,False,10.0,0,common_value_second_gemini,V10,meta-llama/Meta-Llama-3-8B-Instruct,deep_infra,0.5,3,1,seal,second,common,0.1,1299,common_spsb.txt,2026-01-13_01-39-14-071862,02-00-59-616304,"Given my private value of $14, I will bid to maximize my expected profit. Since this is the first round, I don't have historical data to rely on. I will start by bidding a moderate amount, $10, to gauge the competition and adjust accordingly. I will monitor the other bidders' behavior and adjust my strategy for the next round if needed."
0,Bidder Charles,26,24.5,True,10.0,11.0,common_value_second_gemini,V10,meta-llama/Meta-Llama-3-8B-Instruct,deep_infra,0.5,3,1,seal,second,common,0.1,1299,common_spsb.txt,2026-01-13_01-39-14-071862,02-00-59-616304,"As this is the first round, I'll start by bidding cautiously and observing the competition. Since my private value is $26, I'll bid slightly higher than the midpoint of the possible range ($24.5) to account for the noise in the perceived value. I'll bid $24.50, aiming to learn more about the competition's values and adjust my strategy accordingly."
0,Bidder Andy,25,15.0,False,15.0,0,common_value_second_gemini,V10,meta-llama/Meta-Llama-3-8B-Instruct,deep_infra,0.5,3,1,seal,second,common,0.1,1299,common_spsb.txt,2026-01-13_01-39-14-071862,02-01-10-184213,"Since this is the first round, I'll start by bidding a moderate amount to gauge the competition. Given my private value of $25, I'll bid $15 to leave room for future adjustments. I'll also observe the bids of Bidder Betty and Bidder Charles to adjust my strategy accordingly."
0,Bidder Betty,28,25.0,True,15.0,10.0,common_value_second_gemini,V10,meta-llama/Meta-Llama-3-8B-Instruct,deep_infra,0.5,3,1,seal,second,common,0.1,1299,common_spsb.txt,2026-01-13_01-39-14-071862,02-01-10-184213,"As this is the first round, I will start by bidding a moderate amount to gauge the competition. Considering my private value is $28, I will bid $25, which is below my perceived value, to increase the chances of winning and minimize losses. I will also keep an eye on the other bidders' bids to adjust my strategy accordingly."
0,Bidder Charles,8,4.0,False,15.0,0,common_value_second_gemini,V10,meta-llama/Meta-Llama-3-8B-Instruct,deep_infra,0.5,3,1,seal,second,common,0.1,1299,common_spsb.txt,2026-01-13_01-39-14-071862,02-01-10-184213,"Since this is the first round, I'll start by bidding conservatively to gather information. I'll bid $4, which is below my perceived value of $8. This will allow me to learn more about the other bidders' perceived values and adjust my strategy accordingly."
