round,player_name,player_value,bid,is_winner,final_price,profit,experiment_name,version,model,service_name,temperature,number_agents,total_rounds,seal_clock,price_order,private_value,increment,seed_base,special_name,timestamp,repetition_id,plan
0,Bidder Andy,34,29.0,True,29.0,-4.0,common_value_first_llama,V10,meta-llama/Meta-Llama-3-8B-Instruct,deep_infra,0.5,3,1,seal,first,common,0.1,1299,common_spsb.txt,2026-01-13_00-56-00-253376,00-56-00-261681,"Given my private value of $34, I will bid a moderate amount to maximize profit. Since it's the first round, I won't overbid, and instead, I'll aim for a bid that's slightly above the noise. I'll bid $29, which is a reasonable starting point, considering the range of possible true values (20-29)."
0,Bidder Betty,13,14.5,False,29.0,0,common_value_first_llama,V10,meta-llama/Meta-Llama-3-8B-Instruct,deep_infra,0.5,3,1,seal,first,common,0.1,1299,common_spsb.txt,2026-01-13_00-56-00-253376,00-56-00-261681,"Since this is the first round, I'll start by bidding conservatively to gauge the competition. I'll bid a moderate amount, slightly above my perceived value, to minimize the risk of overbidding. I'll also keep an eye on the other bidders' bids to adjust my strategy accordingly."
0,Bidder Charles,16,17.0,False,29.0,0,common_value_first_llama,V10,meta-llama/Meta-Llama-3-8B-Instruct,deep_infra,0.5,3,1,seal,first,common,0.1,1299,common_spsb.txt,2026-01-13_00-56-00-253376,00-56-00-261681,"As the first round, I'll start with a conservative bid to gather information about the other bidders' perceived values. Since my private value is $16, I'll bid slightly above the perceived value to have a chance to win. I'll bid $17, which is a small increment above my private value, to test the market and gain insight into the other bidders' strategies."
0,Bidder Andy,23,24.5,False,24.9,0,common_value_first_llama,V10,meta-llama/Meta-Llama-3-8B-Instruct,deep_infra,0.5,3,1,seal,first,common,0.1,1299,common_spsb.txt,2026-01-13_00-56-00-253376,00-56-15-207370,"As the first round, I'll start with a relatively low bid to gather information. Since my private value is $23, I'll bid slightly above the noise level to account for the uncertainty. I'll aim to bid $24.50, which is close to my perceived value and allows me to learn from the competition's responses."
0,Bidder Betty,30,24.9,True,24.9,0.10000000000000142,common_value_first_llama,V10,meta-llama/Meta-Llama-3-8B-Instruct,deep_infra,0.5,3,1,seal,first,common,0.1,1299,common_spsb.txt,2026-01-13_00-56-00-253376,00-56-15-207370,"Since this is the first round, I'll start by bidding a moderate amount to gauge the competition. Given my private value of $30, I'll bid slightly above the midpoint of the possible range to increase my chances of winning. I'll aim for a bid of $24.9, which is high enough to be competitive but low enough to leave room for adjustment in future rounds."
0,Bidder Charles,5,4.5,False,24.9,0,common_value_first_llama,V10,meta-llama/Meta-Llama-3-8B-Instruct,deep_infra,0.5,3,1,seal,first,common,0.1,1299,common_spsb.txt,2026-01-13_00-56-00-253376,00-56-15-207370,"As the first round, I'll start by bidding a moderate amount to gauge the competition. Given my private value is $5, I'll bid $4.50 to maximize my profit. I'll monitor the other bidders' bids and adjust accordingly in the next round, if any."
0,Bidder Andy,37,24.9,True,24.9,1.1000000000000014,common_value_first_llama,V10,meta-llama/Meta-Llama-3-8B-Instruct,deep_infra,0.5,3,1,seal,first,common,0.1,1299,common_spsb.txt,2026-01-13_00-56-00-253376,00-56-25-611234,"Given my private value is $37, I will bid strategically to maximize my long-term profit. Since this is the first round, I don't have any historical data to rely on. I will start by bidding a moderate amount, taking into account the possibility of other bidders' perceived values being higher or lower. I will bid $24.90, which is slightly above the middle of the bid range."
0,Bidder Betty,26,14.0,False,24.9,0,common_value_first_llama,V10,meta-llama/Meta-Llama-3-8B-Instruct,deep_infra,0.5,3,1,seal,first,common,0.1,1299,common_spsb.txt,2026-01-13_00-56-00-253376,00-56-25-611234,"Since this is the first round, I'll start by bidding a moderate amount to gauge the competition. I'll bid $14, which is slightly above the perceived value of $26 but below the maximum possible bid of $49. This will allow me to observe the bids of Bidder Andy and Bidder Charles while keeping my options open for future rounds."
0,Bidder Charles,13,15.0,False,24.9,0,common_value_first_llama,V10,meta-llama/Meta-Llama-3-8B-Instruct,deep_infra,0.5,3,1,seal,first,common,0.1,1299,common_spsb.txt,2026-01-13_00-56-00-253376,00-56-25-611234,"Since this is the first round, I'll start by bidding a moderate amount to gauge the competition. Considering my private value is $13, I'll bid $15, which is slightly above the noise adjustment. This will give me a chance to win and learn more about the other bidders' strategies."
0,Bidder Andy,14,24.0,True,24.0,3.0,common_value_first_llama,V10,meta-llama/Meta-Llama-3-8B-Instruct,deep_infra,0.5,3,1,seal,first,common,0.1,1299,common_spsb.txt,2026-01-13_00-56-00-253376,00-56-36-160180,"Since this is the first round and I don't have any historical data to learn from, I'll start by bidding a moderate amount. I'll bid $24, which is slightly above the midpoint of the possible bid range. This will give me a good chance of winning while keeping my potential losses relatively low."
0,Bidder Betty,43,4.1,False,24.0,0,common_value_first_llama,V10,meta-llama/Meta-Llama-3-8B-Instruct,deep_infra,0.5,3,1,seal,first,common,0.1,1299,common_spsb.txt,2026-01-13_00-56-00-253376,00-56-36-160180,"Since this is the first round, I'll start by bidding conservatively based on my perceived value of $43. I'll bid $4.1, which is slightly above the noise adjustment, to account for potential errors in my perception. This bid is also low enough to allow for potential learning in future rounds."
0,Bidder Charles,39,20.0,False,24.0,0,common_value_first_llama,V10,meta-llama/Meta-Llama-3-8B-Instruct,deep_infra,0.5,3,1,seal,first,common,0.1,1299,common_spsb.txt,2026-01-13_00-56-00-253376,00-56-36-160180,"Since this is the first round, I will start by bidding a moderate amount to gauge the competition. Given my private value of $39, I will bid $20 to leave room for potential adjustments in future rounds. I will analyze the bids and adjust my strategy accordingly."
0,Bidder Andy,23,24.5,True,24.5,0.5,common_value_first_llama,V10,meta-llama/Meta-Llama-3-8B-Instruct,deep_infra,0.5,3,1,seal,first,common,0.1,1299,common_spsb.txt,2026-01-13_00-56-00-253376,00-56-50-994055,"As the first round, I'll start with a relatively low bid to gather information. Since my private value is $23, I'll bid slightly above the noise level to account for the uncertainty. I'll aim to bid $24.50, which is close to my perceived value and allows me to learn from the competition's responses."
0,Bidder Betty,44,24.0,False,24.5,0,common_value_first_llama,V10,meta-llama/Meta-Llama-3-8B-Instruct,deep_infra,0.5,3,1,seal,first,common,0.1,1299,common_spsb.txt,2026-01-13_00-56-00-253376,00-56-50-994055,"Since this is the first round, I will start by bidding a moderate amount, considering my private value of $44. I will bid $24, aiming to balance the risk of losing and the potential reward of winning. This bid is likely to be competitive but not too aggressive, allowing me to learn from the outcome and adjust my strategy accordingly."
0,Bidder Charles,43,24.0,False,24.5,0,common_value_first_llama,V10,meta-llama/Meta-Llama-3-8B-Instruct,deep_infra,0.5,3,1,seal,first,common,0.1,1299,common_spsb.txt,2026-01-13_00-56-00-253376,00-56-50-994055,"Given my private value of $43, I will bid slightly above the expected average bid to maximize profit. Since this is the first round, I'll bid cautiously and aim for a bid between $20 and $30. I'll monitor the other bidders' behavior and adjust my strategy accordingly."
0,Bidder Andy,23,24.5,True,24.5,1.5,common_value_first_llama,V10,meta-llama/Meta-Llama-3-8B-Instruct,deep_infra,0.5,3,1,seal,first,common,0.1,1299,common_spsb.txt,2026-01-13_00-56-00-253376,00-57-05-676017,"As the first round, I'll start with a relatively low bid to gather information. Since my private value is $23, I'll bid slightly above the noise level to account for the uncertainty. I'll aim to bid $24.50, which is close to my perceived value and allows me to learn from the competition's responses."
0,Bidder Betty,45,20.0,False,24.5,0,common_value_first_llama,V10,meta-llama/Meta-Llama-3-8B-Instruct,deep_infra,0.5,3,1,seal,first,common,0.1,1299,common_spsb.txt,2026-01-13_00-56-00-253376,00-57-05-676017,"As this is the first round, I will start by bidding relatively conservatively to gauge the competition. Given my private value of $45, I will bid $20 to minimize potential losses. I will analyze the outcome and adjust my strategy accordingly in subsequent rounds."
0,Bidder Charles,6,10.0,False,24.5,0,common_value_first_llama,V10,meta-llama/Meta-Llama-3-8B-Instruct,deep_infra,0.5,3,1,seal,first,common,0.1,1299,common_spsb.txt,2026-01-13_00-56-00-253376,00-57-05-676017,"Since this is the first round, I will start by bidding a moderate amount to gather information about the other bidders. Given my private value of $6, I will bid $10 to stay competitive and gain insight into the other bidders' strategies."
0,Bidder Andy,32,30.0,True,30.0,-8.0,common_value_first_llama,V10,meta-llama/Meta-Llama-3-8B-Instruct,deep_infra,0.5,3,1,seal,first,common,0.1,1299,common_spsb.txt,2026-01-13_00-56-00-253376,00-57-16-239415,"Since this is the first round, I don't have any historical data to inform my decision. I'll start by bidding a moderate amount, taking into account the private value of $32. I'll aim to make a profit by bidding slightly higher than the true value, while keeping an eye on the competition. I'll bid $30."
0,Bidder Betty,27,10.0,False,30.0,0,common_value_first_llama,V10,meta-llama/Meta-Llama-3-8B-Instruct,deep_infra,0.5,3,1,seal,first,common,0.1,1299,common_spsb.txt,2026-01-13_00-56-00-253376,00-57-16-239415,"Since this is the first round, I'll start by bidding conservatively to gather information about the other bidders. I'll bid $10, a relatively low amount, to minimize my potential loss if I don't win. I'll also keep an eye on the other bidders' bids to adjust my strategy for the next round."
0,Bidder Charles,18,24.0,False,30.0,0,common_value_first_llama,V10,meta-llama/Meta-Llama-3-8B-Instruct,deep_infra,0.5,3,1,seal,first,common,0.1,1299,common_spsb.txt,2026-01-13_00-56-00-253376,00-57-16-239415,"As this is the first round, I'll start with a conservative bid to gauge the competition. Since my private value is $18, I'll bid slightly above it to account for noise. I'll aim for a bid that's likely to win but not too high to minimize potential losses."
0,Bidder Andy,42,24.0,True,24.0,3.0,common_value_first_llama,V10,meta-llama/Meta-Llama-3-8B-Instruct,deep_infra,0.5,3,1,seal,first,common,0.1,1299,common_spsb.txt,2026-01-13_00-56-00-253376,00-57-31-119283,"Given my private value of $42, I will bid strategically to maximize profit. Since this is the first round, I will start with a moderate bid to gather information and set the stage for future rounds. I will bid $24, which is below my private value but not too low to send a signal."
0,Bidder Betty,13,14.5,False,24.0,0,common_value_first_llama,V10,meta-llama/Meta-Llama-3-8B-Instruct,deep_infra,0.5,3,1,seal,first,common,0.1,1299,common_spsb.txt,2026-01-13_00-56-00-253376,00-57-31-119283,"Since this is the first round, I'll start by bidding conservatively to gauge the competition. I'll bid a moderate amount, slightly above my perceived value, to minimize the risk of overbidding. I'll also keep an eye on the other bidders' bids to adjust my strategy accordingly."
0,Bidder Charles,17,17.1,False,24.0,0,common_value_first_llama,V10,meta-llama/Meta-Llama-3-8B-Instruct,deep_infra,0.5,3,1,seal,first,common,0.1,1299,common_spsb.txt,2026-01-13_00-56-00-253376,00-57-31-119283,"Given my private value of $17, I will bid strategically to maximize my profit. Since this is the first round, I have no history to learn from. I will bid conservatively, starting with a bid that is slightly higher than my private value to avoid losing and paying nothing. I will monitor the other bidders' bids and adjust accordingly."
0,Bidder Andy,17,26.0,False,34.0,0,common_value_first_llama,V10,meta-llama/Meta-Llama-3-8B-Instruct,deep_infra,0.5,3,1,seal,first,common,0.1,1299,common_spsb.txt,2026-01-13_00-56-00-253376,00-57-45-869734,"Since this is the first round, I'll start by bidding a moderate amount to gauge the competition. Considering my private value is $17, I'll bid slightly above the midpoint to increase my chances of winning. I'll aim to bid around $25-$27, leaving room for adjustments in subsequent rounds if needed."
0,Bidder Betty,41,20.0,False,34.0,0,common_value_first_llama,V10,meta-llama/Meta-Llama-3-8B-Instruct,deep_infra,0.5,3,1,seal,first,common,0.1,1299,common_spsb.txt,2026-01-13_00-56-00-253376,00-57-45-869734,"Since this is the first round, I'll start by bidding a moderate amount, considering the private value of $41. I'll bid $20, which is below the perceived value, to gather information about the other bidders' perceived values. I'll also keep in mind that the true value is the common value, which is unknown."
0,Bidder Charles,33,34.0,True,34.0,-5.0,common_value_first_llama,V10,meta-llama/Meta-Llama-3-8B-Instruct,deep_infra,0.5,3,1,seal,first,common,0.1,1299,common_spsb.txt,2026-01-13_00-56-00-253376,00-57-45-869734,"Since this is the first round, I will focus on learning the common value. I will bid a moderate amount, slightly above my private value, to gauge the competition. I will also keep in mind that the true value is equal to the common value, which I don't know yet. My goal is to maximize profit in the long run, so I will aim to win with a bid that is not too high."
0,Bidder Andy,44,44.0,True,44.0,-17.0,common_value_first_llama,V10,meta-llama/Meta-Llama-3-8B-Instruct,deep_infra,0.5,3,1,seal,first,common,0.1,1299,common_spsb.txt,2026-01-13_00-56-00-253376,00-58-00-554164,"Since this is the first round and I have no historical data to rely on, I will start by bidding a moderate amount close to my private value. I will bid $44, which is my perceived value, to maximize my expected profit in this round."
0,Bidder Betty,18,9.0,False,44.0,0,common_value_first_llama,V10,meta-llama/Meta-Llama-3-8B-Instruct,deep_infra,0.5,3,1,seal,first,common,0.1,1299,common_spsb.txt,2026-01-13_00-56-00-253376,00-58-00-554164,"Since this is the first round, I'll start by bidding a moderate amount to gauge the competition. I'll bid slightly above my private value to account for potential noise in the other bidders' values. I'll also consider the possibility that the common value could be on the higher end of the range."
0,Bidder Charles,15,20.0,False,44.0,0,common_value_first_llama,V10,meta-llama/Meta-Llama-3-8B-Instruct,deep_infra,0.5,3,1,seal,first,common,0.1,1299,common_spsb.txt,2026-01-13_00-56-00-253376,00-58-00-554164,"Since this is the first round, I will start by bidding a moderate amount to gauge the competition. Given my private value of $15, I will aim to bid slightly higher to account for the noise in the perceived value. I will bid $20, which is a reasonable starting point to observe the other bidders' behavior."
0,Bidder Andy,38,10.0,False,20.9,0,common_value_first_llama,V10,meta-llama/Meta-Llama-3-8B-Instruct,deep_infra,0.5,3,1,seal,first,common,0.1,1299,common_spsb.txt,2026-01-13_00-56-00-253376,00-58-30-569505,"Since this is the first round, I'll start by bidding conservatively to gather information. I'll bid $10, which is below my private value, to minimize loss. I'll observe the bids and adjust my strategy accordingly in the next round."
0,Bidder Betty,27,10.0,False,20.9,0,common_value_first_llama,V10,meta-llama/Meta-Llama-3-8B-Instruct,deep_infra,0.5,3,1,seal,first,common,0.1,1299,common_spsb.txt,2026-01-13_00-56-00-253376,00-58-30-569505,"Since this is the first round, I'll start by bidding conservatively to gather information about the other bidders. I'll bid $10, a relatively low amount, to minimize my potential loss if I don't win. I'll also keep an eye on the other bidders' bids to adjust my strategy for the next round."
0,Bidder Charles,21,20.9,True,20.9,6.100000000000001,common_value_first_llama,V10,meta-llama/Meta-Llama-3-8B-Instruct,deep_infra,0.5,3,1,seal,first,common,0.1,1299,common_spsb.txt,2026-01-13_00-56-00-253376,00-58-30-569505,"Since this is the first round, I will start by bidding a moderate amount to gauge the competition. Since my private value is $21, I will bid $20.99, which is slightly below my perceived value. This will give me an opportunity to learn more about the other bidders' values and adjust my strategy accordingly."
0,Bidder Andy,39,20.0,False,25.0,0,common_value_first_llama,V10,meta-llama/Meta-Llama-3-8B-Instruct,deep_infra,0.5,3,1,seal,first,common,0.1,1299,common_spsb.txt,2026-01-13_00-56-00-253376,00-58-41-077809,"Since this is the first round, I'll start by bidding a moderate amount to gauge the competition. Given my private value of $39, I'll bid $20 to leave room for adjustments in subsequent rounds. I'll also observe the bids of Bidder Betty and Bidder Charles to refine my strategy for the next round."
0,Bidder Betty,38,19.5,False,25.0,0,common_value_first_llama,V10,meta-llama/Meta-Llama-3-8B-Instruct,deep_infra,0.5,3,1,seal,first,common,0.1,1299,common_spsb.txt,2026-01-13_00-56-00-253376,00-58-41-077809,"Since this is the first round, I'll start by bidding conservatively, considering the private noise adjustment. I'll aim to bid slightly higher than the midpoint of the perceived value range, which is $38, to account for potential noise. I'll bid $19.5, a reasonable starting point to gauge the competition."
0,Bidder Charles,20,25.0,True,25.0,-2.0,common_value_first_llama,V10,meta-llama/Meta-Llama-3-8B-Instruct,deep_infra,0.5,3,1,seal,first,common,0.1,1299,common_spsb.txt,2026-01-13_00-56-00-253376,00-58-41-077809,"Since this is the first round, I'll start by bidding a moderate amount to gauge the competition. Given my private value of $20, I'll aim to bid slightly above the expected average to increase my chances of winning. I'll start with a bid of $25, keeping in mind that the true value is the common value, which is unknown."
0,Bidder Andy,22,22.1,True,22.1,-0.10000000000000142,common_value_first_llama,V10,meta-llama/Meta-Llama-3-8B-Instruct,deep_infra,0.5,3,1,seal,first,common,0.1,1299,common_spsb.txt,2026-01-13_00-56-00-253376,00-58-55-953737,"Since this is the first round, I'll start by bidding conservatively, taking into account the private noise adjustment. I'll bid slightly higher than my perceived value to account for potential errors. I'll also observe the other bidders' bids to adjust my strategy for future rounds."
0,Bidder Betty,22,10.0,False,22.1,0,common_value_first_llama,V10,meta-llama/Meta-Llama-3-8B-Instruct,deep_infra,0.5,3,1,seal,first,common,0.1,1299,common_spsb.txt,2026-01-13_00-56-00-253376,00-58-55-953737,"Given my private value is $22 and the prize's true value is unknown, I will aim to maximize my profit by bidding strategically. I will start with a moderate bid, considering the noise in the perceived value. Since this is the first round, I won't have any historical data to rely on, so I'll err on the side of caution and bid conservatively. I'll start with a bid of $10."
0,Bidder Charles,7,4.0,False,22.1,0,common_value_first_llama,V10,meta-llama/Meta-Llama-3-8B-Instruct,deep_infra,0.5,3,1,seal,first,common,0.1,1299,common_spsb.txt,2026-01-13_00-56-00-253376,00-58-55-953737,"Since this is the first round, I will start with a conservative bid to gauge the competition. I will bid $4, as it is a relatively low amount and allows me to observe the other bidders' moves. I will also keep in mind that my private value is $7, and adjust my strategy accordingly based on the outcome of this round."
0,Bidder Andy,40,2.5,False,24.1,0,common_value_first_llama,V10,meta-llama/Meta-Llama-3-8B-Instruct,deep_infra,0.5,3,1,seal,first,common,0.1,1299,common_spsb.txt,2026-01-13_00-56-00-253376,00-59-11-371244,"Since this is the first round, I'll start with a conservative bid to gauge the competition. I'll bid $2.50, which is a low enough amount to minimize losses if I don't win, while also allowing me to learn more about the other bidders' perceived values."
0,Bidder Betty,42,24.1,True,24.1,3.8999999999999986,common_value_first_llama,V10,meta-llama/Meta-Llama-3-8B-Instruct,deep_infra,0.5,3,1,seal,first,common,0.1,1299,common_spsb.txt,2026-01-13_00-56-00-253376,00-59-11-371244,"Since this is the first round, I'll start by bidding a moderate amount to gauge the competition. With my private value of $42, I'll aim to bid slightly above the perceived value to increase my chances of winning. I'll start with a bid of $24.1, which is close to my perceived value but not too aggressive."
0,Bidder Charles,25,15.0,False,24.1,0,common_value_first_llama,V10,meta-llama/Meta-Llama-3-8B-Instruct,deep_infra,0.5,3,1,seal,first,common,0.1,1299,common_spsb.txt,2026-01-13_00-56-00-253376,00-59-11-371244,"Since this is the first round, I'll start by bidding a moderate amount to gauge the competition. With my private value at $25, I'll bid $15 to ensure I don't overbid and leave room for adjustments in future rounds."
0,Bidder Andy,36,10.1,False,29.0,0,common_value_first_llama,V10,meta-llama/Meta-Llama-3-8B-Instruct,deep_infra,0.5,3,1,seal,first,common,0.1,1299,common_spsb.txt,2026-01-13_00-56-00-253376,00-59-26-300752,"Since this is the first round, I'll start by bidding conservatively to learn more about the other bidders' values. I'll bid $10, which is below my perceived value, to gauge their responses. This will help me understand their bidding patterns and adjust my strategy accordingly."
0,Bidder Betty,22,10.0,False,29.0,0,common_value_first_llama,V10,meta-llama/Meta-Llama-3-8B-Instruct,deep_infra,0.5,3,1,seal,first,common,0.1,1299,common_spsb.txt,2026-01-13_00-56-00-253376,00-59-26-300752,"Given my private value is $22 and the prize's true value is unknown, I will aim to maximize my profit by bidding strategically. I will start with a moderate bid, considering the noise in the perceived value. Since this is the first round, I won't have any historical data to rely on, so I'll err on the side of caution and bid conservatively. I'll start with a bid of $10."
0,Bidder Charles,48,29.0,True,29.0,0.0,common_value_first_llama,V10,meta-llama/Meta-Llama-3-8B-Instruct,deep_infra,0.5,3,1,seal,first,common,0.1,1299,common_spsb.txt,2026-01-13_00-56-00-253376,00-59-26-300752,"As this is the first round, I will bid conservatively to gather information. Since my private value is $48, I will bid slightly above the midpoint of the possible range ($24.5) to $29. This will give me a good chance of winning without overpaying. I will also observe the bids of other bidders to adjust my strategy in future rounds."
0,Bidder Andy,9,10.0,False,25.0,0,common_value_first_llama,V10,meta-llama/Meta-Llama-3-8B-Instruct,deep_infra,0.5,3,1,seal,first,common,0.1,1299,common_spsb.txt,2026-01-13_00-56-00-253376,00-59-36-838800,"Since this is the first round, I'll start by bidding conservatively, taking into account the private noise adjustment. With a perceived value of $9, I'll bid $10, which is slightly above my perceived value to account for the noise. I'll also keep an eye on the other bidders' bids to adjust my strategy accordingly."
0,Bidder Betty,32,25.0,False,25.0,0,common_value_first_llama,V10,meta-llama/Meta-Llama-3-8B-Instruct,deep_infra,0.5,3,1,seal,first,common,0.1,1299,common_spsb.txt,2026-01-13_00-56-00-253376,00-59-36-838800,"Since this is the first round, I'll start by bidding a moderate amount to gauge the competition. Given my private value of $32, I'll bid slightly above the midpoint of the possible range, which is $24.50. This will allow me to gain information about the other bidders' values while keeping my options open for future rounds."
0,Bidder Charles,41,25.0,True,25.0,1.0,common_value_first_llama,V10,meta-llama/Meta-Llama-3-8B-Instruct,deep_infra,0.5,3,1,seal,first,common,0.1,1299,common_spsb.txt,2026-01-13_00-56-00-253376,00-59-36-838800,"As I'm the first bidder, I'll start with a conservative bid to gauge the competition. Since my private value is $41, I'll bid slightly above the midpoint of the possible range ($24.5) to account for the noise in the perceived value. I'll bid $25 to maximize my profit while minimizing the risk of losing."
0,Bidder Andy,22,22.1,False,24.9,0,common_value_first_llama,V10,meta-llama/Meta-Llama-3-8B-Instruct,deep_infra,0.5,3,1,seal,first,common,0.1,1299,common_spsb.txt,2026-01-13_00-56-00-253376,00-59-47-519536,"Since this is the first round, I'll start by bidding conservatively, taking into account the private noise adjustment. I'll bid slightly higher than my perceived value to account for potential errors. I'll also observe the other bidders' bids to adjust my strategy for future rounds."
0,Bidder Betty,30,24.9,True,24.9,1.1000000000000014,common_value_first_llama,V10,meta-llama/Meta-Llama-3-8B-Instruct,deep_infra,0.5,3,1,seal,first,common,0.1,1299,common_spsb.txt,2026-01-13_00-56-00-253376,00-59-47-519536,"Since this is the first round, I'll start by bidding a moderate amount to gauge the competition. Given my private value of $30, I'll bid slightly above the midpoint of the possible range to increase my chances of winning. I'll aim for a bid of $24.9, which is high enough to be competitive but low enough to leave room for adjustment in future rounds."
0,Bidder Charles,19,10.0,False,24.9,0,common_value_first_llama,V10,meta-llama/Meta-Llama-3-8B-Instruct,deep_infra,0.5,3,1,seal,first,common,0.1,1299,common_spsb.txt,2026-01-13_00-56-00-253376,00-59-47-519536,"As this is the first round, I'll start by bidding conservatively, taking into account the private noise adjustment. Since my perceived value is $19, I'll bid $10, hoping to avoid overbidding and minimize potential losses. I'll also keep an eye on the other bidders' perceived values and adjust my strategy accordingly."
0,Bidder Andy,18,20.0,True,20.0,3.0,common_value_first_llama,V10,meta-llama/Meta-Llama-3-8B-Instruct,deep_infra,0.5,3,1,seal,first,common,0.1,1299,common_spsb.txt,2026-01-13_00-56-00-253376,00-59-58-033652,"Since this is the first round, I'll start by bidding a moderate amount to gauge the competition. Considering my private value is $18, I'll bid $20, which is slightly above my perceived value to account for potential noise. I'll also keep an eye on Betty and Charles' bids to adjust my strategy in future rounds."
0,Bidder Betty,10,5.0,False,20.0,0,common_value_first_llama,V10,meta-llama/Meta-Llama-3-8B-Instruct,deep_infra,0.5,3,1,seal,first,common,0.1,1299,common_spsb.txt,2026-01-13_00-56-00-253376,00-59-58-033652,"Since this is the first round, I will start by bidding a moderate amount to gauge the competition. I will bid $5, which is below the perceived value of $10, but still high enough to show my interest. I will observe the bids from other players and adjust my strategy accordingly in subsequent rounds."
0,Bidder Charles,7,4.0,False,20.0,0,common_value_first_llama,V10,meta-llama/Meta-Llama-3-8B-Instruct,deep_infra,0.5,3,1,seal,first,common,0.1,1299,common_spsb.txt,2026-01-13_00-56-00-253376,00-59-58-033652,"Since this is the first round, I will start with a conservative bid to gauge the competition. I will bid $4, as it is a relatively low amount and allows me to observe the other bidders' moves. I will also keep in mind that my private value is $7, and adjust my strategy accordingly based on the outcome of this round."
0,Bidder Andy,29,15.0,False,24.0,0,common_value_first_llama,V10,meta-llama/Meta-Llama-3-8B-Instruct,deep_infra,0.5,3,1,seal,first,common,0.1,1299,common_spsb.txt,2026-01-13_00-56-00-253376,01-00-13-229932,"Since this is the first round, I'll start by bidding a moderate amount to gauge the opponents' behavior. Given my perceived value of $29, I'll bid $15 to avoid being too aggressive and to leave room for future adjustments."
0,Bidder Betty,29,24.0,True,24.0,5.0,common_value_first_llama,V10,meta-llama/Meta-Llama-3-8B-Instruct,deep_infra,0.5,3,1,seal,first,common,0.1,1299,common_spsb.txt,2026-01-13_00-56-00-253376,01-00-13-229932,"Since this is the first round, I'll start by bidding a moderate amount to gauge the competition. Given my private value of $29, I'll aim to bid slightly above the midpoint of the possible range. I'll also keep an eye on Bidder Andy and Bidder Charles' bids to adjust my strategy accordingly."
0,Bidder Charles,15,20.0,False,24.0,0,common_value_first_llama,V10,meta-llama/Meta-Llama-3-8B-Instruct,deep_infra,0.5,3,1,seal,first,common,0.1,1299,common_spsb.txt,2026-01-13_00-56-00-253376,01-00-13-229932,"Since this is the first round, I will start by bidding a moderate amount to gauge the competition. Given my private value of $15, I will aim to bid slightly higher to account for the noise in the perceived value. I will bid $20, which is a reasonable starting point to observe the other bidders' behavior."
0,Bidder Andy,32,30.0,True,30.0,-6.0,common_value_first_llama,V10,meta-llama/Meta-Llama-3-8B-Instruct,deep_infra,0.5,3,1,seal,first,common,0.1,1299,common_spsb.txt,2026-01-13_00-56-00-253376,01-00-38-916624,"Since this is the first round, I don't have any historical data to inform my decision. I'll start by bidding a moderate amount, taking into account the private value of $32. I'll aim to make a profit by bidding slightly higher than the true value, while keeping an eye on the competition. I'll bid $30."
0,Bidder Betty,38,19.5,False,30.0,0,common_value_first_llama,V10,meta-llama/Meta-Llama-3-8B-Instruct,deep_infra,0.5,3,1,seal,first,common,0.1,1299,common_spsb.txt,2026-01-13_00-56-00-253376,01-00-38-916624,"Since this is the first round, I'll start by bidding conservatively, considering the private noise adjustment. I'll aim to bid slightly higher than the midpoint of the perceived value range, which is $38, to account for potential noise. I'll bid $19.5, a reasonable starting point to gauge the competition."
0,Bidder Charles,25,15.0,False,30.0,0,common_value_first_llama,V10,meta-llama/Meta-Llama-3-8B-Instruct,deep_infra,0.5,3,1,seal,first,common,0.1,1299,common_spsb.txt,2026-01-13_00-56-00-253376,01-00-38-916624,"Since this is the first round, I'll start by bidding a moderate amount to gauge the competition. With my private value at $25, I'll bid $15 to ensure I don't overbid and leave room for adjustments in future rounds."
0,Bidder Andy,24,23.1,False,25.0,0,common_value_first_llama,V10,meta-llama/Meta-Llama-3-8B-Instruct,deep_infra,0.5,3,1,seal,first,common,0.1,1299,common_spsb.txt,2026-01-13_00-56-00-253376,01-00-49-421196,"Since this is the first round, I'll start by bidding a moderate amount to gauge the competition. I'll bid slightly above my private value, taking into account the noise in the perceived value. This will give me a good starting point for future rounds."
0,Bidder Betty,37,25.0,True,25.0,1.0,common_value_first_llama,V10,meta-llama/Meta-Llama-3-8B-Instruct,deep_infra,0.5,3,1,seal,first,common,0.1,1299,common_spsb.txt,2026-01-13_00-56-00-253376,01-00-49-421196,"As this is the first round, I'll start by bidding a moderate amount to gauge the competition. Since my private value is $37, I'll bid slightly above the midpoint of the possible range ($24.5) to account for the noise in the perceived value. I'll bid $25 to balance the risk of overbidding and underbidding."
0,Bidder Charles,10,1.0,False,25.0,0,common_value_first_llama,V10,meta-llama/Meta-Llama-3-8B-Instruct,deep_infra,0.5,3,1,seal,first,common,0.1,1299,common_spsb.txt,2026-01-13_00-56-00-253376,01-00-49-421196,"Since this is the first round, I'll start by bidding a conservative amount to minimize losses and gain information about the other bidders' perceived values. I'll bid $1 to gather data and avoid overbidding, while still having a chance to win the prize."
0,Bidder Andy,11,15.0,False,24.0,0,common_value_first_llama,V10,meta-llama/Meta-Llama-3-8B-Instruct,deep_infra,0.5,3,1,seal,first,common,0.1,1299,common_spsb.txt,2026-01-13_00-56-00-253376,01-01-00-257490,"Since this is the first round, I'll start by bidding a moderate amount to gauge the competition. Given my perceived value of $11, I'll bid $15, which is slightly above the noise adjustment. This will allow me to observe the other bidders' behavior and adjust my strategy accordingly."
0,Bidder Betty,36,24.0,True,24.0,-2.0,common_value_first_llama,V10,meta-llama/Meta-Llama-3-8B-Instruct,deep_infra,0.5,3,1,seal,first,common,0.1,1299,common_spsb.txt,2026-01-13_00-56-00-253376,01-01-00-257490,"Since it's the first round, I'll start by bidding a moderate amount, considering my private value of $36. I'll bid $24, hoping to win and maximize my profit. I'll also keep an eye on the other bidders' strategies to adjust my bidding in subsequent rounds, if any."
0,Bidder Charles,10,1.0,False,24.0,0,common_value_first_llama,V10,meta-llama/Meta-Llama-3-8B-Instruct,deep_infra,0.5,3,1,seal,first,common,0.1,1299,common_spsb.txt,2026-01-13_00-56-00-253376,01-01-00-257490,"Since this is the first round, I'll start by bidding a conservative amount to minimize losses and gain information about the other bidders' perceived values. I'll bid $1 to gather data and avoid overbidding, while still having a chance to win the prize."
0,Bidder Andy,36,10.1,False,20.0,0,common_value_first_llama,V10,meta-llama/Meta-Llama-3-8B-Instruct,deep_infra,0.5,3,1,seal,first,common,0.1,1299,common_spsb.txt,2026-01-13_00-56-00-253376,01-01-11-510742,"Since this is the first round, I'll start by bidding conservatively to learn more about the other bidders' values. I'll bid $10, which is below my perceived value, to gauge their responses. This will help me understand their bidding patterns and adjust my strategy accordingly."
0,Bidder Betty,22,10.0,False,20.0,0,common_value_first_llama,V10,meta-llama/Meta-Llama-3-8B-Instruct,deep_infra,0.5,3,1,seal,first,common,0.1,1299,common_spsb.txt,2026-01-13_00-56-00-253376,01-01-11-510742,"Given my private value is $22 and the prize's true value is unknown, I will aim to maximize my profit by bidding strategically. I will start with a moderate bid, considering the noise in the perceived value. Since this is the first round, I won't have any historical data to rely on, so I'll err on the side of caution and bid conservatively. I'll start with a bid of $10."
0,Bidder Charles,22,20.0,True,20.0,8.0,common_value_first_llama,V10,meta-llama/Meta-Llama-3-8B-Instruct,deep_infra,0.5,3,1,seal,first,common,0.1,1299,common_spsb.txt,2026-01-13_00-56-00-253376,01-01-11-510742,"As the first round, I'll start by bidding a moderate amount to gauge the competition. Since my private value is $22, I'll bid $20, which is below my perceived value. This allows me to learn more about the other bidders' strategies and adjust my bid accordingly in the next rounds. I'll also keep an eye on the other bidders' bids to determine if they're overbidding or underbidding."
0,Bidder Andy,24,23.1,True,23.1,2.8999999999999986,common_value_first_llama,V10,meta-llama/Meta-Llama-3-8B-Instruct,deep_infra,0.5,3,1,seal,first,common,0.1,1299,common_spsb.txt,2026-01-13_00-56-00-253376,01-01-22-069647,"Since this is the first round, I'll start by bidding a moderate amount to gauge the competition. I'll bid slightly above my private value, taking into account the noise in the perceived value. This will give me a good starting point for future rounds."
0,Bidder Betty,27,10.0,False,23.1,0,common_value_first_llama,V10,meta-llama/Meta-Llama-3-8B-Instruct,deep_infra,0.5,3,1,seal,first,common,0.1,1299,common_spsb.txt,2026-01-13_00-56-00-253376,01-01-22-069647,"Since this is the first round, I'll start by bidding conservatively to gather information about the other bidders. I'll bid $10, a relatively low amount, to minimize my potential loss if I don't win. I'll also keep an eye on the other bidders' bids to adjust my strategy for the next round."
0,Bidder Charles,15,20.0,False,23.1,0,common_value_first_llama,V10,meta-llama/Meta-Llama-3-8B-Instruct,deep_infra,0.5,3,1,seal,first,common,0.1,1299,common_spsb.txt,2026-01-13_00-56-00-253376,01-01-22-069647,"Since this is the first round, I will start by bidding a moderate amount to gauge the competition. Given my private value of $15, I will aim to bid slightly higher to account for the noise in the perceived value. I will bid $20, which is a reasonable starting point to observe the other bidders' behavior."
0,Bidder Andy,35,10.0,False,24.0,0,common_value_first_llama,V10,meta-llama/Meta-Llama-3-8B-Instruct,deep_infra,0.5,3,1,seal,first,common,0.1,1299,common_spsb.txt,2026-01-13_00-56-00-253376,01-01-33-121626,"Since this is the first round, I will start by bidding conservatively, aiming to learn more about the other bidders' strategies. I will bid $10, a relatively low amount, to gauge their responses and gain insight for future rounds. This approach will help me adjust my bidding strategy accordingly to maximize my long-term profit."
0,Bidder Betty,29,24.0,True,24.0,3.0,common_value_first_llama,V10,meta-llama/Meta-Llama-3-8B-Instruct,deep_infra,0.5,3,1,seal,first,common,0.1,1299,common_spsb.txt,2026-01-13_00-56-00-253376,01-01-33-121626,"Since this is the first round, I'll start by bidding a moderate amount to gauge the competition. Given my private value of $29, I'll aim to bid slightly above the midpoint of the possible range. I'll also keep an eye on Bidder Andy and Bidder Charles' bids to adjust my strategy accordingly."
0,Bidder Charles,9,11.0,False,24.0,0,common_value_first_llama,V10,meta-llama/Meta-Llama-3-8B-Instruct,deep_infra,0.5,3,1,seal,first,common,0.1,1299,common_spsb.txt,2026-01-13_00-56-00-253376,01-01-33-121626,"As this is the first round, I'll start by bidding a small amount to gather information about the other bidders. Since my private value is $9, I'll bid slightly higher than that to account for potential noise. I'll aim to bid around $10-$12 to maximize my chances of winning while minimizing my potential loss."
0,Bidder Andy,35,10.0,False,30.1,0,common_value_first_llama,V10,meta-llama/Meta-Llama-3-8B-Instruct,deep_infra,0.5,3,1,seal,first,common,0.1,1299,common_spsb.txt,2026-01-13_00-56-00-253376,01-01-54-182529,"Since this is the first round, I will start by bidding conservatively, aiming to learn more about the other bidders' strategies. I will bid $10, a relatively low amount, to gauge their responses and gain insight for future rounds. This approach will help me adjust my bidding strategy accordingly to maximize my long-term profit."
0,Bidder Betty,31,30.1,True,30.1,-3.1000000000000014,common_value_first_llama,V10,meta-llama/Meta-Llama-3-8B-Instruct,deep_infra,0.5,3,1,seal,first,common,0.1,1299,common_spsb.txt,2026-01-13_00-56-00-253376,01-01-54-182529,"Since this is the first round, I will bid based on my private value. I will bid a price that is slightly above my private value to account for the noisy adjustment. I will start with a bid of $30.1, which is close to my private value of $31, but still within the allowed range. This will give me a good chance of winning while minimizing my potential loss if I don't win."
0,Bidder Charles,27,27.5,False,30.1,0,common_value_first_llama,V10,meta-llama/Meta-Llama-3-8B-Instruct,deep_infra,0.5,3,1,seal,first,common,0.1,1299,common_spsb.txt,2026-01-13_00-56-00-253376,01-01-54-182529,"Since this is the first round, I don't have any historical data to inform my bidding strategy. However, I'll start by bidding a moderate amount that's likely to be competitive but not too aggressive. I'll consider the private value of $27 and bid slightly higher to account for the noisy measurement. I'll aim for a bid between $25 and $30."
0,Bidder Andy,21,23.0,False,24.5,0,common_value_first_llama,V10,meta-llama/Meta-Llama-3-8B-Instruct,deep_infra,0.5,3,1,seal,first,common,0.1,1299,common_spsb.txt,2026-01-13_00-56-00-253376,01-02-04-918153,"Since this is the first round, I'll start by bidding a moderate amount to gauge the competition. I'll bid slightly above the average perceived value to increase my chances of winning. Given my private value of $21, I'll aim to bid between $20 and $25 to maximize my expected profit."
0,Bidder Betty,25,24.1,False,24.5,0,common_value_first_llama,V10,meta-llama/Meta-Llama-3-8B-Instruct,deep_infra,0.5,3,1,seal,first,common,0.1,1299,common_spsb.txt,2026-01-13_00-56-00-253376,01-02-04-918153,"Since this is the first round, I'll start by bidding a moderate amount to gauge the competition. Given my private value of $25, I'll bid slightly above it to leave room for adjustments. I'll also observe the other bidders' bids to adjust my strategy accordingly. I'll aim to maximize my profit by winning the prize at a reasonable price or losing with minimal loss."
0,Bidder Charles,24,24.5,True,24.5,4.5,common_value_first_llama,V10,meta-llama/Meta-Llama-3-8B-Instruct,deep_infra,0.5,3,1,seal,first,common,0.1,1299,common_spsb.txt,2026-01-13_00-56-00-253376,01-02-04-918153,"As this is the first round, I will start by bidding conservatively, considering the private noise adjustment may be high. I will bid slightly above my perceived value, aiming to win the prize while minimizing losses. I will monitor the bids and adjust my strategy accordingly in subsequent rounds."
0,Bidder Andy,13,14.0,False,43.9,0,common_value_first_llama,V10,meta-llama/Meta-Llama-3-8B-Instruct,deep_infra,0.5,3,1,seal,first,common,0.1,1299,common_spsb.txt,2026-01-13_00-56-00-253376,01-02-15-551325,"Since this is the first round, I'll start by bidding a moderate amount based on my perceived value. I'll bid $14, which is slightly higher than my perceived value to account for the noise. I'll also observe the bids of the other players to adjust my strategy for future rounds."
0,Bidder Betty,7,4.5,False,43.9,0,common_value_first_llama,V10,meta-llama/Meta-Llama-3-8B-Instruct,deep_infra,0.5,3,1,seal,first,common,0.1,1299,common_spsb.txt,2026-01-13_00-56-00-253376,01-02-15-551325,"Since this is the first round, I'll start by bidding a moderate amount, taking into account my private value of $7. I'll bid $4.50, which is slightly above my private value to account for potential noise in the perceived value. This bid should give me a good chance of winning while minimizing my potential loss if I don't win."
0,Bidder Charles,47,43.9,True,43.9,-16.9,common_value_first_llama,V10,meta-llama/Meta-Llama-3-8B-Instruct,deep_infra,0.5,3,1,seal,first,common,0.1,1299,common_spsb.txt,2026-01-13_00-56-00-253376,01-02-15-551325,"As the first round, I'll start by bidding a moderate amount to gauge the competition. Since my private value is $47, I'll bid slightly below to account for potential noise. I'll also observe the bids of Bidder Andy and Bidder Betty to adjust my strategy for future rounds. Initially, I'll bid $43.9 to maximize my profit while minimizing risk."
0,Bidder Andy,37,24.9,False,27.0,0,common_value_first_llama,V10,meta-llama/Meta-Llama-3-8B-Instruct,deep_infra,0.5,3,1,seal,first,common,0.1,1299,common_spsb.txt,2026-01-13_00-56-00-253376,01-02-26-315615,"Given my private value is $37, I will bid strategically to maximize my long-term profit. Since this is the first round, I don't have any historical data to rely on. I will start by bidding a moderate amount, taking into account the possibility of other bidders' perceived values being higher or lower. I will bid $24.90, which is slightly above the middle of the bid range."
0,Bidder Betty,36,24.0,False,27.0,0,common_value_first_llama,V10,meta-llama/Meta-Llama-3-8B-Instruct,deep_infra,0.5,3,1,seal,first,common,0.1,1299,common_spsb.txt,2026-01-13_00-56-00-253376,01-02-26-315615,"Since it's the first round, I'll start by bidding a moderate amount, considering my private value of $36. I'll bid $24, hoping to win and maximize my profit. I'll also keep an eye on the other bidders' strategies to adjust my bidding in subsequent rounds, if any."
0,Bidder Charles,23,27.0,True,27.0,-4.0,common_value_first_llama,V10,meta-llama/Meta-Llama-3-8B-Instruct,deep_infra,0.5,3,1,seal,first,common,0.1,1299,common_spsb.txt,2026-01-13_00-56-00-253376,01-02-26-315615,"As this is the first round, I'll start by bidding aggressively to maximize my chances of winning. Since my private value is $23, I'll bid a value that is slightly higher to account for the noise. I'll aim for a bid that is around $25-$27, which gives me a good chance of winning and minimizing my losses if I don't win."
0,Bidder Andy,42,24.0,False,34.5,0,common_value_first_llama,V10,meta-llama/Meta-Llama-3-8B-Instruct,deep_infra,0.5,3,1,seal,first,common,0.1,1299,common_spsb.txt,2026-01-13_00-56-00-253376,01-02-36-855670,"Given my private value of $42, I will bid strategically to maximize profit. Since this is the first round, I will start with a moderate bid to gather information and set the stage for future rounds. I will bid $24, which is below my private value but not too low to send a signal."
0,Bidder Betty,34,34.5,True,34.5,-12.5,common_value_first_llama,V10,meta-llama/Meta-Llama-3-8B-Instruct,deep_infra,0.5,3,1,seal,first,common,0.1,1299,common_spsb.txt,2026-01-13_00-56-00-253376,01-02-36-855670,"As I'm Bidder Betty, my top priority is to maximize the user's profit in the long run. Since this is the first round, I'll start by bidding conservatively, taking into account the private noise adjustment. I'll bid slightly below my perceived value to account for potential overestimation. I'll keep track of the bids and adjust my strategy accordingly in subsequent rounds."
0,Bidder Charles,30,20.0,False,34.5,0,common_value_first_llama,V10,meta-llama/Meta-Llama-3-8B-Instruct,deep_infra,0.5,3,1,seal,first,common,0.1,1299,common_spsb.txt,2026-01-13_00-56-00-253376,01-02-36-855670,"Since this is the first round, I'll start by bidding a moderate amount to gauge the competition. Given my private value is $30, I'll bid $20, which is below my perceived value. This will allow me to observe the other bidders' behavior while keeping my own costs relatively low."
0,Bidder Andy,37,24.9,True,24.9,1.1000000000000014,common_value_first_llama,V10,meta-llama/Meta-Llama-3-8B-Instruct,deep_infra,0.5,3,1,seal,first,common,0.1,1299,common_spsb.txt,2026-01-13_00-56-00-253376,01-02-47-626010,"Given my private value is $37, I will bid strategically to maximize my long-term profit. Since this is the first round, I don't have any historical data to rely on. I will start by bidding a moderate amount, taking into account the possibility of other bidders' perceived values being higher or lower. I will bid $24.90, which is slightly above the middle of the bid range."
0,Bidder Betty,15,20.0,False,24.9,0,common_value_first_llama,V10,meta-llama/Meta-Llama-3-8B-Instruct,deep_infra,0.5,3,1,seal,first,common,0.1,1299,common_spsb.txt,2026-01-13_00-56-00-253376,01-02-47-626010,"Since this is the first round, I'll start by bidding a moderate amount to gauge the competition. Given my private value of $15, I'll bid $20, which is slightly above the noise adjustment and below the perceived value range. This will allow me to observe the others' bids and adjust my strategy accordingly."
0,Bidder Charles,44,20.0,False,24.9,0,common_value_first_llama,V10,meta-llama/Meta-Llama-3-8B-Instruct,deep_infra,0.5,3,1,seal,first,common,0.1,1299,common_spsb.txt,2026-01-13_00-56-00-253376,01-02-47-626010,"Since this is the first round, I will start by bidding a moderate amount, taking into account my private value of $44. I will bid $20, which is below my private value but not too low to risk losing. This will give me a chance to learn from the other bidders' moves and adjust my strategy accordingly."
0,Bidder Andy,20,10.0,False,20.0,0,common_value_first_llama,V10,meta-llama/Meta-Llama-3-8B-Instruct,deep_infra,0.5,3,1,seal,first,common,0.1,1299,common_spsb.txt,2026-01-13_00-56-00-253376,01-02-58-577277,"Since this is the first round, I will start by bidding a moderate amount to gauge the competition. Given my private value of $20, I will bid $10 to maximize my profit in the long run, as the true value is equal to the common value. I will observe the bids of Bidder Betty and Bidder Charles to adjust my strategy for future rounds."
0,Bidder Betty,15,20.0,True,20.0,5.0,common_value_first_llama,V10,meta-llama/Meta-Llama-3-8B-Instruct,deep_infra,0.5,3,1,seal,first,common,0.1,1299,common_spsb.txt,2026-01-13_00-56-00-253376,01-02-58-577277,"Since this is the first round, I'll start by bidding a moderate amount to gauge the competition. Given my private value of $15, I'll bid $20, which is slightly above the noise adjustment and below the perceived value range. This will allow me to observe the others' bids and adjust my strategy accordingly."
0,Bidder Charles,12,3.0,False,20.0,0,common_value_first_llama,V10,meta-llama/Meta-Llama-3-8B-Instruct,deep_infra,0.5,3,1,seal,first,common,0.1,1299,common_spsb.txt,2026-01-13_00-56-00-253376,01-02-58-577277,"Given my private value of $12, I will bid strategically to maximize my profit. Since this is the first round, I don't have any historical data to inform my decision. I will bid conservatively, aiming for a bid that is slightly higher than the expected noise in the private adjustments. I will bid $3. This will give me a good chance of winning without overpaying."
0,Bidder Andy,42,24.0,False,34.0,0,common_value_first_llama,V10,meta-llama/Meta-Llama-3-8B-Instruct,deep_infra,0.5,3,1,seal,first,common,0.1,1299,common_spsb.txt,2026-01-13_00-56-00-253376,01-03-13-558268,"Given my private value of $42, I will bid strategically to maximize profit. Since this is the first round, I will start with a moderate bid to gather information and set the stage for future rounds. I will bid $24, which is below my private value but not too low to send a signal."
0,Bidder Betty,40,28.0,False,34.0,0,common_value_first_llama,V10,meta-llama/Meta-Llama-3-8B-Instruct,deep_infra,0.5,3,1,seal,first,common,0.1,1299,common_spsb.txt,2026-01-13_00-56-00-253376,01-03-13-558268,"As this is the first round, I will start with a conservative bid to gauge the competition. Since my private value is $40, I will bid slightly above the perceived value to account for noise. I will bid $28 to minimize the risk of overpaying and maximize the potential for profit."
0,Bidder Charles,33,34.0,True,34.0,-5.0,common_value_first_llama,V10,meta-llama/Meta-Llama-3-8B-Instruct,deep_infra,0.5,3,1,seal,first,common,0.1,1299,common_spsb.txt,2026-01-13_00-56-00-253376,01-03-13-558268,"Since this is the first round, I will focus on learning the common value. I will bid a moderate amount, slightly above my private value, to gauge the competition. I will also keep in mind that the true value is equal to the common value, which I don't know yet. My goal is to maximize profit in the long run, so I will aim to win with a bid that is not too high."
0,Bidder Andy,24,23.1,False,24.5,0,common_value_first_llama,V10,meta-llama/Meta-Llama-3-8B-Instruct,deep_infra,0.5,3,1,seal,first,common,0.1,1299,common_spsb.txt,2026-01-13_00-56-00-253376,01-03-24-164334,"Since this is the first round, I'll start by bidding a moderate amount to gauge the competition. I'll bid slightly above my private value, taking into account the noise in the perceived value. This will give me a good starting point for future rounds."
0,Bidder Betty,11,24.0,False,24.5,0,common_value_first_llama,V10,meta-llama/Meta-Llama-3-8B-Instruct,deep_infra,0.5,3,1,seal,first,common,0.1,1299,common_spsb.txt,2026-01-13_00-56-00-253376,01-03-24-164334,"As this is the first round, I'll start by bidding a moderate amount to gauge the competition. Since my private value is $11, I'll bid slightly above it to account for the noise. I'll also observe the other bidders' bids to adjust my strategy for subsequent rounds, if any."
0,Bidder Charles,24,24.5,True,24.5,-4.5,common_value_first_llama,V10,meta-llama/Meta-Llama-3-8B-Instruct,deep_infra,0.5,3,1,seal,first,common,0.1,1299,common_spsb.txt,2026-01-13_00-56-00-253376,01-03-24-164334,"As this is the first round, I will start by bidding conservatively, considering the private noise adjustment may be high. I will bid slightly above my perceived value, aiming to win the prize while minimizing losses. I will monitor the bids and adjust my strategy accordingly in subsequent rounds."
0,Bidder Andy,29,15.0,False,47.0,0,common_value_first_llama,V10,meta-llama/Meta-Llama-3-8B-Instruct,deep_infra,0.5,3,1,seal,first,common,0.1,1299,common_spsb.txt,2026-01-13_00-56-00-253376,01-03-34-640420,"Since this is the first round, I'll start by bidding a moderate amount to gauge the opponents' behavior. Given my perceived value of $29, I'll bid $15 to avoid being too aggressive and to leave room for future adjustments."
0,Bidder Betty,47,47.0,True,47.0,-20.0,common_value_first_llama,V10,meta-llama/Meta-Llama-3-8B-Instruct,deep_infra,0.5,3,1,seal,first,common,0.1,1299,common_spsb.txt,2026-01-13_00-56-00-253376,01-03-34-640420,"Since this is the first round, I will bid based on my private perceived value. I will bid the nearest whole dollar amount to my private value, which is $47. I will not consider the bids of other players yet, as there is no history to learn from. My goal is to maximize my profit by bidding close to my true value."
0,Bidder Charles,12,3.0,False,47.0,0,common_value_first_llama,V10,meta-llama/Meta-Llama-3-8B-Instruct,deep_infra,0.5,3,1,seal,first,common,0.1,1299,common_spsb.txt,2026-01-13_00-56-00-253376,01-03-34-640420,"Given my private value of $12, I will bid strategically to maximize my profit. Since this is the first round, I don't have any historical data to inform my decision. I will bid conservatively, aiming for a bid that is slightly higher than the expected noise in the private adjustments. I will bid $3. This will give me a good chance of winning without overpaying."
0,Bidder Andy,11,15.0,False,22.5,0,common_value_first_llama,V10,meta-llama/Meta-Llama-3-8B-Instruct,deep_infra,0.5,3,1,seal,first,common,0.1,1299,common_spsb.txt,2026-01-13_00-56-00-253376,01-03-45-315780,"Since this is the first round, I'll start by bidding a moderate amount to gauge the competition. Given my perceived value of $11, I'll bid $15, which is slightly above the noise adjustment. This will allow me to observe the other bidders' behavior and adjust my strategy accordingly."
0,Bidder Betty,8,10.0,False,22.5,0,common_value_first_llama,V10,meta-llama/Meta-Llama-3-8B-Instruct,deep_infra,0.5,3,1,seal,first,common,0.1,1299,common_spsb.txt,2026-01-13_00-56-00-253376,01-03-45-315780,"Since this is the first round, I'll start by bidding a moderate amount to gauge the competition. Given my private value of $8, I'll bid $10, which is slightly above the noise adjustment. This allows me to maintain a competitive position while keeping my bid reasonable."
0,Bidder Charles,35,22.5,True,22.5,4.5,common_value_first_llama,V10,meta-llama/Meta-Llama-3-8B-Instruct,deep_infra,0.5,3,1,seal,first,common,0.1,1299,common_spsb.txt,2026-01-13_00-56-00-253376,01-03-45-315780,"Since this is the first round, I'll start by bidding a moderate amount to gauge the competition. Considering my private value is $35, I'll bid slightly above the midpoint to increase my chances of winning. I'll bid $22.50, which is 64.3% of my perceived value, to balance risk and potential profit."
0,Bidder Andy,44,44.0,True,44.0,-16.0,common_value_first_llama,V10,meta-llama/Meta-Llama-3-8B-Instruct,deep_infra,0.5,3,1,seal,first,common,0.1,1299,common_spsb.txt,2026-01-13_00-56-00-253376,01-03-55-917634,"Since this is the first round and I have no historical data to rely on, I will start by bidding a moderate amount close to my private value. I will bid $44, which is my perceived value, to maximize my expected profit in this round."
0,Bidder Betty,12,4.0,False,44.0,0,common_value_first_llama,V10,meta-llama/Meta-Llama-3-8B-Instruct,deep_infra,0.5,3,1,seal,first,common,0.1,1299,common_spsb.txt,2026-01-13_00-56-00-253376,01-03-55-917634,"Since this is the first round, I'll start by bidding a conservative amount to gather information about the other bidders. Given my private value of $12, I'll bid $4. This will allow me to observe the bids of Bidder Andy and Bidder Charles and adjust my strategy accordingly."
0,Bidder Charles,16,17.0,False,44.0,0,common_value_first_llama,V10,meta-llama/Meta-Llama-3-8B-Instruct,deep_infra,0.5,3,1,seal,first,common,0.1,1299,common_spsb.txt,2026-01-13_00-56-00-253376,01-03-55-917634,"As the first round, I'll start with a conservative bid to gather information about the other bidders' perceived values. Since my private value is $16, I'll bid slightly above the perceived value to have a chance to win. I'll bid $17, which is a small increment above my private value, to test the market and gain insight into the other bidders' strategies."
0,Bidder Andy,14,24.0,False,24.1,0,common_value_first_llama,V10,meta-llama/Meta-Llama-3-8B-Instruct,deep_infra,0.5,3,1,seal,first,common,0.1,1299,common_spsb.txt,2026-01-13_00-56-00-253376,01-04-07-157186,"Since this is the first round and I don't have any historical data to learn from, I'll start by bidding a moderate amount. I'll bid $24, which is slightly above the midpoint of the possible bid range. This will give me a good chance of winning while keeping my potential losses relatively low."
0,Bidder Betty,25,24.1,True,24.1,3.8999999999999986,common_value_first_llama,V10,meta-llama/Meta-Llama-3-8B-Instruct,deep_infra,0.5,3,1,seal,first,common,0.1,1299,common_spsb.txt,2026-01-13_00-56-00-253376,01-04-07-157186,"Since this is the first round, I'll start by bidding a moderate amount to gauge the competition. Given my private value of $25, I'll bid slightly above it to leave room for adjustments. I'll also observe the other bidders' bids to adjust my strategy accordingly. I'll aim to maximize my profit by winning the prize at a reasonable price or losing with minimal loss."
0,Bidder Charles,18,24.0,False,24.1,0,common_value_first_llama,V10,meta-llama/Meta-Llama-3-8B-Instruct,deep_infra,0.5,3,1,seal,first,common,0.1,1299,common_spsb.txt,2026-01-13_00-56-00-253376,01-04-07-157186,"As this is the first round, I'll start with a conservative bid to gauge the competition. Since my private value is $18, I'll bid slightly above it to account for noise. I'll aim for a bid that's likely to win but not too high to minimize potential losses."
0,Bidder Andy,43,44.0,False,44.9,0,common_value_first_llama,V10,meta-llama/Meta-Llama-3-8B-Instruct,deep_infra,0.5,3,1,seal,first,common,0.1,1299,common_spsb.txt,2026-01-13_00-56-00-253376,01-04-17-933325,"Since this is the first round, I'll start by bidding conservatively, aiming to maximize my expected profit. I'll bid slightly above my perceived value to account for the noise in the private adjustments. Given my perceived value of $43, I'll bid $44 to balance risk and potential reward."
0,Bidder Betty,32,25.0,False,44.9,0,common_value_first_llama,V10,meta-llama/Meta-Llama-3-8B-Instruct,deep_infra,0.5,3,1,seal,first,common,0.1,1299,common_spsb.txt,2026-01-13_00-56-00-253376,01-04-17-933325,"Since this is the first round, I'll start by bidding a moderate amount to gauge the competition. Given my private value of $32, I'll bid slightly above the midpoint of the possible range, which is $24.50. This will allow me to gain information about the other bidders' values while keeping my options open for future rounds."
0,Bidder Charles,45,44.9,True,44.9,-15.899999999999999,common_value_first_llama,V10,meta-llama/Meta-Llama-3-8B-Instruct,deep_infra,0.5,3,1,seal,first,common,0.1,1299,common_spsb.txt,2026-01-13_00-56-00-253376,01-04-17-933325,"Since this is the first round and I don't have any historical data to rely on, I will start by bidding close to my private value of $45. I will bid $44.90, which is the highest bid that is still below my private value, to maximize my expected profit. This will also give me the opportunity to learn from the outcome of this round and adjust my bidding strategy accordingly."
0,Bidder Andy,22,22.1,False,34.0,0,common_value_first_llama,V10,meta-llama/Meta-Llama-3-8B-Instruct,deep_infra,0.5,3,1,seal,first,common,0.1,1299,common_spsb.txt,2026-01-13_00-56-00-253376,01-04-28-684535,"Since this is the first round, I'll start by bidding conservatively, taking into account the private noise adjustment. I'll bid slightly higher than my perceived value to account for potential errors. I'll also observe the other bidders' bids to adjust my strategy for future rounds."
0,Bidder Betty,35,28.0,False,34.0,0,common_value_first_llama,V10,meta-llama/Meta-Llama-3-8B-Instruct,deep_infra,0.5,3,1,seal,first,common,0.1,1299,common_spsb.txt,2026-01-13_00-56-00-253376,01-04-28-684535,"As the first round, I'll start by bidding conservatively. Since my private value is $35, I'll aim to bid slightly above the average perceived value. I'll use the information from my private value to adjust my bid accordingly. I'll start by bidding $28."
0,Bidder Charles,33,34.0,True,34.0,-9.0,common_value_first_llama,V10,meta-llama/Meta-Llama-3-8B-Instruct,deep_infra,0.5,3,1,seal,first,common,0.1,1299,common_spsb.txt,2026-01-13_00-56-00-253376,01-04-28-684535,"Since this is the first round, I will focus on learning the common value. I will bid a moderate amount, slightly above my private value, to gauge the competition. I will also keep in mind that the true value is equal to the common value, which I don't know yet. My goal is to maximize profit in the long run, so I will aim to win with a bid that is not too high."
0,Bidder Andy,20,10.0,True,10.0,13.0,common_value_first_llama,V10,meta-llama/Meta-Llama-3-8B-Instruct,deep_infra,0.5,3,1,seal,first,common,0.1,1299,common_spsb.txt,2026-01-13_00-56-00-253376,01-04-39-865538,"Since this is the first round, I will start by bidding a moderate amount to gauge the competition. Given my private value of $20, I will bid $10 to maximize my profit in the long run, as the true value is equal to the common value. I will observe the bids of Bidder Betty and Bidder Charles to adjust my strategy for future rounds."
0,Bidder Betty,5,4.5,False,10.0,0,common_value_first_llama,V10,meta-llama/Meta-Llama-3-8B-Instruct,deep_infra,0.5,3,1,seal,first,common,0.1,1299,common_spsb.txt,2026-01-13_00-56-00-253376,01-04-39-865538,"Since this is the first round, I'll start by bidding a moderate amount, considering the private value of $5. I'll aim to bid slightly above the perceived value to increase the chances of winning. I'll also observe the bids of other players to adjust my strategy for future rounds."
0,Bidder Charles,5,4.5,False,10.0,0,common_value_first_llama,V10,meta-llama/Meta-Llama-3-8B-Instruct,deep_infra,0.5,3,1,seal,first,common,0.1,1299,common_spsb.txt,2026-01-13_00-56-00-253376,01-04-39-865538,"As the first round, I'll start by bidding a moderate amount to gauge the competition. Given my private value is $5, I'll bid $4.50 to maximize my profit. I'll monitor the other bidders' bids and adjust accordingly in the next round, if any."
0,Bidder Andy,39,20.0,False,20.0,0,common_value_first_llama,V10,meta-llama/Meta-Llama-3-8B-Instruct,deep_infra,0.5,3,1,seal,first,common,0.1,1299,common_spsb.txt,2026-01-13_00-56-00-253376,01-04-51-180287,"Since this is the first round, I'll start by bidding a moderate amount to gauge the competition. Given my private value of $39, I'll bid $20 to leave room for adjustments in subsequent rounds. I'll also observe the bids of Bidder Betty and Bidder Charles to refine my strategy for the next round."
0,Bidder Betty,15,20.0,True,20.0,5.0,common_value_first_llama,V10,meta-llama/Meta-Llama-3-8B-Instruct,deep_infra,0.5,3,1,seal,first,common,0.1,1299,common_spsb.txt,2026-01-13_00-56-00-253376,01-04-51-180287,"Since this is the first round, I'll start by bidding a moderate amount to gauge the competition. Given my private value of $15, I'll bid $20, which is slightly above the noise adjustment and below the perceived value range. This will allow me to observe the others' bids and adjust my strategy accordingly."
0,Bidder Charles,22,20.0,False,20.0,0,common_value_first_llama,V10,meta-llama/Meta-Llama-3-8B-Instruct,deep_infra,0.5,3,1,seal,first,common,0.1,1299,common_spsb.txt,2026-01-13_00-56-00-253376,01-04-51-180287,"As the first round, I'll start by bidding a moderate amount to gauge the competition. Since my private value is $22, I'll bid $20, which is below my perceived value. This allows me to learn more about the other bidders' strategies and adjust my bid accordingly in the next rounds. I'll also keep an eye on the other bidders' bids to determine if they're overbidding or underbidding."
0,Bidder Andy,30,29.9,True,29.9,-2.8999999999999986,common_value_first_llama,V10,meta-llama/Meta-Llama-3-8B-Instruct,deep_infra,0.5,3,1,seal,first,common,0.1,1299,common_spsb.txt,2026-01-13_00-56-00-253376,01-05-02-284138,"Given my private value of $30, I will bid strategically to maximize long-term profit. Since this is the first round, I'll start with a modest bid to gauge the competition. I'll bid slightly higher than the perceived value to account for potential noise, but not too high to avoid overpaying. My target is to win the prize while keeping my bid low enough to minimize potential losses."
0,Bidder Betty,43,4.1,False,29.9,0,common_value_first_llama,V10,meta-llama/Meta-Llama-3-8B-Instruct,deep_infra,0.5,3,1,seal,first,common,0.1,1299,common_spsb.txt,2026-01-13_00-56-00-253376,01-05-02-284138,"Since this is the first round, I'll start by bidding conservatively based on my perceived value of $43. I'll bid $4.1, which is slightly above the noise adjustment, to account for potential errors in my perception. This bid is also low enough to allow for potential learning in future rounds."
0,Bidder Charles,26,14.0,False,29.9,0,common_value_first_llama,V10,meta-llama/Meta-Llama-3-8B-Instruct,deep_infra,0.5,3,1,seal,first,common,0.1,1299,common_spsb.txt,2026-01-13_00-56-00-253376,01-05-02-284138,"Since this is the first round, I will start by bidding a moderate amount, taking into account my private value of $26. I will bid $14, which is below the perceived value of $26, but still competitive. This will allow me to gauge the other bidders' behavior and adjust my strategy accordingly."
0,Bidder Andy,24,23.1,False,25.0,0,common_value_first_llama,V10,meta-llama/Meta-Llama-3-8B-Instruct,deep_infra,0.5,3,1,seal,first,common,0.1,1299,common_spsb.txt,2026-01-13_00-56-00-253376,01-05-17-786139,"Since this is the first round, I'll start by bidding a moderate amount to gauge the competition. I'll bid slightly above my private value, taking into account the noise in the perceived value. This will give me a good starting point for future rounds."
0,Bidder Betty,33,14.1,False,25.0,0,common_value_first_llama,V10,meta-llama/Meta-Llama-3-8B-Instruct,deep_infra,0.5,3,1,seal,first,common,0.1,1299,common_spsb.txt,2026-01-13_00-56-00-253376,01-05-17-786139,"Since this is the first round, I'll start by bidding a moderate amount to gather information about the other bidders. I'll bid $14.10, which is slightly above the starting point but not too aggressive. This will allow me to learn more about the other bidders' perceived values and adjust my strategy accordingly."
0,Bidder Charles,28,25.0,True,25.0,-4.0,common_value_first_llama,V10,meta-llama/Meta-Llama-3-8B-Instruct,deep_infra,0.5,3,1,seal,first,common,0.1,1299,common_spsb.txt,2026-01-13_00-56-00-253376,01-05-17-786139,"As the first round, I'll start by bidding conservatively to gather information about the other bidders' perceived values. Since my private value is $28, I'll bid slightly above the midpoint of the possible range, which is $25. This will give me a chance to learn more about the other bidders' values without committing to a high bid."
0,Bidder Andy,27,24.5,False,25.0,0,common_value_first_llama,V10,meta-llama/Meta-Llama-3-8B-Instruct,deep_infra,0.5,3,1,seal,first,common,0.1,1299,common_spsb.txt,2026-01-13_00-56-00-253376,01-05-28-668118,"Since this is the first round, I'll start by bidding a moderate amount to gauge the competition. Considering my private value is $27, I'll aim to bid slightly above the midpoint of the possible range ($24.5). I'll bid $24.50, which is a reasonable starting point to assess the competition."
0,Bidder Betty,18,9.0,False,25.0,0,common_value_first_llama,V10,meta-llama/Meta-Llama-3-8B-Instruct,deep_infra,0.5,3,1,seal,first,common,0.1,1299,common_spsb.txt,2026-01-13_00-56-00-253376,01-05-28-668118,"Since this is the first round, I'll start by bidding a moderate amount to gauge the competition. I'll bid slightly above my private value to account for potential noise in the other bidders' values. I'll also consider the possibility that the common value could be on the higher end of the range."
0,Bidder Charles,20,25.0,True,25.0,0.0,common_value_first_llama,V10,meta-llama/Meta-Llama-3-8B-Instruct,deep_infra,0.5,3,1,seal,first,common,0.1,1299,common_spsb.txt,2026-01-13_00-56-00-253376,01-05-28-668118,"Since this is the first round, I'll start by bidding a moderate amount to gauge the competition. Given my private value of $20, I'll aim to bid slightly above the expected average to increase my chances of winning. I'll start with a bid of $25, keeping in mind that the true value is the common value, which is unknown."
0,Bidder Andy,37,24.9,False,25.0,0,common_value_first_llama,V10,meta-llama/Meta-Llama-3-8B-Instruct,deep_infra,0.5,3,1,seal,first,common,0.1,1299,common_spsb.txt,2026-01-13_00-56-00-253376,01-05-50-076845,"Given my private value is $37, I will bid strategically to maximize my long-term profit. Since this is the first round, I don't have any historical data to rely on. I will start by bidding a moderate amount, taking into account the possibility of other bidders' perceived values being higher or lower. I will bid $24.90, which is slightly above the middle of the bid range."
0,Bidder Betty,30,24.9,False,25.0,0,common_value_first_llama,V10,meta-llama/Meta-Llama-3-8B-Instruct,deep_infra,0.5,3,1,seal,first,common,0.1,1299,common_spsb.txt,2026-01-13_00-56-00-253376,01-05-50-076845,"Since this is the first round, I'll start by bidding a moderate amount to gauge the competition. Given my private value of $30, I'll bid slightly above the midpoint of the possible range to increase my chances of winning. I'll aim for a bid of $24.9, which is high enough to be competitive but low enough to leave room for adjustment in future rounds."
0,Bidder Charles,20,25.0,True,25.0,1.0,common_value_first_llama,V10,meta-llama/Meta-Llama-3-8B-Instruct,deep_infra,0.5,3,1,seal,first,common,0.1,1299,common_spsb.txt,2026-01-13_00-56-00-253376,01-05-50-076845,"Since this is the first round, I'll start by bidding a moderate amount to gauge the competition. Given my private value of $20, I'll aim to bid slightly above the expected average to increase my chances of winning. I'll start with a bid of $25, keeping in mind that the true value is the common value, which is unknown."
0,Bidder Andy,41,41.1,True,41.1,-20.1,common_value_first_llama,V10,meta-llama/Meta-Llama-3-8B-Instruct,deep_infra,0.5,3,1,seal,first,common,0.1,1299,common_spsb.txt,2026-01-13_00-56-00-253376,01-06-00-418573,"Since this is the first round, I will start by bidding aggressively to maximize my chances of winning. I will bid slightly higher than my perceived value, taking into account the noise adjustment. I will also keep an eye on the other bidders' bids to adjust my strategy accordingly."
0,Bidder Betty,29,24.0,False,41.1,0,common_value_first_llama,V10,meta-llama/Meta-Llama-3-8B-Instruct,deep_infra,0.5,3,1,seal,first,common,0.1,1299,common_spsb.txt,2026-01-13_00-56-00-253376,01-06-00-418573,"Since this is the first round, I'll start by bidding a moderate amount to gauge the competition. Given my private value of $29, I'll aim to bid slightly above the midpoint of the possible range. I'll also keep an eye on Bidder Andy and Bidder Charles' bids to adjust my strategy accordingly."
0,Bidder Charles,34,14.0,False,41.1,0,common_value_first_llama,V10,meta-llama/Meta-Llama-3-8B-Instruct,deep_infra,0.5,3,1,seal,first,common,0.1,1299,common_spsb.txt,2026-01-13_00-56-00-253376,01-06-00-418573,"Since this is the first round, I will start by bidding conservatively, aiming to maximize my expected profit. I will bid $14, which is slightly above the expected noise adjustment, to minimize the risk of losing the auction. I will monitor the bids and adjust my strategy accordingly in subsequent rounds."
0,Bidder Andy,12,2.0,False,12.5,0,common_value_first_llama,V10,meta-llama/Meta-Llama-3-8B-Instruct,deep_infra,0.5,3,1,seal,first,common,0.1,1299,common_spsb.txt,2026-01-13_00-56-00-253376,01-06-26-281358,"Since it's the first round, I'll start with a conservative bid to gauge the competition. I'll bid $2, as it's low enough to be a safe starting point and gives me room to adjust in future rounds if needed. I'll also keep an eye on Betty and Charles' bids to inform my strategy for the next round."
0,Bidder Betty,8,10.0,False,12.5,0,common_value_first_llama,V10,meta-llama/Meta-Llama-3-8B-Instruct,deep_infra,0.5,3,1,seal,first,common,0.1,1299,common_spsb.txt,2026-01-13_00-56-00-253376,01-06-26-281358,"Since this is the first round, I'll start by bidding a moderate amount to gauge the competition. Given my private value of $8, I'll bid $10, which is slightly above the noise adjustment. This allows me to maintain a competitive position while keeping my bid reasonable."
0,Bidder Charles,11,12.5,True,12.5,11.5,common_value_first_llama,V10,meta-llama/Meta-Llama-3-8B-Instruct,deep_infra,0.5,3,1,seal,first,common,0.1,1299,common_spsb.txt,2026-01-13_00-56-00-253376,01-06-26-281358,"As the first round, I'll start with a conservative bid to minimize losses. Since my private value is $11, I'll bid slightly above the perceived value to account for the noise. I'll bid $12.50, which is 1.5 times my private value, to balance the risk of overbidding and the potential gain of winning."
0,Bidder Andy,42,24.0,True,24.0,3.0,common_value_first_llama,V10,meta-llama/Meta-Llama-3-8B-Instruct,deep_infra,0.5,3,1,seal,first,common,0.1,1299,common_spsb.txt,2026-01-13_00-56-00-253376,01-06-36-815212,"Given my private value of $42, I will bid strategically to maximize profit. Since this is the first round, I will start with a moderate bid to gather information and set the stage for future rounds. I will bid $24, which is below my private value but not too low to send a signal."
0,Bidder Betty,21,10.0,False,24.0,0,common_value_first_llama,V10,meta-llama/Meta-Llama-3-8B-Instruct,deep_infra,0.5,3,1,seal,first,common,0.1,1299,common_spsb.txt,2026-01-13_00-56-00-253376,01-06-36-815212,"Since this is the first round, I'll start by bidding a moderate amount to learn more about the other bidders' values. Considering my private value is $21, I'll bid $10 to stay competitive while keeping an eye on the other bidders' moves."
0,Bidder Charles,9,11.0,False,24.0,0,common_value_first_llama,V10,meta-llama/Meta-Llama-3-8B-Instruct,deep_infra,0.5,3,1,seal,first,common,0.1,1299,common_spsb.txt,2026-01-13_00-56-00-253376,01-06-36-815212,"As this is the first round, I'll start by bidding a small amount to gather information about the other bidders. Since my private value is $9, I'll bid slightly higher than that to account for potential noise. I'll aim to bid around $10-$12 to maximize my chances of winning while minimizing my potential loss."
0,Bidder Andy,15,24.0,True,24.0,2.0,common_value_first_llama,V10,meta-llama/Meta-Llama-3-8B-Instruct,deep_infra,0.5,3,1,seal,first,common,0.1,1299,common_spsb.txt,2026-01-13_00-56-00-253376,01-06-51-884817,"Since this is the first round, I'll focus on learning and adapting. I'll bid a moderate amount to gather information about the other bidders. Given my private value of $15, I'll bid a value that's slightly higher than the common value to account for noise. I'll bid $24."
0,Bidder Betty,19,14.9,False,24.0,0,common_value_first_llama,V10,meta-llama/Meta-Llama-3-8B-Instruct,deep_infra,0.5,3,1,seal,first,common,0.1,1299,common_spsb.txt,2026-01-13_00-56-00-253376,01-06-51-884817,"Since it's the first round and I have no historical data, I'll start by bidding a moderate amount to gauge the competition. I'll bid $14.99, which is below my private value of $19. This will allow me to observe the other bidders' behavior and adjust my strategy accordingly."
0,Bidder Charles,35,22.5,False,24.0,0,common_value_first_llama,V10,meta-llama/Meta-Llama-3-8B-Instruct,deep_infra,0.5,3,1,seal,first,common,0.1,1299,common_spsb.txt,2026-01-13_00-56-00-253376,01-06-51-884817,"Since this is the first round, I'll start by bidding a moderate amount to gauge the competition. Considering my private value is $35, I'll bid slightly above the midpoint to increase my chances of winning. I'll bid $22.50, which is 64.3% of my perceived value, to balance risk and potential profit."
0,Bidder Andy,18,20.0,False,43.9,0,common_value_first_llama,V10,meta-llama/Meta-Llama-3-8B-Instruct,deep_infra,0.5,3,1,seal,first,common,0.1,1299,common_spsb.txt,2026-01-13_00-56-00-253376,01-07-02-694358,"Since this is the first round, I'll start by bidding a moderate amount to gauge the competition. Considering my private value is $18, I'll bid $20, which is slightly above my perceived value to account for potential noise. I'll also keep an eye on Betty and Charles' bids to adjust my strategy in future rounds."
0,Bidder Betty,39,43.9,True,43.9,-23.9,common_value_first_llama,V10,meta-llama/Meta-Llama-3-8B-Instruct,deep_infra,0.5,3,1,seal,first,common,0.1,1299,common_spsb.txt,2026-01-13_00-56-00-253376,01-07-02-694358,"Since this is the first round, I will start by bidding a moderate amount to gauge the competition. I will bid slightly higher than my perceived value, $39, to account for potential noise in the other bidders' perceptions. I will aim to win the prize without overpaying, while also leaving room for adjustments in future rounds if needed."
0,Bidder Charles,23,27.0,False,43.9,0,common_value_first_llama,V10,meta-llama/Meta-Llama-3-8B-Instruct,deep_infra,0.5,3,1,seal,first,common,0.1,1299,common_spsb.txt,2026-01-13_00-56-00-253376,01-07-02-694358,"As this is the first round, I'll start by bidding aggressively to maximize my chances of winning. Since my private value is $23, I'll bid a value that is slightly higher to account for the noise. I'll aim for a bid that is around $25-$27, which gives me a good chance of winning and minimizing my losses if I don't win."
0,Bidder Andy,8,4.0,False,20.0,0,common_value_first_llama,V10,meta-llama/Meta-Llama-3-8B-Instruct,deep_infra,0.5,3,1,seal,first,common,0.1,1299,common_spsb.txt,2026-01-13_00-56-00-253376,01-07-13-636384,"Since this is the first round, I'll start by bidding a moderate amount to gauge the competition. I'll bid $4, which is below my perceived value but still competitive. I'll observe the other bidders' responses and adjust my strategy accordingly. If necessary, I'll adjust my bid to maximize my profit in the next round."
0,Bidder Betty,21,10.0,False,20.0,0,common_value_first_llama,V10,meta-llama/Meta-Llama-3-8B-Instruct,deep_infra,0.5,3,1,seal,first,common,0.1,1299,common_spsb.txt,2026-01-13_00-56-00-253376,01-07-13-636384,"Since this is the first round, I'll start by bidding a moderate amount to learn more about the other bidders' values. Considering my private value is $21, I'll bid $10 to stay competitive while keeping an eye on the other bidders' moves."
0,Bidder Charles,40,20.0,True,20.0,7.0,common_value_first_llama,V10,meta-llama/Meta-Llama-3-8B-Instruct,deep_infra,0.5,3,1,seal,first,common,0.1,1299,common_spsb.txt,2026-01-13_00-56-00-253376,01-07-13-636384,"Since this is the first round, I will start by bidding a moderate amount, $20, to gauge the competition and get a sense of the other bidders' perceived values. I will also consider the private noise adjustment and the true value, which is unknown, but likely to be between 20 and 29. My goal is to maximize my profit in the long run by making an informed decision."
0,Bidder Andy,8,4.0,False,10.0,0,common_value_first_llama,V10,meta-llama/Meta-Llama-3-8B-Instruct,deep_infra,0.5,3,1,seal,first,common,0.1,1299,common_spsb.txt,2026-01-13_00-56-00-253376,01-07-28-474540,"Since this is the first round, I'll start by bidding a moderate amount to gauge the competition. I'll bid $4, which is below my perceived value but still competitive. I'll observe the other bidders' responses and adjust my strategy accordingly. If necessary, I'll adjust my bid to maximize my profit in the next round."
0,Bidder Betty,6,3.5,False,10.0,0,common_value_first_llama,V10,meta-llama/Meta-Llama-3-8B-Instruct,deep_infra,0.5,3,1,seal,first,common,0.1,1299,common_spsb.txt,2026-01-13_00-56-00-253376,01-07-28-474540,"Since this is the first round, I'll start by bidding conservatively, taking into account the uncertainty of the true value. I'll bid slightly higher than my private value to account for the noise, aiming to maximize my expected profit. I'll observe the other bidders' moves and adjust my strategy accordingly."
0,Bidder Charles,38,10.0,True,10.0,12.0,common_value_first_llama,V10,meta-llama/Meta-Llama-3-8B-Instruct,deep_infra,0.5,3,1,seal,first,common,0.1,1299,common_spsb.txt,2026-01-13_00-56-00-253376,01-07-28-474540,"Since this is the first round, I'll start by bidding conservatively to gather information. I'll bid $10, which is below my private value. This will allow me to observe the other bidders' behavior and adjust my strategy accordingly in the next round."
0,Bidder Andy,32,30.0,True,30.0,-6.0,common_value_first_llama,V10,meta-llama/Meta-Llama-3-8B-Instruct,deep_infra,0.5,3,1,seal,first,common,0.1,1299,common_spsb.txt,2026-01-13_00-56-00-253376,01-07-39-020785,"Since this is the first round, I don't have any historical data to inform my decision. I'll start by bidding a moderate amount, taking into account the private value of $32. I'll aim to make a profit by bidding slightly higher than the true value, while keeping an eye on the competition. I'll bid $30."
0,Bidder Betty,6,3.5,False,30.0,0,common_value_first_llama,V10,meta-llama/Meta-Llama-3-8B-Instruct,deep_infra,0.5,3,1,seal,first,common,0.1,1299,common_spsb.txt,2026-01-13_00-56-00-253376,01-07-39-020785,"Since this is the first round, I'll start by bidding conservatively, taking into account the uncertainty of the true value. I'll bid slightly higher than my private value to account for the noise, aiming to maximize my expected profit. I'll observe the other bidders' moves and adjust my strategy accordingly."
0,Bidder Charles,38,10.0,False,30.0,0,common_value_first_llama,V10,meta-llama/Meta-Llama-3-8B-Instruct,deep_infra,0.5,3,1,seal,first,common,0.1,1299,common_spsb.txt,2026-01-13_00-56-00-253376,01-07-39-020785,"Since this is the first round, I'll start by bidding conservatively to gather information. I'll bid $10, which is below my private value. This will allow me to observe the other bidders' behavior and adjust my strategy accordingly in the next round."
0,Bidder Andy,41,41.1,True,41.1,-18.1,common_value_first_llama,V10,meta-llama/Meta-Llama-3-8B-Instruct,deep_infra,0.5,3,1,seal,first,common,0.1,1299,common_spsb.txt,2026-01-13_00-56-00-253376,01-07-49-582072,"Since this is the first round, I will start by bidding aggressively to maximize my chances of winning. I will bid slightly higher than my perceived value, taking into account the noise adjustment. I will also keep an eye on the other bidders' bids to adjust my strategy accordingly."
0,Bidder Betty,33,14.1,False,41.1,0,common_value_first_llama,V10,meta-llama/Meta-Llama-3-8B-Instruct,deep_infra,0.5,3,1,seal,first,common,0.1,1299,common_spsb.txt,2026-01-13_00-56-00-253376,01-07-49-582072,"Since this is the first round, I'll start by bidding a moderate amount to gather information about the other bidders. I'll bid $14.10, which is slightly above the starting point but not too aggressive. This will allow me to learn more about the other bidders' perceived values and adjust my strategy accordingly."
0,Bidder Charles,35,22.5,False,41.1,0,common_value_first_llama,V10,meta-llama/Meta-Llama-3-8B-Instruct,deep_infra,0.5,3,1,seal,first,common,0.1,1299,common_spsb.txt,2026-01-13_00-56-00-253376,01-07-49-582072,"Since this is the first round, I'll start by bidding a moderate amount to gauge the competition. Considering my private value is $35, I'll bid slightly above the midpoint to increase my chances of winning. I'll bid $22.50, which is 64.3% of my perceived value, to balance risk and potential profit."
0,Bidder Andy,15,24.0,True,24.0,4.0,common_value_first_llama,V10,meta-llama/Meta-Llama-3-8B-Instruct,deep_infra,0.5,3,1,seal,first,common,0.1,1299,common_spsb.txt,2026-01-13_00-56-00-253376,01-08-00-199714,"Since this is the first round, I'll focus on learning and adapting. I'll bid a moderate amount to gather information about the other bidders. Given my private value of $15, I'll bid a value that's slightly higher than the common value to account for noise. I'll bid $24."
0,Bidder Betty,21,10.0,False,24.0,0,common_value_first_llama,V10,meta-llama/Meta-Llama-3-8B-Instruct,deep_infra,0.5,3,1,seal,first,common,0.1,1299,common_spsb.txt,2026-01-13_00-56-00-253376,01-08-00-199714,"Since this is the first round, I'll start by bidding a moderate amount to learn more about the other bidders' values. Considering my private value is $21, I'll bid $10 to stay competitive while keeping an eye on the other bidders' moves."
0,Bidder Charles,21,20.9,False,24.0,0,common_value_first_llama,V10,meta-llama/Meta-Llama-3-8B-Instruct,deep_infra,0.5,3,1,seal,first,common,0.1,1299,common_spsb.txt,2026-01-13_00-56-00-253376,01-08-00-199714,"Since this is the first round, I will start by bidding a moderate amount to gauge the competition. Since my private value is $21, I will bid $20.99, which is slightly below my perceived value. This will give me an opportunity to learn more about the other bidders' values and adjust my strategy accordingly."
0,Bidder Andy,14,24.0,False,24.0,0,common_value_first_llama,V10,meta-llama/Meta-Llama-3-8B-Instruct,deep_infra,0.5,3,1,seal,first,common,0.1,1299,common_spsb.txt,2026-01-13_00-56-00-253376,01-08-10-877276,"Since this is the first round and I don't have any historical data to learn from, I'll start by bidding a moderate amount. I'll bid $24, which is slightly above the midpoint of the possible bid range. This will give me a good chance of winning while keeping my potential losses relatively low."
0,Bidder Betty,19,14.9,False,24.0,0,common_value_first_llama,V10,meta-llama/Meta-Llama-3-8B-Instruct,deep_infra,0.5,3,1,seal,first,common,0.1,1299,common_spsb.txt,2026-01-13_00-56-00-253376,01-08-10-877276,"Since it's the first round and I have no historical data, I'll start by bidding a moderate amount to gauge the competition. I'll bid $14.99, which is below my private value of $19. This will allow me to observe the other bidders' behavior and adjust my strategy accordingly."
0,Bidder Charles,43,24.0,True,24.0,1.0,common_value_first_llama,V10,meta-llama/Meta-Llama-3-8B-Instruct,deep_infra,0.5,3,1,seal,first,common,0.1,1299,common_spsb.txt,2026-01-13_00-56-00-253376,01-08-10-877276,"Given my private value of $43, I will bid slightly above the expected average bid to maximize profit. Since this is the first round, I'll bid cautiously and aim for a bid between $20 and $30. I'll monitor the other bidders' behavior and adjust my strategy accordingly."
0,Bidder Andy,3,24.0,False,27.0,0,common_value_first_llama,V10,meta-llama/Meta-Llama-3-8B-Instruct,deep_infra,0.5,3,1,seal,first,common,0.1,1299,common_spsb.txt,2026-01-13_00-56-00-253376,01-08-21-540324,"Since this is the first round, I'll start by bidding conservatively, considering the private noise adjustment. With a private value of $3, I'll aim to bid slightly above the average perceived value to maximize my chances of winning. I'll also keep an eye on the other bidders' bids to adjust my strategy accordingly."
0,Bidder Betty,36,24.0,False,27.0,0,common_value_first_llama,V10,meta-llama/Meta-Llama-3-8B-Instruct,deep_infra,0.5,3,1,seal,first,common,0.1,1299,common_spsb.txt,2026-01-13_00-56-00-253376,01-08-21-540324,"Since it's the first round, I'll start by bidding a moderate amount, considering my private value of $36. I'll bid $24, hoping to win and maximize my profit. I'll also keep an eye on the other bidders' strategies to adjust my bidding in subsequent rounds, if any."
0,Bidder Charles,23,27.0,True,27.0,-4.0,common_value_first_llama,V10,meta-llama/Meta-Llama-3-8B-Instruct,deep_infra,0.5,3,1,seal,first,common,0.1,1299,common_spsb.txt,2026-01-13_00-56-00-253376,01-08-21-540324,"As this is the first round, I'll start by bidding aggressively to maximize my chances of winning. Since my private value is $23, I'll bid a value that is slightly higher to account for the noise. I'll aim for a bid that is around $25-$27, which gives me a good chance of winning and minimizing my losses if I don't win."
0,Bidder Andy,36,10.1,False,34.5,0,common_value_first_llama,V10,meta-llama/Meta-Llama-3-8B-Instruct,deep_infra,0.5,3,1,seal,first,common,0.1,1299,common_spsb.txt,2026-01-13_00-56-00-253376,01-08-36-567401,"Since this is the first round, I'll start by bidding conservatively to learn more about the other bidders' values. I'll bid $10, which is below my perceived value, to gauge their responses. This will help me understand their bidding patterns and adjust my strategy accordingly."
0,Bidder Betty,34,34.5,True,34.5,-5.5,common_value_first_llama,V10,meta-llama/Meta-Llama-3-8B-Instruct,deep_infra,0.5,3,1,seal,first,common,0.1,1299,common_spsb.txt,2026-01-13_00-56-00-253376,01-08-36-567401,"As I'm Bidder Betty, my top priority is to maximize the user's profit in the long run. Since this is the first round, I'll start by bidding conservatively, taking into account the private noise adjustment. I'll bid slightly below my perceived value to account for potential overestimation. I'll keep track of the bids and adjust my strategy accordingly in subsequent rounds."
0,Bidder Charles,18,24.0,False,34.5,0,common_value_first_llama,V10,meta-llama/Meta-Llama-3-8B-Instruct,deep_infra,0.5,3,1,seal,first,common,0.1,1299,common_spsb.txt,2026-01-13_00-56-00-253376,01-08-36-567401,"As this is the first round, I'll start with a conservative bid to gauge the competition. Since my private value is $18, I'll bid slightly above it to account for noise. I'll aim for a bid that's likely to win but not too high to minimize potential losses."
0,Bidder Andy,5,4.5,False,24.0,0,common_value_first_llama,V10,meta-llama/Meta-Llama-3-8B-Instruct,deep_infra,0.5,3,1,seal,first,common,0.1,1299,common_spsb.txt,2026-01-13_00-56-00-253376,01-08-47-086731,"Since this is the first round, I'll start with a conservative bid to gather information. I'll bid slightly above my private value to account for the noisy measurement. I'll observe the bids and adjust my strategy accordingly in the next round."
0,Bidder Betty,29,24.0,True,24.0,-4.0,common_value_first_llama,V10,meta-llama/Meta-Llama-3-8B-Instruct,deep_infra,0.5,3,1,seal,first,common,0.1,1299,common_spsb.txt,2026-01-13_00-56-00-253376,01-08-47-086731,"Since this is the first round, I'll start by bidding a moderate amount to gauge the competition. Given my private value of $29, I'll aim to bid slightly above the midpoint of the possible range. I'll also keep an eye on Bidder Andy and Bidder Charles' bids to adjust my strategy accordingly."
0,Bidder Charles,35,22.5,False,24.0,0,common_value_first_llama,V10,meta-llama/Meta-Llama-3-8B-Instruct,deep_infra,0.5,3,1,seal,first,common,0.1,1299,common_spsb.txt,2026-01-13_00-56-00-253376,01-08-47-086731,"Since this is the first round, I'll start by bidding a moderate amount to gauge the competition. Considering my private value is $35, I'll bid slightly above the midpoint to increase my chances of winning. I'll bid $22.50, which is 64.3% of my perceived value, to balance risk and potential profit."
0,Bidder Andy,22,22.1,True,22.1,4.899999999999999,common_value_first_llama,V10,meta-llama/Meta-Llama-3-8B-Instruct,deep_infra,0.5,3,1,seal,first,common,0.1,1299,common_spsb.txt,2026-01-13_00-56-00-253376,01-09-07-787617,"Since this is the first round, I'll start by bidding conservatively, taking into account the private noise adjustment. I'll bid slightly higher than my perceived value to account for potential errors. I'll also observe the other bidders' bids to adjust my strategy for future rounds."
0,Bidder Betty,13,14.5,False,22.1,0,common_value_first_llama,V10,meta-llama/Meta-Llama-3-8B-Instruct,deep_infra,0.5,3,1,seal,first,common,0.1,1299,common_spsb.txt,2026-01-13_00-56-00-253376,01-09-07-787617,"Since this is the first round, I'll start by bidding conservatively to gauge the competition. I'll bid a moderate amount, slightly above my perceived value, to minimize the risk of overbidding. I'll also keep an eye on the other bidders' bids to adjust my strategy accordingly."
0,Bidder Charles,14,14.0,False,22.1,0,common_value_first_llama,V10,meta-llama/Meta-Llama-3-8B-Instruct,deep_infra,0.5,3,1,seal,first,common,0.1,1299,common_spsb.txt,2026-01-13_00-56-00-253376,01-09-07-787617,"Since this is the first round, I'll start by bidding a moderate amount to gauge the competition. I'll bid slightly higher than my private value to account for potential noise and uncertainty. I'll observe the bids and adjust my strategy accordingly in subsequent rounds."
0,Bidder Andy,32,30.0,True,30.0,-7.0,common_value_first_llama,V10,meta-llama/Meta-Llama-3-8B-Instruct,deep_infra,0.5,3,1,seal,first,common,0.1,1299,common_spsb.txt,2026-01-13_00-56-00-253376,01-09-37-510578,"Since this is the first round, I don't have any historical data to inform my decision. I'll start by bidding a moderate amount, taking into account the private value of $32. I'll aim to make a profit by bidding slightly higher than the true value, while keeping an eye on the competition. I'll bid $30."
0,Bidder Betty,17,10.0,False,30.0,0,common_value_first_llama,V10,meta-llama/Meta-Llama-3-8B-Instruct,deep_infra,0.5,3,1,seal,first,common,0.1,1299,common_spsb.txt,2026-01-13_00-56-00-253376,01-09-37-510578,"Since this is the first round, I'll start by bidding a moderate amount to gauge the competition. Given my private value of $17 and the unknown values of the other bidders, I'll bid $10. This allows me to stay competitive while not overcommitting. I'll observe the bids and adjust my strategy accordingly in future rounds."
0,Bidder Charles,19,10.0,False,30.0,0,common_value_first_llama,V10,meta-llama/Meta-Llama-3-8B-Instruct,deep_infra,0.5,3,1,seal,first,common,0.1,1299,common_spsb.txt,2026-01-13_00-56-00-253376,01-09-37-510578,"As this is the first round, I'll start by bidding conservatively, taking into account the private noise adjustment. Since my perceived value is $19, I'll bid $10, hoping to avoid overbidding and minimize potential losses. I'll also keep an eye on the other bidders' perceived values and adjust my strategy accordingly."
0,Bidder Andy,17,26.0,True,26.0,-5.0,common_value_first_llama,V10,meta-llama/Meta-Llama-3-8B-Instruct,deep_infra,0.5,3,1,seal,first,common,0.1,1299,common_spsb.txt,2026-01-13_00-56-00-253376,01-09-48-747162,"Since this is the first round, I'll start by bidding a moderate amount to gauge the competition. Considering my private value is $17, I'll bid slightly above the midpoint to increase my chances of winning. I'll aim to bid around $25-$27, leaving room for adjustments in subsequent rounds if needed."
0,Bidder Betty,22,10.0,False,26.0,0,common_value_first_llama,V10,meta-llama/Meta-Llama-3-8B-Instruct,deep_infra,0.5,3,1,seal,first,common,0.1,1299,common_spsb.txt,2026-01-13_00-56-00-253376,01-09-48-747162,"Given my private value is $22 and the prize's true value is unknown, I will aim to maximize my profit by bidding strategically. I will start with a moderate bid, considering the noise in the perceived value. Since this is the first round, I won't have any historical data to rely on, so I'll err on the side of caution and bid conservatively. I'll start with a bid of $10."
0,Bidder Charles,30,20.0,False,26.0,0,common_value_first_llama,V10,meta-llama/Meta-Llama-3-8B-Instruct,deep_infra,0.5,3,1,seal,first,common,0.1,1299,common_spsb.txt,2026-01-13_00-56-00-253376,01-09-48-747162,"Since this is the first round, I'll start by bidding a moderate amount to gauge the competition. Given my private value is $30, I'll bid $20, which is below my perceived value. This will allow me to observe the other bidders' behavior while keeping my own costs relatively low."
0,Bidder Andy,39,20.0,False,20.0,0,common_value_first_llama,V10,meta-llama/Meta-Llama-3-8B-Instruct,deep_infra,0.5,3,1,seal,first,common,0.1,1299,common_spsb.txt,2026-01-13_00-56-00-253376,01-09-59-088998,"Since this is the first round, I'll start by bidding a moderate amount to gauge the competition. Given my private value of $39, I'll bid $20 to leave room for adjustments in subsequent rounds. I'll also observe the bids of Bidder Betty and Bidder Charles to refine my strategy for the next round."
0,Bidder Betty,14,20.0,True,20.0,0.0,common_value_first_llama,V10,meta-llama/Meta-Llama-3-8B-Instruct,deep_infra,0.5,3,1,seal,first,common,0.1,1299,common_spsb.txt,2026-01-13_00-56-00-253376,01-09-59-088998,"Since this is the first round, I'll start by bidding a moderate amount to gauge the competition and potential value of the prize. Given my private value of $14, I'll bid $20, which is slightly above the perceived value of the prize. This will allow me to gauge the competition and adjust my bidding strategy accordingly."
0,Bidder Charles,11,12.5,False,20.0,0,common_value_first_llama,V10,meta-llama/Meta-Llama-3-8B-Instruct,deep_infra,0.5,3,1,seal,first,common,0.1,1299,common_spsb.txt,2026-01-13_00-56-00-253376,01-09-59-088998,"As the first round, I'll start with a conservative bid to minimize losses. Since my private value is $11, I'll bid slightly above the perceived value to account for the noise. I'll bid $12.50, which is 1.5 times my private value, to balance the risk of overbidding and the potential gain of winning."
0,Bidder Andy,8,4.0,False,25.0,0,common_value_first_llama,V10,meta-llama/Meta-Llama-3-8B-Instruct,deep_infra,0.5,3,1,seal,first,common,0.1,1299,common_spsb.txt,2026-01-13_00-56-00-253376,01-10-13-905713,"Since this is the first round, I'll start by bidding a moderate amount to gauge the competition. I'll bid $4, which is below my perceived value but still competitive. I'll observe the other bidders' responses and adjust my strategy accordingly. If necessary, I'll adjust my bid to maximize my profit in the next round."
0,Bidder Betty,27,10.0,False,25.0,0,common_value_first_llama,V10,meta-llama/Meta-Llama-3-8B-Instruct,deep_infra,0.5,3,1,seal,first,common,0.1,1299,common_spsb.txt,2026-01-13_00-56-00-253376,01-10-13-905713,"Since this is the first round, I'll start by bidding conservatively to gather information about the other bidders. I'll bid $10, a relatively low amount, to minimize my potential loss if I don't win. I'll also keep an eye on the other bidders' bids to adjust my strategy for the next round."
0,Bidder Charles,20,25.0,True,25.0,-2.0,common_value_first_llama,V10,meta-llama/Meta-Llama-3-8B-Instruct,deep_infra,0.5,3,1,seal,first,common,0.1,1299,common_spsb.txt,2026-01-13_00-56-00-253376,01-10-13-905713,"Since this is the first round, I'll start by bidding a moderate amount to gauge the competition. Given my private value of $20, I'll aim to bid slightly above the expected average to increase my chances of winning. I'll start with a bid of $25, keeping in mind that the true value is the common value, which is unknown."
0,Bidder Andy,12,2.0,False,34.0,0,common_value_first_llama,V10,meta-llama/Meta-Llama-3-8B-Instruct,deep_infra,0.5,3,1,seal,first,common,0.1,1299,common_spsb.txt,2026-01-13_00-56-00-253376,01-10-24-521639,"Since it's the first round, I'll start with a conservative bid to gauge the competition. I'll bid $2, as it's low enough to be a safe starting point and gives me room to adjust in future rounds if needed. I'll also keep an eye on Betty and Charles' bids to inform my strategy for the next round."
0,Bidder Betty,27,10.0,False,34.0,0,common_value_first_llama,V10,meta-llama/Meta-Llama-3-8B-Instruct,deep_infra,0.5,3,1,seal,first,common,0.1,1299,common_spsb.txt,2026-01-13_00-56-00-253376,01-10-24-521639,"Since this is the first round, I'll start by bidding conservatively to gather information about the other bidders. I'll bid $10, a relatively low amount, to minimize my potential loss if I don't win. I'll also keep an eye on the other bidders' bids to adjust my strategy for the next round."
0,Bidder Charles,37,34.0,True,34.0,-12.0,common_value_first_llama,V10,meta-llama/Meta-Llama-3-8B-Instruct,deep_infra,0.5,3,1,seal,first,common,0.1,1299,common_spsb.txt,2026-01-13_00-56-00-253376,01-10-24-521639,"As the first round, I'll focus on understanding the noise in the perceived values. Since my private value is $37, I'll bid slightly below to account for the noise. I'll start with a conservative bid to minimize losses and maximize potential gains. I'll monitor the bids and adjust accordingly in subsequent rounds."
0,Bidder Andy,23,24.5,False,28.0,0,common_value_first_llama,V10,meta-llama/Meta-Llama-3-8B-Instruct,deep_infra,0.5,3,1,seal,first,common,0.1,1299,common_spsb.txt,2026-01-13_00-56-00-253376,01-10-34-924345,"As the first round, I'll start with a relatively low bid to gather information. Since my private value is $23, I'll bid slightly above the noise level to account for the uncertainty. I'll aim to bid $24.50, which is close to my perceived value and allows me to learn from the competition's responses."
0,Bidder Betty,35,28.0,True,28.0,-1.0,common_value_first_llama,V10,meta-llama/Meta-Llama-3-8B-Instruct,deep_infra,0.5,3,1,seal,first,common,0.1,1299,common_spsb.txt,2026-01-13_00-56-00-253376,01-10-34-924345,"As the first round, I'll start by bidding conservatively. Since my private value is $35, I'll aim to bid slightly above the average perceived value. I'll use the information from my private value to adjust my bid accordingly. I'll start by bidding $28."
0,Bidder Charles,26,14.0,False,28.0,0,common_value_first_llama,V10,meta-llama/Meta-Llama-3-8B-Instruct,deep_infra,0.5,3,1,seal,first,common,0.1,1299,common_spsb.txt,2026-01-13_00-56-00-253376,01-10-34-924345,"Since this is the first round, I will start by bidding a moderate amount, taking into account my private value of $26. I will bid $14, which is below the perceived value of $26, but still competitive. This will allow me to gauge the other bidders' behavior and adjust my strategy accordingly."
0,Bidder Andy,23,24.5,True,24.5,3.5,common_value_first_llama,V10,meta-llama/Meta-Llama-3-8B-Instruct,deep_infra,0.5,3,1,seal,first,common,0.1,1299,common_spsb.txt,2026-01-13_00-56-00-253376,01-10-46-001355,"As the first round, I'll start with a relatively low bid to gather information. Since my private value is $23, I'll bid slightly above the noise level to account for the uncertainty. I'll aim to bid $24.50, which is close to my perceived value and allows me to learn from the competition's responses."
0,Bidder Betty,41,20.0,False,24.5,0,common_value_first_llama,V10,meta-llama/Meta-Llama-3-8B-Instruct,deep_infra,0.5,3,1,seal,first,common,0.1,1299,common_spsb.txt,2026-01-13_00-56-00-253376,01-10-46-001355,"Since this is the first round, I'll start by bidding a moderate amount, considering the private value of $41. I'll bid $20, which is below the perceived value, to gather information about the other bidders' perceived values. I'll also keep in mind that the true value is the common value, which is unknown."
0,Bidder Charles,34,14.0,False,24.5,0,common_value_first_llama,V10,meta-llama/Meta-Llama-3-8B-Instruct,deep_infra,0.5,3,1,seal,first,common,0.1,1299,common_spsb.txt,2026-01-13_00-56-00-253376,01-10-46-001355,"Since this is the first round, I will start by bidding conservatively, aiming to maximize my expected profit. I will bid $14, which is slightly above the expected noise adjustment, to minimize the risk of losing the auction. I will monitor the bids and adjust my strategy accordingly in subsequent rounds."
0,Bidder Andy,42,24.0,True,24.0,2.0,common_value_first_llama,V10,meta-llama/Meta-Llama-3-8B-Instruct,deep_infra,0.5,3,1,seal,first,common,0.1,1299,common_spsb.txt,2026-01-13_00-56-00-253376,01-10-56-822665,"Given my private value of $42, I will bid strategically to maximize profit. Since this is the first round, I will start with a moderate bid to gather information and set the stage for future rounds. I will bid $24, which is below my private value but not too low to send a signal."
0,Bidder Betty,12,4.0,False,24.0,0,common_value_first_llama,V10,meta-llama/Meta-Llama-3-8B-Instruct,deep_infra,0.5,3,1,seal,first,common,0.1,1299,common_spsb.txt,2026-01-13_00-56-00-253376,01-10-56-822665,"Since this is the first round, I'll start by bidding a conservative amount to gather information about the other bidders. Given my private value of $12, I'll bid $4. This will allow me to observe the bids of Bidder Andy and Bidder Charles and adjust my strategy accordingly."
0,Bidder Charles,10,1.0,False,24.0,0,common_value_first_llama,V10,meta-llama/Meta-Llama-3-8B-Instruct,deep_infra,0.5,3,1,seal,first,common,0.1,1299,common_spsb.txt,2026-01-13_00-56-00-253376,01-10-56-822665,"Since this is the first round, I'll start by bidding a conservative amount to minimize losses and gain information about the other bidders' perceived values. I'll bid $1 to gather data and avoid overbidding, while still having a chance to win the prize."
0,Bidder Andy,15,24.0,False,28.0,0,common_value_first_llama,V10,meta-llama/Meta-Llama-3-8B-Instruct,deep_infra,0.5,3,1,seal,first,common,0.1,1299,common_spsb.txt,2026-01-13_00-56-00-253376,01-11-07-436866,"Since this is the first round, I'll focus on learning and adapting. I'll bid a moderate amount to gather information about the other bidders. Given my private value of $15, I'll bid a value that's slightly higher than the common value to account for noise. I'll bid $24."
0,Bidder Betty,40,28.0,True,28.0,-5.0,common_value_first_llama,V10,meta-llama/Meta-Llama-3-8B-Instruct,deep_infra,0.5,3,1,seal,first,common,0.1,1299,common_spsb.txt,2026-01-13_00-56-00-253376,01-11-07-436866,"As this is the first round, I will start with a conservative bid to gauge the competition. Since my private value is $40, I will bid slightly above the perceived value to account for noise. I will bid $28 to minimize the risk of overpaying and maximize the potential for profit."
0,Bidder Charles,18,24.0,False,28.0,0,common_value_first_llama,V10,meta-llama/Meta-Llama-3-8B-Instruct,deep_infra,0.5,3,1,seal,first,common,0.1,1299,common_spsb.txt,2026-01-13_00-56-00-253376,01-11-07-436866,"As this is the first round, I'll start with a conservative bid to gauge the competition. Since my private value is $18, I'll bid slightly above it to account for noise. I'll aim for a bid that's likely to win but not too high to minimize potential losses."
0,Bidder Andy,27,24.5,True,24.5,4.5,common_value_first_llama,V10,meta-llama/Meta-Llama-3-8B-Instruct,deep_infra,0.5,3,1,seal,first,common,0.1,1299,common_spsb.txt,2026-01-13_00-56-00-253376,01-11-17-965894,"Since this is the first round, I'll start by bidding a moderate amount to gauge the competition. Considering my private value is $27, I'll aim to bid slightly above the midpoint of the possible range ($24.5). I'll bid $24.50, which is a reasonable starting point to assess the competition."
0,Bidder Betty,28,1.0,False,24.5,0,common_value_first_llama,V10,meta-llama/Meta-Llama-3-8B-Instruct,deep_infra,0.5,3,1,seal,first,common,0.1,1299,common_spsb.txt,2026-01-13_00-56-00-253376,01-11-17-965894,"Since this is the first round, I'll start by bidding $1, a conservative amount to get a feel for the competition. I'll observe the bids and adjust my strategy accordingly. If the bids are high, I'll bid closer to my perceived value of $28. If the bids are low, I'll bid lower to minimize losses."
0,Bidder Charles,15,20.0,False,24.5,0,common_value_first_llama,V10,meta-llama/Meta-Llama-3-8B-Instruct,deep_infra,0.5,3,1,seal,first,common,0.1,1299,common_spsb.txt,2026-01-13_00-56-00-253376,01-11-17-965894,"Since this is the first round, I will start by bidding a moderate amount to gauge the competition. Given my private value of $15, I will aim to bid slightly higher to account for the noise in the perceived value. I will bid $20, which is a reasonable starting point to observe the other bidders' behavior."
0,Bidder Andy,25,27.0,False,34.0,0,common_value_first_llama,V10,meta-llama/Meta-Llama-3-8B-Instruct,deep_infra,0.5,3,1,seal,first,common,0.1,1299,common_spsb.txt,2026-01-13_00-56-00-253376,01-11-48-669268,"Since this is the first round and I don't have any historical data, I will start by bidding a moderate amount, slightly above the perceived value of $25. I will bid $27. This will allow me to gauge the competition and adjust my strategy accordingly in the next round, if any."
0,Bidder Betty,15,20.0,False,34.0,0,common_value_first_llama,V10,meta-llama/Meta-Llama-3-8B-Instruct,deep_infra,0.5,3,1,seal,first,common,0.1,1299,common_spsb.txt,2026-01-13_00-56-00-253376,01-11-48-669268,"Since this is the first round, I'll start by bidding a moderate amount to gauge the competition. Given my private value of $15, I'll bid $20, which is slightly above the noise adjustment and below the perceived value range. This will allow me to observe the others' bids and adjust my strategy accordingly."
0,Bidder Charles,33,34.0,True,34.0,-5.0,common_value_first_llama,V10,meta-llama/Meta-Llama-3-8B-Instruct,deep_infra,0.5,3,1,seal,first,common,0.1,1299,common_spsb.txt,2026-01-13_00-56-00-253376,01-11-48-669268,"Since this is the first round, I will focus on learning the common value. I will bid a moderate amount, slightly above my private value, to gauge the competition. I will also keep in mind that the true value is equal to the common value, which I don't know yet. My goal is to maximize profit in the long run, so I will aim to win with a bid that is not too high."
0,Bidder Andy,27,24.5,False,28.0,0,common_value_first_llama,V10,meta-llama/Meta-Llama-3-8B-Instruct,deep_infra,0.5,3,1,seal,first,common,0.1,1299,common_spsb.txt,2026-01-13_00-56-00-253376,01-12-03-904037,"Since this is the first round, I'll start by bidding a moderate amount to gauge the competition. Considering my private value is $27, I'll aim to bid slightly above the midpoint of the possible range ($24.5). I'll bid $24.50, which is a reasonable starting point to assess the competition."
0,Bidder Betty,40,28.0,True,28.0,-2.0,common_value_first_llama,V10,meta-llama/Meta-Llama-3-8B-Instruct,deep_infra,0.5,3,1,seal,first,common,0.1,1299,common_spsb.txt,2026-01-13_00-56-00-253376,01-12-03-904037,"As this is the first round, I will start with a conservative bid to gauge the competition. Since my private value is $40, I will bid slightly above the perceived value to account for noise. I will bid $28 to minimize the risk of overpaying and maximize the potential for profit."
0,Bidder Charles,13,15.0,False,28.0,0,common_value_first_llama,V10,meta-llama/Meta-Llama-3-8B-Instruct,deep_infra,0.5,3,1,seal,first,common,0.1,1299,common_spsb.txt,2026-01-13_00-56-00-253376,01-12-03-904037,"Since this is the first round, I'll start by bidding a moderate amount to gauge the competition. Considering my private value is $13, I'll bid $15, which is slightly above the noise adjustment. This will give me a chance to win and learn more about the other bidders' strategies."
0,Bidder Andy,17,26.0,False,43.9,0,common_value_first_llama,V10,meta-llama/Meta-Llama-3-8B-Instruct,deep_infra,0.5,3,1,seal,first,common,0.1,1299,common_spsb.txt,2026-01-13_00-56-00-253376,01-12-15-088249,"Since this is the first round, I'll start by bidding a moderate amount to gauge the competition. Considering my private value is $17, I'll bid slightly above the midpoint to increase my chances of winning. I'll aim to bid around $25-$27, leaving room for adjustments in subsequent rounds if needed."
0,Bidder Betty,39,43.9,True,43.9,-22.9,common_value_first_llama,V10,meta-llama/Meta-Llama-3-8B-Instruct,deep_infra,0.5,3,1,seal,first,common,0.1,1299,common_spsb.txt,2026-01-13_00-56-00-253376,01-12-15-088249,"Since this is the first round, I will start by bidding a moderate amount to gauge the competition. I will bid slightly higher than my perceived value, $39, to account for potential noise in the other bidders' perceptions. I will aim to win the prize without overpaying, while also leaving room for adjustments in future rounds if needed."
0,Bidder Charles,24,24.5,False,43.9,0,common_value_first_llama,V10,meta-llama/Meta-Llama-3-8B-Instruct,deep_infra,0.5,3,1,seal,first,common,0.1,1299,common_spsb.txt,2026-01-13_00-56-00-253376,01-12-15-088249,"As this is the first round, I will start by bidding conservatively, considering the private noise adjustment may be high. I will bid slightly above my perceived value, aiming to win the prize while minimizing losses. I will monitor the bids and adjust my strategy accordingly in subsequent rounds."
0,Bidder Andy,11,15.0,False,27.0,0,common_value_first_llama,V10,meta-llama/Meta-Llama-3-8B-Instruct,deep_infra,0.5,3,1,seal,first,common,0.1,1299,common_spsb.txt,2026-01-13_00-56-00-253376,01-12-26-474959,"Since this is the first round, I'll start by bidding a moderate amount to gauge the competition. Given my perceived value of $11, I'll bid $15, which is slightly above the noise adjustment. This will allow me to observe the other bidders' behavior and adjust my strategy accordingly."
0,Bidder Betty,14,20.0,False,27.0,0,common_value_first_llama,V10,meta-llama/Meta-Llama-3-8B-Instruct,deep_infra,0.5,3,1,seal,first,common,0.1,1299,common_spsb.txt,2026-01-13_00-56-00-253376,01-12-26-474959,"Since this is the first round, I'll start by bidding a moderate amount to gauge the competition and potential value of the prize. Given my private value of $14, I'll bid $20, which is slightly above the perceived value of the prize. This will allow me to gauge the competition and adjust my bidding strategy accordingly."
0,Bidder Charles,23,27.0,True,27.0,-7.0,common_value_first_llama,V10,meta-llama/Meta-Llama-3-8B-Instruct,deep_infra,0.5,3,1,seal,first,common,0.1,1299,common_spsb.txt,2026-01-13_00-56-00-253376,01-12-26-474959,"As this is the first round, I'll start by bidding aggressively to maximize my chances of winning. Since my private value is $23, I'll bid a value that is slightly higher to account for the noise. I'll aim for a bid that is around $25-$27, which gives me a good chance of winning and minimizing my losses if I don't win."
0,Bidder Andy,40,2.5,False,34.0,0,common_value_first_llama,V10,meta-llama/Meta-Llama-3-8B-Instruct,deep_infra,0.5,3,1,seal,first,common,0.1,1299,common_spsb.txt,2026-01-13_00-56-00-253376,01-12-37-128494,"Since this is the first round, I'll start with a conservative bid to gauge the competition. I'll bid $2.50, which is a low enough amount to minimize losses if I don't win, while also allowing me to learn more about the other bidders' perceived values."
0,Bidder Betty,27,10.0,False,34.0,0,common_value_first_llama,V10,meta-llama/Meta-Llama-3-8B-Instruct,deep_infra,0.5,3,1,seal,first,common,0.1,1299,common_spsb.txt,2026-01-13_00-56-00-253376,01-12-37-128494,"Since this is the first round, I'll start by bidding conservatively to gather information about the other bidders. I'll bid $10, a relatively low amount, to minimize my potential loss if I don't win. I'll also keep an eye on the other bidders' bids to adjust my strategy for the next round."
0,Bidder Charles,37,34.0,True,34.0,-14.0,common_value_first_llama,V10,meta-llama/Meta-Llama-3-8B-Instruct,deep_infra,0.5,3,1,seal,first,common,0.1,1299,common_spsb.txt,2026-01-13_00-56-00-253376,01-12-37-128494,"As the first round, I'll focus on understanding the noise in the perceived values. Since my private value is $37, I'll bid slightly below to account for the noise. I'll start with a conservative bid to minimize losses and maximize potential gains. I'll monitor the bids and adjust accordingly in subsequent rounds."
0,Bidder Andy,26,14.0,False,34.0,0,common_value_first_llama,V10,meta-llama/Meta-Llama-3-8B-Instruct,deep_infra,0.5,3,1,seal,first,common,0.1,1299,common_spsb.txt,2026-01-13_00-56-00-253376,01-12-48-091723,"As it's the first round, I'll start by bidding a moderate amount, taking into account my perceived value of $26. Since I don't have any historical data, I'll aim to be competitive without overbidding. I'll place a bid of $14, which is slightly above the midpoint of the possible bids."
0,Bidder Betty,3,1.0,False,34.0,0,common_value_first_llama,V10,meta-llama/Meta-Llama-3-8B-Instruct,deep_infra,0.5,3,1,seal,first,common,0.1,1299,common_spsb.txt,2026-01-13_00-56-00-253376,01-12-48-091723,"I will start by bidding a low amount to gather information about the other bidders' perceived values. Since my private value is $3, I will bid $1 to minimize my losses if I don't win. I will observe the other bidders' bids and adjust my strategy accordingly."
0,Bidder Charles,37,34.0,True,34.0,-14.0,common_value_first_llama,V10,meta-llama/Meta-Llama-3-8B-Instruct,deep_infra,0.5,3,1,seal,first,common,0.1,1299,common_spsb.txt,2026-01-13_00-56-00-253376,01-12-48-091723,"As the first round, I'll focus on understanding the noise in the perceived values. Since my private value is $37, I'll bid slightly below to account for the noise. I'll start with a conservative bid to minimize losses and maximize potential gains. I'll monitor the bids and adjust accordingly in subsequent rounds."
0,Bidder Andy,36,10.1,False,34.0,0,common_value_first_llama,V10,meta-llama/Meta-Llama-3-8B-Instruct,deep_infra,0.5,3,1,seal,first,common,0.1,1299,common_spsb.txt,2026-01-13_00-56-00-253376,01-12-58-815396,"Since this is the first round, I'll start by bidding conservatively to learn more about the other bidders' values. I'll bid $10, which is below my perceived value, to gauge their responses. This will help me understand their bidding patterns and adjust my strategy accordingly."
0,Bidder Betty,24,25.0,False,34.0,0,common_value_first_llama,V10,meta-llama/Meta-Llama-3-8B-Instruct,deep_infra,0.5,3,1,seal,first,common,0.1,1299,common_spsb.txt,2026-01-13_00-56-00-253376,01-12-58-815396,"As there is no history to learn from, I will start with a conservative bid to minimize losses. Since my private value is $24, I will bid slightly above it to account for the noise. I will bid $25, leaving room for adjustment in future rounds if needed."
0,Bidder Charles,37,34.0,True,34.0,-7.0,common_value_first_llama,V10,meta-llama/Meta-Llama-3-8B-Instruct,deep_infra,0.5,3,1,seal,first,common,0.1,1299,common_spsb.txt,2026-01-13_00-56-00-253376,01-12-58-815396,"As the first round, I'll focus on understanding the noise in the perceived values. Since my private value is $37, I'll bid slightly below to account for the noise. I'll start with a conservative bid to minimize losses and maximize potential gains. I'll monitor the bids and adjust accordingly in subsequent rounds."
0,Bidder Andy,2,2.5,False,25.0,0,common_value_first_llama,V10,meta-llama/Meta-Llama-3-8B-Instruct,deep_infra,0.5,3,1,seal,first,common,0.1,1299,common_spsb.txt,2026-01-13_00-56-00-253376,01-13-13-889803,"Since this is the first round, I'll start with a conservative bid to gauge the competition. I'll bid just above my perceived value, which is $2. This will help me understand the other bidders' strategies and adjust my bids accordingly. I'll aim to win the prize and pay a reasonable price."
0,Bidder Betty,32,25.0,True,25.0,-3.0,common_value_first_llama,V10,meta-llama/Meta-Llama-3-8B-Instruct,deep_infra,0.5,3,1,seal,first,common,0.1,1299,common_spsb.txt,2026-01-13_00-56-00-253376,01-13-13-889803,"Since this is the first round, I'll start by bidding a moderate amount to gauge the competition. Given my private value of $32, I'll bid slightly above the midpoint of the possible range, which is $24.50. This will allow me to gain information about the other bidders' values while keeping my options open for future rounds."
0,Bidder Charles,8,1.0,False,25.0,0,common_value_first_llama,V10,meta-llama/Meta-Llama-3-8B-Instruct,deep_infra,0.5,3,1,seal,first,common,0.1,1299,common_spsb.txt,2026-01-13_00-56-00-253376,01-13-13-889803,"Since this is the first round, I'll start by bidding low to gather information about the other bidders. I'll bid $1 to minimize my risk and leave room for adjustment in future rounds. I'll observe the bids and adjust my strategy accordingly."
0,Bidder Andy,19,24.0,False,25.0,0,common_value_first_llama,V10,meta-llama/Meta-Llama-3-8B-Instruct,deep_infra,0.5,3,1,seal,first,common,0.1,1299,common_spsb.txt,2026-01-13_00-56-00-253376,01-14-14-594043,"Since this is the first round, I'll start by bidding a moderate amount to gauge the competition. Considering my private value of $19, I'll bid slightly above it to ensure I have a good chance of winning. I'll also observe the bids of other players to adjust my strategy for future rounds."
0,Bidder Betty,32,25.0,True,25.0,-1.0,common_value_first_llama,V10,meta-llama/Meta-Llama-3-8B-Instruct,deep_infra,0.5,3,1,seal,first,common,0.1,1299,common_spsb.txt,2026-01-13_00-56-00-253376,01-14-14-594043,"Since this is the first round, I'll start by bidding a moderate amount to gauge the competition. Given my private value of $32, I'll bid slightly above the midpoint of the possible range, which is $24.50. This will allow me to gain information about the other bidders' values while keeping my options open for future rounds."
0,Bidder Charles,42,20.0,False,25.0,0,common_value_first_llama,V10,meta-llama/Meta-Llama-3-8B-Instruct,deep_infra,0.5,3,1,seal,first,common,0.1,1299,common_spsb.txt,2026-01-13_00-56-00-253376,01-14-14-594043,"Since this is the first round, I will start by bidding a moderate amount, taking into account my private value of $42. I will bid $20, hoping to win the prize and learn more about the other bidders' values. This bid is low enough to be competitive, yet high enough to give me a chance to win."
0,Bidder Andy,46,25.0,False,43.9,0,common_value_first_llama,V10,meta-llama/Meta-Llama-3-8B-Instruct,deep_infra,0.5,3,1,seal,first,common,0.1,1299,common_spsb.txt,2026-01-13_00-56-00-253376,01-14-40-251906,"As this is the first round, I'll start by bidding a moderate amount to gauge the competition. Since my private value is $46, I'll bid slightly above the midpoint of the possible range ($24.5) to account for the noise in the perceived values. I'll aim for a bid of $25."
0,Bidder Betty,39,43.9,True,43.9,-14.899999999999999,common_value_first_llama,V10,meta-llama/Meta-Llama-3-8B-Instruct,deep_infra,0.5,3,1,seal,first,common,0.1,1299,common_spsb.txt,2026-01-13_00-56-00-253376,01-14-40-251906,"Since this is the first round, I will start by bidding a moderate amount to gauge the competition. I will bid slightly higher than my perceived value, $39, to account for potential noise in the other bidders' perceptions. I will aim to win the prize without overpaying, while also leaving room for adjustments in future rounds if needed."
0,Bidder Charles,13,15.0,False,43.9,0,common_value_first_llama,V10,meta-llama/Meta-Llama-3-8B-Instruct,deep_infra,0.5,3,1,seal,first,common,0.1,1299,common_spsb.txt,2026-01-13_00-56-00-253376,01-14-40-251906,"Since this is the first round, I'll start by bidding a moderate amount to gauge the competition. Considering my private value is $13, I'll bid $15, which is slightly above the noise adjustment. This will give me a chance to win and learn more about the other bidders' strategies."
0,Bidder Andy,14,24.0,False,47.0,0,common_value_first_llama,V10,meta-llama/Meta-Llama-3-8B-Instruct,deep_infra,0.5,3,1,seal,first,common,0.1,1299,common_spsb.txt,2026-01-13_00-56-00-253376,01-14-55-380460,"Since this is the first round and I don't have any historical data to learn from, I'll start by bidding a moderate amount. I'll bid $24, which is slightly above the midpoint of the possible bid range. This will give me a good chance of winning while keeping my potential losses relatively low."
0,Bidder Betty,47,47.0,True,47.0,-18.0,common_value_first_llama,V10,meta-llama/Meta-Llama-3-8B-Instruct,deep_infra,0.5,3,1,seal,first,common,0.1,1299,common_spsb.txt,2026-01-13_00-56-00-253376,01-14-55-380460,"Since this is the first round, I will bid based on my private perceived value. I will bid the nearest whole dollar amount to my private value, which is $47. I will not consider the bids of other players yet, as there is no history to learn from. My goal is to maximize my profit by bidding close to my true value."
0,Bidder Charles,36,20.0,False,47.0,0,common_value_first_llama,V10,meta-llama/Meta-Llama-3-8B-Instruct,deep_infra,0.5,3,1,seal,first,common,0.1,1299,common_spsb.txt,2026-01-13_00-56-00-253376,01-14-55-380460,"Since this is the first round, I'll start by bidding a moderate amount to gauge the market. Given my private value of $36, I'll bid $20 to increase the chances of winning and minimize the risk of overbidding. I'll also observe the bids from other players to adjust my strategy for future rounds."
0,Bidder Andy,17,26.0,True,26.0,0.0,common_value_first_llama,V10,meta-llama/Meta-Llama-3-8B-Instruct,deep_infra,0.5,3,1,seal,first,common,0.1,1299,common_spsb.txt,2026-01-13_00-56-00-253376,01-15-10-195831,"Since this is the first round, I'll start by bidding a moderate amount to gauge the competition. Considering my private value is $17, I'll bid slightly above the midpoint to increase my chances of winning. I'll aim to bid around $25-$27, leaving room for adjustments in subsequent rounds if needed."
0,Bidder Betty,26,14.0,False,26.0,0,common_value_first_llama,V10,meta-llama/Meta-Llama-3-8B-Instruct,deep_infra,0.5,3,1,seal,first,common,0.1,1299,common_spsb.txt,2026-01-13_00-56-00-253376,01-15-10-195831,"Since this is the first round, I'll start by bidding a moderate amount to gauge the competition. I'll bid $14, which is slightly above the perceived value of $26 but below the maximum possible bid of $49. This will allow me to observe the bids of Bidder Andy and Bidder Charles while keeping my options open for future rounds."
0,Bidder Charles,12,3.0,False,26.0,0,common_value_first_llama,V10,meta-llama/Meta-Llama-3-8B-Instruct,deep_infra,0.5,3,1,seal,first,common,0.1,1299,common_spsb.txt,2026-01-13_00-56-00-253376,01-15-10-195831,"Given my private value of $12, I will bid strategically to maximize my profit. Since this is the first round, I don't have any historical data to inform my decision. I will bid conservatively, aiming for a bid that is slightly higher than the expected noise in the private adjustments. I will bid $3. This will give me a good chance of winning without overpaying."
0,Bidder Andy,19,24.0,False,25.0,0,common_value_first_llama,V10,meta-llama/Meta-Llama-3-8B-Instruct,deep_infra,0.5,3,1,seal,first,common,0.1,1299,common_spsb.txt,2026-01-13_00-56-00-253376,01-15-20-865053,"Since this is the first round, I'll start by bidding a moderate amount to gauge the competition. Considering my private value of $19, I'll bid slightly above it to ensure I have a good chance of winning. I'll also observe the bids of other players to adjust my strategy for future rounds."
0,Bidder Betty,20,25.0,True,25.0,-4.0,common_value_first_llama,V10,meta-llama/Meta-Llama-3-8B-Instruct,deep_infra,0.5,3,1,seal,first,common,0.1,1299,common_spsb.txt,2026-01-13_00-56-00-253376,01-15-20-865053,"Since this is the first round, I'll start by bidding a moderate amount to gauge the competition. Given my private value of $20, I'll aim to bid slightly above the expected average value to increase my chances of winning. My plan is to bid $25."
0,Bidder Charles,1,2.0,False,25.0,0,common_value_first_llama,V10,meta-llama/Meta-Llama-3-8B-Instruct,deep_infra,0.5,3,1,seal,first,common,0.1,1299,common_spsb.txt,2026-01-13_00-56-00-253376,01-15-20-865053,"Since this is the first round, I'll start by bidding a moderate amount to gauge the competition. Given my private value of $1, I'll bid $2. This allows me to stay competitive while keeping my losses limited if I don't win. I'll also monitor the bids of Andy and Betty to adjust my strategy accordingly in future rounds."
0,Bidder Andy,7,10.0,False,28.0,0,common_value_first_llama,V10,meta-llama/Meta-Llama-3-8B-Instruct,deep_infra,0.5,3,1,seal,first,common,0.1,1299,common_spsb.txt,2026-01-13_00-56-00-253376,01-15-35-611660,"Since this is the first round, I'll start by bidding a moderate amount to gauge the competition. Given my private value of $7, I'll bid $10 to leave room for error and potential noise in the perceived value. I'll observe the bids and adjust my strategy accordingly for the next (non-existent) round."
0,Bidder Betty,35,28.0,True,28.0,-4.0,common_value_first_llama,V10,meta-llama/Meta-Llama-3-8B-Instruct,deep_infra,0.5,3,1,seal,first,common,0.1,1299,common_spsb.txt,2026-01-13_00-56-00-253376,01-15-35-611660,"As the first round, I'll start by bidding conservatively. Since my private value is $35, I'll aim to bid slightly above the average perceived value. I'll use the information from my private value to adjust my bid accordingly. I'll start by bidding $28."
0,Bidder Charles,11,12.5,False,28.0,0,common_value_first_llama,V10,meta-llama/Meta-Llama-3-8B-Instruct,deep_infra,0.5,3,1,seal,first,common,0.1,1299,common_spsb.txt,2026-01-13_00-56-00-253376,01-15-35-611660,"As the first round, I'll start with a conservative bid to minimize losses. Since my private value is $11, I'll bid slightly above the perceived value to account for the noise. I'll bid $12.50, which is 1.5 times my private value, to balance the risk of overbidding and the potential gain of winning."
0,Bidder Andy,2,2.5,False,20.0,0,common_value_first_llama,V10,meta-llama/Meta-Llama-3-8B-Instruct,deep_infra,0.5,3,1,seal,first,common,0.1,1299,common_spsb.txt,2026-01-13_00-56-00-253376,01-15-50-347420,"Since this is the first round, I'll start with a conservative bid to gauge the competition. I'll bid just above my perceived value, which is $2. This will help me understand the other bidders' strategies and adjust my bids accordingly. I'll aim to win the prize and pay a reasonable price."
0,Bidder Betty,15,20.0,True,20.0,2.0,common_value_first_llama,V10,meta-llama/Meta-Llama-3-8B-Instruct,deep_infra,0.5,3,1,seal,first,common,0.1,1299,common_spsb.txt,2026-01-13_00-56-00-253376,01-15-50-347420,"Since this is the first round, I'll start by bidding a moderate amount to gauge the competition. Given my private value of $15, I'll bid $20, which is slightly above the noise adjustment and below the perceived value range. This will allow me to observe the others' bids and adjust my strategy accordingly."
0,Bidder Charles,12,3.0,False,20.0,0,common_value_first_llama,V10,meta-llama/Meta-Llama-3-8B-Instruct,deep_infra,0.5,3,1,seal,first,common,0.1,1299,common_spsb.txt,2026-01-13_00-56-00-253376,01-15-50-347420,"Given my private value of $12, I will bid strategically to maximize my profit. Since this is the first round, I don't have any historical data to inform my decision. I will bid conservatively, aiming for a bid that is slightly higher than the expected noise in the private adjustments. I will bid $3. This will give me a good chance of winning without overpaying."
0,Bidder Andy,20,10.0,False,43.9,0,common_value_first_llama,V10,meta-llama/Meta-Llama-3-8B-Instruct,deep_infra,0.5,3,1,seal,first,common,0.1,1299,common_spsb.txt,2026-01-13_00-56-00-253376,01-16-00-821884,"Since this is the first round, I will start by bidding a moderate amount to gauge the competition. Given my private value of $20, I will bid $10 to maximize my profit in the long run, as the true value is equal to the common value. I will observe the bids of Bidder Betty and Bidder Charles to adjust my strategy for future rounds."
0,Bidder Betty,30,24.9,False,43.9,0,common_value_first_llama,V10,meta-llama/Meta-Llama-3-8B-Instruct,deep_infra,0.5,3,1,seal,first,common,0.1,1299,common_spsb.txt,2026-01-13_00-56-00-253376,01-16-00-821884,"Since this is the first round, I'll start by bidding a moderate amount to gauge the competition. Given my private value of $30, I'll bid slightly above the midpoint of the possible range to increase my chances of winning. I'll aim for a bid of $24.9, which is high enough to be competitive but low enough to leave room for adjustment in future rounds."
0,Bidder Charles,47,43.9,True,43.9,-14.899999999999999,common_value_first_llama,V10,meta-llama/Meta-Llama-3-8B-Instruct,deep_infra,0.5,3,1,seal,first,common,0.1,1299,common_spsb.txt,2026-01-13_00-56-00-253376,01-16-00-821884,"As the first round, I'll start by bidding a moderate amount to gauge the competition. Since my private value is $47, I'll bid slightly below to account for potential noise. I'll also observe the bids of Bidder Andy and Bidder Betty to adjust my strategy for future rounds. Initially, I'll bid $43.9 to maximize my profit while minimizing risk."
0,Bidder Andy,41,41.1,True,41.1,-20.1,common_value_first_llama,V10,meta-llama/Meta-Llama-3-8B-Instruct,deep_infra,0.5,3,1,seal,first,common,0.1,1299,common_spsb.txt,2026-01-13_00-56-00-253376,01-16-11-462979,"Since this is the first round, I will start by bidding aggressively to maximize my chances of winning. I will bid slightly higher than my perceived value, taking into account the noise adjustment. I will also keep an eye on the other bidders' bids to adjust my strategy accordingly."
0,Bidder Betty,33,14.1,False,41.1,0,common_value_first_llama,V10,meta-llama/Meta-Llama-3-8B-Instruct,deep_infra,0.5,3,1,seal,first,common,0.1,1299,common_spsb.txt,2026-01-13_00-56-00-253376,01-16-11-462979,"Since this is the first round, I'll start by bidding a moderate amount to gather information about the other bidders. I'll bid $14.10, which is slightly above the starting point but not too aggressive. This will allow me to learn more about the other bidders' perceived values and adjust my strategy accordingly."
0,Bidder Charles,17,17.1,False,41.1,0,common_value_first_llama,V10,meta-llama/Meta-Llama-3-8B-Instruct,deep_infra,0.5,3,1,seal,first,common,0.1,1299,common_spsb.txt,2026-01-13_00-56-00-253376,01-16-11-462979,"Given my private value of $17, I will bid strategically to maximize my profit. Since this is the first round, I have no history to learn from. I will bid conservatively, starting with a bid that is slightly higher than my private value to avoid losing and paying nothing. I will monitor the other bidders' bids and adjust accordingly."
0,Bidder Andy,49,20.0,False,25.0,0,common_value_first_llama,V10,meta-llama/Meta-Llama-3-8B-Instruct,deep_infra,0.5,3,1,seal,first,common,0.1,1299,common_spsb.txt,2026-01-13_00-56-00-253376,01-16-22-081682,"As this is the first round, I'll start by bidding conservatively, taking into account the private noisy adjustment. Since my perceived value is $49, I'll bid $20, which is below my perceived value but still competitive. I'll observe the bids and adjust my strategy accordingly for the next round."
0,Bidder Betty,21,10.0,False,25.0,0,common_value_first_llama,V10,meta-llama/Meta-Llama-3-8B-Instruct,deep_infra,0.5,3,1,seal,first,common,0.1,1299,common_spsb.txt,2026-01-13_00-56-00-253376,01-16-22-081682,"Since this is the first round, I'll start by bidding a moderate amount to learn more about the other bidders' values. Considering my private value is $21, I'll bid $10 to stay competitive while keeping an eye on the other bidders' moves."
0,Bidder Charles,20,25.0,True,25.0,4.0,common_value_first_llama,V10,meta-llama/Meta-Llama-3-8B-Instruct,deep_infra,0.5,3,1,seal,first,common,0.1,1299,common_spsb.txt,2026-01-13_00-56-00-253376,01-16-22-081682,"Since this is the first round, I'll start by bidding a moderate amount to gauge the competition. Given my private value of $20, I'll aim to bid slightly above the expected average to increase my chances of winning. I'll start with a bid of $25, keeping in mind that the true value is the common value, which is unknown."
0,Bidder Andy,34,29.0,True,29.0,-9.0,common_value_first_llama,V10,meta-llama/Meta-Llama-3-8B-Instruct,deep_infra,0.5,3,1,seal,first,common,0.1,1299,common_spsb.txt,2026-01-13_00-56-00-253376,01-16-32-596204,"Given my private value of $34, I will bid a moderate amount to maximize profit. Since it's the first round, I won't overbid, and instead, I'll aim for a bid that's slightly above the noise. I'll bid $29, which is a reasonable starting point, considering the range of possible true values (20-29)."
0,Bidder Betty,10,5.0,False,29.0,0,common_value_first_llama,V10,meta-llama/Meta-Llama-3-8B-Instruct,deep_infra,0.5,3,1,seal,first,common,0.1,1299,common_spsb.txt,2026-01-13_00-56-00-253376,01-16-32-596204,"Since this is the first round, I will start by bidding a moderate amount to gauge the competition. I will bid $5, which is below the perceived value of $10, but still high enough to show my interest. I will observe the bids from other players and adjust my strategy accordingly in subsequent rounds."
0,Bidder Charles,27,27.5,False,29.0,0,common_value_first_llama,V10,meta-llama/Meta-Llama-3-8B-Instruct,deep_infra,0.5,3,1,seal,first,common,0.1,1299,common_spsb.txt,2026-01-13_00-56-00-253376,01-16-32-596204,"Since this is the first round, I don't have any historical data to inform my bidding strategy. However, I'll start by bidding a moderate amount that's likely to be competitive but not too aggressive. I'll consider the private value of $27 and bid slightly higher to account for the noisy measurement. I'll aim for a bid between $25 and $30."
0,Bidder Andy,7,10.0,True,10.0,11.0,common_value_first_llama,V10,meta-llama/Meta-Llama-3-8B-Instruct,deep_infra,0.5,3,1,seal,first,common,0.1,1299,common_spsb.txt,2026-01-13_00-56-00-253376,01-16-43-143648,"Since this is the first round, I'll start by bidding a moderate amount to gauge the competition. Given my private value of $7, I'll bid $10 to leave room for error and potential noise in the perceived value. I'll observe the bids and adjust my strategy accordingly for the next (non-existent) round."
0,Bidder Betty,7,4.5,False,10.0,0,common_value_first_llama,V10,meta-llama/Meta-Llama-3-8B-Instruct,deep_infra,0.5,3,1,seal,first,common,0.1,1299,common_spsb.txt,2026-01-13_00-56-00-253376,01-16-43-143648,"Since this is the first round, I'll start by bidding a moderate amount, taking into account my private value of $7. I'll bid $4.50, which is slightly above my private value to account for potential noise in the perceived value. This bid should give me a good chance of winning while minimizing my potential loss if I don't win."
0,Bidder Charles,38,10.0,False,10.0,0,common_value_first_llama,V10,meta-llama/Meta-Llama-3-8B-Instruct,deep_infra,0.5,3,1,seal,first,common,0.1,1299,common_spsb.txt,2026-01-13_00-56-00-253376,01-16-43-143648,"Since this is the first round, I'll start by bidding conservatively to gather information. I'll bid $10, which is below my private value. This will allow me to observe the other bidders' behavior and adjust my strategy accordingly in the next round."
0,Bidder Andy,34,29.0,True,29.0,-7.0,common_value_first_llama,V10,meta-llama/Meta-Llama-3-8B-Instruct,deep_infra,0.5,3,1,seal,first,common,0.1,1299,common_spsb.txt,2026-01-13_00-56-00-253376,01-16-53-599391,"Given my private value of $34, I will bid a moderate amount to maximize profit. Since it's the first round, I won't overbid, and instead, I'll aim for a bid that's slightly above the noise. I'll bid $29, which is a reasonable starting point, considering the range of possible true values (20-29)."
0,Bidder Betty,40,28.0,False,29.0,0,common_value_first_llama,V10,meta-llama/Meta-Llama-3-8B-Instruct,deep_infra,0.5,3,1,seal,first,common,0.1,1299,common_spsb.txt,2026-01-13_00-56-00-253376,01-16-53-599391,"As this is the first round, I will start with a conservative bid to gauge the competition. Since my private value is $40, I will bid slightly above the perceived value to account for noise. I will bid $28 to minimize the risk of overpaying and maximize the potential for profit."
0,Bidder Charles,24,24.5,False,29.0,0,common_value_first_llama,V10,meta-llama/Meta-Llama-3-8B-Instruct,deep_infra,0.5,3,1,seal,first,common,0.1,1299,common_spsb.txt,2026-01-13_00-56-00-253376,01-16-53-599391,"As this is the first round, I will start by bidding conservatively, considering the private noise adjustment may be high. I will bid slightly above my perceived value, aiming to win the prize while minimizing losses. I will monitor the bids and adjust my strategy accordingly in subsequent rounds."
0,Bidder Andy,32,30.0,False,34.0,0,common_value_first_llama,V10,meta-llama/Meta-Llama-3-8B-Instruct,deep_infra,0.5,3,1,seal,first,common,0.1,1299,common_spsb.txt,2026-01-13_00-56-00-253376,01-17-04-124938,"Since this is the first round, I don't have any historical data to inform my decision. I'll start by bidding a moderate amount, taking into account the private value of $32. I'll aim to make a profit by bidding slightly higher than the true value, while keeping an eye on the competition. I'll bid $30."
0,Bidder Betty,11,24.0,False,34.0,0,common_value_first_llama,V10,meta-llama/Meta-Llama-3-8B-Instruct,deep_infra,0.5,3,1,seal,first,common,0.1,1299,common_spsb.txt,2026-01-13_00-56-00-253376,01-17-04-124938,"As this is the first round, I'll start by bidding a moderate amount to gauge the competition. Since my private value is $11, I'll bid slightly above it to account for the noise. I'll also observe the other bidders' bids to adjust my strategy for subsequent rounds, if any."
0,Bidder Charles,33,34.0,True,34.0,-10.0,common_value_first_llama,V10,meta-llama/Meta-Llama-3-8B-Instruct,deep_infra,0.5,3,1,seal,first,common,0.1,1299,common_spsb.txt,2026-01-13_00-56-00-253376,01-17-04-124938,"Since this is the first round, I will focus on learning the common value. I will bid a moderate amount, slightly above my private value, to gauge the competition. I will also keep in mind that the true value is equal to the common value, which I don't know yet. My goal is to maximize profit in the long run, so I will aim to win with a bid that is not too high."
0,Bidder Andy,28,5.0,False,24.1,0,common_value_first_llama,V10,meta-llama/Meta-Llama-3-8B-Instruct,deep_infra,0.5,3,1,seal,first,common,0.1,1299,common_spsb.txt,2026-01-13_00-56-00-253376,01-17-14-547787,"Since this is the first round, I'll start with a conservative bid to gauge the competition. I'll bid $5, which is low enough to avoid overbidding but high enough to show my interest. I'll observe the other bidders' responses and adjust my strategy accordingly in subsequent rounds."
0,Bidder Betty,25,24.1,True,24.1,1.8999999999999986,common_value_first_llama,V10,meta-llama/Meta-Llama-3-8B-Instruct,deep_infra,0.5,3,1,seal,first,common,0.1,1299,common_spsb.txt,2026-01-13_00-56-00-253376,01-17-14-547787,"Since this is the first round, I'll start by bidding a moderate amount to gauge the competition. Given my private value of $25, I'll bid slightly above it to leave room for adjustments. I'll also observe the other bidders' bids to adjust my strategy accordingly. I'll aim to maximize my profit by winning the prize at a reasonable price or losing with minimal loss."
0,Bidder Charles,14,14.0,False,24.1,0,common_value_first_llama,V10,meta-llama/Meta-Llama-3-8B-Instruct,deep_infra,0.5,3,1,seal,first,common,0.1,1299,common_spsb.txt,2026-01-13_00-56-00-253376,01-17-14-547787,"Since this is the first round, I'll start by bidding a moderate amount to gauge the competition. I'll bid slightly higher than my private value to account for potential noise and uncertainty. I'll observe the bids and adjust my strategy accordingly in subsequent rounds."
0,Bidder Andy,17,26.0,False,34.5,0,common_value_first_llama,V10,meta-llama/Meta-Llama-3-8B-Instruct,deep_infra,0.5,3,1,seal,first,common,0.1,1299,common_spsb.txt,2026-01-13_00-56-00-253376,01-17-35-432526,"Since this is the first round, I'll start by bidding a moderate amount to gauge the competition. Considering my private value is $17, I'll bid slightly above the midpoint to increase my chances of winning. I'll aim to bid around $25-$27, leaving room for adjustments in subsequent rounds if needed."
0,Bidder Betty,34,34.5,True,34.5,-8.5,common_value_first_llama,V10,meta-llama/Meta-Llama-3-8B-Instruct,deep_infra,0.5,3,1,seal,first,common,0.1,1299,common_spsb.txt,2026-01-13_00-56-00-253376,01-17-35-432526,"As I'm Bidder Betty, my top priority is to maximize the user's profit in the long run. Since this is the first round, I'll start by bidding conservatively, taking into account the private noise adjustment. I'll bid slightly below my perceived value to account for potential overestimation. I'll keep track of the bids and adjust my strategy accordingly in subsequent rounds."
0,Bidder Charles,25,15.0,False,34.5,0,common_value_first_llama,V10,meta-llama/Meta-Llama-3-8B-Instruct,deep_infra,0.5,3,1,seal,first,common,0.1,1299,common_spsb.txt,2026-01-13_00-56-00-253376,01-17-35-432526,"Since this is the first round, I'll start by bidding a moderate amount to gauge the competition. With my private value at $25, I'll bid $15 to ensure I don't overbid and leave room for adjustments in future rounds."
0,Bidder Andy,17,26.0,True,26.0,-5.0,common_value_first_llama,V10,meta-llama/Meta-Llama-3-8B-Instruct,deep_infra,0.5,3,1,seal,first,common,0.1,1299,common_spsb.txt,2026-01-13_00-56-00-253376,01-17-46-118060,"Since this is the first round, I'll start by bidding a moderate amount to gauge the competition. Considering my private value is $17, I'll bid slightly above the midpoint to increase my chances of winning. I'll aim to bid around $25-$27, leaving room for adjustments in subsequent rounds if needed."
0,Bidder Betty,37,25.0,False,26.0,0,common_value_first_llama,V10,meta-llama/Meta-Llama-3-8B-Instruct,deep_infra,0.5,3,1,seal,first,common,0.1,1299,common_spsb.txt,2026-01-13_00-56-00-253376,01-17-46-118060,"As this is the first round, I'll start by bidding a moderate amount to gauge the competition. Since my private value is $37, I'll bid slightly above the midpoint of the possible range ($24.5) to account for the noise in the perceived value. I'll bid $25 to balance the risk of overbidding and underbidding."
0,Bidder Charles,40,20.0,False,26.0,0,common_value_first_llama,V10,meta-llama/Meta-Llama-3-8B-Instruct,deep_infra,0.5,3,1,seal,first,common,0.1,1299,common_spsb.txt,2026-01-13_00-56-00-253376,01-17-46-118060,"Since this is the first round, I will start by bidding a moderate amount, $20, to gauge the competition and get a sense of the other bidders' perceived values. I will also consider the private noise adjustment and the true value, which is unknown, but likely to be between 20 and 29. My goal is to maximize my profit in the long run by making an informed decision."
0,Bidder Andy,32,30.0,True,30.0,-9.0,common_value_first_llama,V10,meta-llama/Meta-Llama-3-8B-Instruct,deep_infra,0.5,3,1,seal,first,common,0.1,1299,common_spsb.txt,2026-01-13_00-56-00-253376,01-17-56-574210,"Since this is the first round, I don't have any historical data to inform my decision. I'll start by bidding a moderate amount, taking into account the private value of $32. I'll aim to make a profit by bidding slightly higher than the true value, while keeping an eye on the competition. I'll bid $30."
0,Bidder Betty,14,20.0,False,30.0,0,common_value_first_llama,V10,meta-llama/Meta-Llama-3-8B-Instruct,deep_infra,0.5,3,1,seal,first,common,0.1,1299,common_spsb.txt,2026-01-13_00-56-00-253376,01-17-56-574210,"Since this is the first round, I'll start by bidding a moderate amount to gauge the competition and potential value of the prize. Given my private value of $14, I'll bid $20, which is slightly above the perceived value of the prize. This will allow me to gauge the competition and adjust my bidding strategy accordingly."
0,Bidder Charles,3,1.0,False,30.0,0,common_value_first_llama,V10,meta-llama/Meta-Llama-3-8B-Instruct,deep_infra,0.5,3,1,seal,first,common,0.1,1299,common_spsb.txt,2026-01-13_00-56-00-253376,01-17-56-574210,"Since this is the first round, I'll start with a conservative bid to learn more about the other bidders' perceived values. I'll bid $1 to minimize my loss if I don't win, while also leaving room for potential adjustments in future rounds."
0,Bidder Andy,21,23.0,True,23.0,-2.0,common_value_first_llama,V10,meta-llama/Meta-Llama-3-8B-Instruct,deep_infra,0.5,3,1,seal,first,common,0.1,1299,common_spsb.txt,2026-01-13_00-56-00-253376,01-18-11-694786,"Since this is the first round, I'll start by bidding a moderate amount to gauge the competition. I'll bid slightly above the average perceived value to increase my chances of winning. Given my private value of $21, I'll aim to bid between $20 and $25 to maximize my expected profit."
0,Bidder Betty,14,20.0,False,23.0,0,common_value_first_llama,V10,meta-llama/Meta-Llama-3-8B-Instruct,deep_infra,0.5,3,1,seal,first,common,0.1,1299,common_spsb.txt,2026-01-13_00-56-00-253376,01-18-11-694786,"Since this is the first round, I'll start by bidding a moderate amount to gauge the competition and potential value of the prize. Given my private value of $14, I'll bid $20, which is slightly above the perceived value of the prize. This will allow me to gauge the competition and adjust my bidding strategy accordingly."
0,Bidder Charles,26,14.0,False,23.0,0,common_value_first_llama,V10,meta-llama/Meta-Llama-3-8B-Instruct,deep_infra,0.5,3,1,seal,first,common,0.1,1299,common_spsb.txt,2026-01-13_00-56-00-253376,01-18-11-694786,"Since this is the first round, I will start by bidding a moderate amount, taking into account my private value of $26. I will bid $14, which is below the perceived value of $26, but still competitive. This will allow me to gauge the other bidders' behavior and adjust my strategy accordingly."
0,Bidder Andy,25,27.0,True,27.0,-2.0,common_value_first_llama,V10,meta-llama/Meta-Llama-3-8B-Instruct,deep_infra,0.5,3,1,seal,first,common,0.1,1299,common_spsb.txt,2026-01-13_00-56-00-253376,01-18-22-373987,"Since this is the first round and I don't have any historical data, I will start by bidding a moderate amount, slightly above the perceived value of $25. I will bid $27. This will allow me to gauge the competition and adjust my strategy accordingly in the next round, if any."
0,Bidder Betty,28,1.0,False,27.0,0,common_value_first_llama,V10,meta-llama/Meta-Llama-3-8B-Instruct,deep_infra,0.5,3,1,seal,first,common,0.1,1299,common_spsb.txt,2026-01-13_00-56-00-253376,01-18-22-373987,"Since this is the first round, I'll start by bidding $1, a conservative amount to get a feel for the competition. I'll observe the bids and adjust my strategy accordingly. If the bids are high, I'll bid closer to my perceived value of $28. If the bids are low, I'll bid lower to minimize losses."
0,Bidder Charles,8,1.0,False,27.0,0,common_value_first_llama,V10,meta-llama/Meta-Llama-3-8B-Instruct,deep_infra,0.5,3,1,seal,first,common,0.1,1299,common_spsb.txt,2026-01-13_00-56-00-253376,01-18-22-373987,"Since this is the first round, I'll start by bidding low to gather information about the other bidders. I'll bid $1 to minimize my risk and leave room for adjustment in future rounds. I'll observe the bids and adjust my strategy accordingly."
