round,player_name,player_value,bid,is_winner,final_price,profit,experiment_name,version,model,service_name,temperature,number_agents,total_rounds,seal_clock,price_order,private_value,increment,seed_base,special_name,timestamp,repetition_id,plan
0,Bidder Andy,20,10.0,False,8.0,0,third_price_ipv_gemini,V10,meta-llama/Meta-Llama-3-8B-Instruct,deep_infra,0.5,5,1,seal,third,private,0.1,1299,private_third_price.txt,2026-02-08_00-41-04-534831,00-41-04-573898,"Since this is the first round, I will start by bidding a moderate amount to get a sense of the competition. I will bid $10, which is a relatively low amount to start with. This will allow me to gauge the other bidders' behavior and adjust my strategy accordingly. As my private value is $20, I will aim to win the auction and pay the third-highest bid, which will be around $10. This will give me a net gain of $10."
0,Bidder Betty,29,10.0,True,8.0,21.0,third_price_ipv_gemini,V10,meta-llama/Meta-Llama-3-8B-Instruct,deep_infra,0.5,5,1,seal,third,private,0.1,1299,private_third_price.txt,2026-02-08_00-41-04-534831,00-41-04-573898,"Since this is the first round, I don't have any historical data to rely on. However, I'll adopt a conservative approach to maximize my profit in the long run. I'll start by bidding a relatively low amount to gauge the competition. Given my private value of $29, I'll bid $10, which is below the midpoint of the possible range. This will allow me to observe the other bidders' behavior and adjust my strategy accordingly in subsequent rounds."
0,Bidder Charles,45,4.5,False,8.0,0,third_price_ipv_gemini,V10,meta-llama/Meta-Llama-3-8B-Instruct,deep_infra,0.5,5,1,seal,third,private,0.1,1299,private_third_price.txt,2026-02-08_00-41-04-534831,00-41-04-573898,"Since this is the first round, I will start by bidding moderately, taking into account the randomness of the values. I will bid $4.50, which is slightly above the average value of $22.5. This will give me a good chance of winning without overpaying. I will also keep an eye on the other bidders' behavior to adjust my strategy accordingly. If I win, I will pay the third-highest bid, which will be around $4.50 or lower, given the moderate bidding range. If I don't win, my earnings will remain unchanged."
0,Bidder David,8,8.0,False,8.0,0,third_price_ipv_gemini,V10,meta-llama/Meta-Llama-3-8B-Instruct,deep_infra,0.5,5,1,seal,third,private,0.1,1299,private_third_price.txt,2026-02-08_00-41-04-534831,00-41-04-573898,"Since this is the first round, I don't have any historical data to rely on. However, I'll start with a conservative approach. Given my private value is $8, I'll bid $0.8 (closest bid to my value) to minimize the risk of losing and incurring a penalty. I'll also keep an eye on the other bidders' behavior to adjust my strategy for future rounds."
0,Bidder Ethel,11,1.1,False,8.0,0,third_price_ipv_gemini,V10,meta-llama/Meta-Llama-3-8B-Instruct,deep_infra,0.5,5,1,seal,third,private,0.1,1299,private_third_price.txt,2026-02-08_00-41-04-534831,00-41-04-573898,"Since this is the first round, I'll start by bidding a moderate amount to gauge the competition. Given my private value of $11, I'll bid $1.10 to ensure I have a good chance of winning. I'll also keep in mind that the values are redrawn independently each round, so there's no history to learn from. My goal is to maximize my profit in the long run, so I'll aim for a balanced bid that doesn't overcommit me."
0,Bidder Andy,23,10.0,False,5.0,0,third_price_ipv_gemini,V10,meta-llama/Meta-Llama-3-8B-Instruct,deep_infra,0.5,5,1,seal,third,private,0.1,1299,private_third_price.txt,2026-02-08_00-41-04-534831,00-41-21-529945,"Since this is the first round, there is no history to learn from. I will start by bidding a moderate amount to gauge the competition. Given my private value of $23, I will bid $10, which is a reasonable starting point. This bid is not too high, but not too low either, allowing me to gather information about the other bidders' values while keeping my own potential earnings in mind."
0,Bidder Betty,18,5.0,False,5.0,0,third_price_ipv_gemini,V10,meta-llama/Meta-Llama-3-8B-Instruct,deep_infra,0.5,5,1,seal,third,private,0.1,1299,private_third_price.txt,2026-02-08_00-41-04-534831,00-41-21-529945,"Since this is the first round, I don't have any historical data to learn from. However, I will start by bidding conservatively, aiming to win the prize while keeping my bid relatively low. I will bid $5, which is a moderate starting point that gives me a good chance of winning without overcommitting. I will also keep an eye on the other bidders' behavior and adjust my strategy accordingly in future rounds."
0,Bidder Charles,25,15.0,True,5.0,20.0,third_price_ipv_gemini,V10,meta-llama/Meta-Llama-3-8B-Instruct,deep_infra,0.5,5,1,seal,third,private,0.1,1299,private_third_price.txt,2026-02-08_00-41-04-534831,00-41-21-529945,"Since this is the first round, I will start by bidding a moderate amount to gauge the competition. Given my private value is $25, I will bid $15, which is below my value but still a competitive bid. This will allow me to gather information about the other bidders' values and adjust my strategy accordingly in subsequent rounds. If I win, I will earn $25 - $15 = $10. If I lose, I will not incur any costs."
0,Bidder David,0,0.1,False,5.0,0,third_price_ipv_gemini,V10,meta-llama/Meta-Llama-3-8B-Instruct,deep_infra,0.5,5,1,seal,third,private,0.1,1299,private_third_price.txt,2026-02-08_00-41-04-534831,00-41-21-529945,"Since my private value for the item is $0, I will adopt a conservative strategy to minimize potential losses. Since there is no history to learn from, I will start by bidding a small amount to get a feel for the competition. I will bid $0.1, which is the minimum allowed, to test the waters and see how the other bidders react. This approach will also give me an opportunity to observe the bidding behavior of the other players and adjust my strategy accordingly in future rounds."
0,Bidder Ethel,42,4.1,False,5.0,0,third_price_ipv_gemini,V10,meta-llama/Meta-Llama-3-8B-Instruct,deep_infra,0.5,5,1,seal,third,private,0.1,1299,private_third_price.txt,2026-02-08_00-41-04-534831,00-41-21-529945,"Since this is the first round and I have no prior information, I will start by bidding a moderate amount to gauge the competition. Given my private value of $42, I will bid $4.1, which is slightly above the midpoint of the possible range ($0.1 to $49). This bid is also low enough to give me a chance to win if others bid conservatively. I will observe the bids and adjust my strategy accordingly in future rounds."
0,Bidder Andy,27,10.0,False,17.0,0,third_price_ipv_gemini,V10,meta-llama/Meta-Llama-3-8B-Instruct,deep_infra,0.5,5,1,seal,third,private,0.1,1299,private_third_price.txt,2026-02-08_00-41-04-534831,00-41-35-365264,"Since this is the first round, there is no history to learn from. I will start by bidding a moderate amount to get a sense of the competition. Since my private value is $27, I will bid $10, which is below my value and likely to be low enough to avoid triggering a bidding war. This will also give me an opportunity to observe the other bidders' behavior and adjust my strategy accordingly in future rounds."
0,Bidder Betty,31,20.0,False,17.0,0,third_price_ipv_gemini,V10,meta-llama/Meta-Llama-3-8B-Instruct,deep_infra,0.5,5,1,seal,third,private,0.1,1299,private_third_price.txt,2026-02-08_00-41-04-534831,00-41-35-365264,"As this is the first round, I will start by bidding a moderate amount to gauge the competition. Since my private value is $31, I will bid $20, which is below my value but still a decent starting point. This will allow me to observe the other bidders' strategies and adjust accordingly. I will also keep in mind that the values are redrawn independently each round, so I won't overcommit to a specific bid amount."
0,Bidder Charles,20,17.0,False,17.0,0,third_price_ipv_gemini,V10,meta-llama/Meta-Llama-3-8B-Instruct,deep_infra,0.5,5,1,seal,third,private,0.1,1299,private_third_price.txt,2026-02-08_00-41-04-534831,00-41-35-365264,"Since this is the first round, I'll start by bidding a moderate amount to gauge the competition. Given my private value of $20, I'll aim to bid around $15-$18 to leave room for potential future bidding. This range is also high enough to potentially win the auction, but not so high that I'll be forced to pay a large amount if I lose. I'll monitor the bids and adjust my strategy accordingly in future rounds."
0,Bidder David,47,20.0,True,17.0,30.0,third_price_ipv_gemini,V10,meta-llama/Meta-Llama-3-8B-Instruct,deep_infra,0.5,5,1,seal,third,private,0.1,1299,private_third_price.txt,2026-02-08_00-41-04-534831,00-41-35-365264,"Since this is the first round and I don't have any historical data to learn from, I will adopt a conservative approach. I will bid a moderate amount, taking into account the value of the prize and the uncertainty of the other bidders' values. I will start with a bid of $20, which is slightly above the expected value of the prize ($25), but still relatively low to avoid overbidding. This bid will give me a good chance of winning while minimizing my potential losses if I don't win."
0,Bidder Ethel,7,1.1,False,17.0,0,third_price_ipv_gemini,V10,meta-llama/Meta-Llama-3-8B-Instruct,deep_infra,0.5,5,1,seal,third,private,0.1,1299,private_third_price.txt,2026-02-08_00-41-04-534831,00-41-35-365264,"Since this is the first round, there is no history to learn from. However, I will start by bidding a moderate amount to gauge the competition. Given my private value of $7, I will bid $1.1, which is slightly above the minimum bid of $0.1. This will allow me to get a sense of the other bidders' values without committing to a high bid. If I win, I will make a profit of $7 - $1.1 = $5.9. If I lose, my earnings will remain unchanged."
0,Bidder Andy,30,10.0,False,10.0,0,third_price_ipv_gemini,V10,meta-llama/Meta-Llama-3-8B-Instruct,deep_infra,0.5,5,1,seal,third,private,0.1,1299,private_third_price.txt,2026-02-08_00-41-04-534831,00-41-50-229582,"Since this is the first round, I will start by bidding a moderate amount to gauge the competition. With my private value being $30, I will bid $10. This is a low enough bid to not scare off other bidders, but high enough to show my interest in the prize. I will also keep an eye on the other bidders' behavior to adjust my strategy accordingly in future rounds."
0,Bidder Betty,7,3.0,False,10.0,0,third_price_ipv_gemini,V10,meta-llama/Meta-Llama-3-8B-Instruct,deep_infra,0.5,5,1,seal,third,private,0.1,1299,private_third_price.txt,2026-02-08_00-41-04-534831,00-41-50-229582,"Since this is the first round, I'll start by bidding a moderate amount to gauge the competition. Considering my private value is $7, I'll aim to bid just above the expected average value. Given the range is $0-$49, the expected average value is $24.5. I'll bid $3, which is slightly above the average and allows me to learn more about the other bidders' strategies. This bid will also give me room to adjust in future rounds if needed."
0,Bidder Charles,36,14.0,True,10.0,26.0,third_price_ipv_gemini,V10,meta-llama/Meta-Llama-3-8B-Instruct,deep_infra,0.5,5,1,seal,third,private,0.1,1299,private_third_price.txt,2026-02-08_00-41-04-534831,00-41-50-229582,"Since this is the first round, there is no history to consider. I will start by bidding a moderate amount to get a sense of the competition. I will bid $14, which is slightly above the average value of $25, but still relatively low. This will allow me to gauge the other bidders' behavior and adjust my strategy accordingly. If I win, I will make a profit of $36 - $14 = $22. If I lose, I will not incur any loss. This is a conservative approach, but it will give me valuable information for future rounds."
0,Bidder David,32,13.0,False,10.0,0,third_price_ipv_gemini,V10,meta-llama/Meta-Llama-3-8B-Instruct,deep_infra,0.5,5,1,seal,third,private,0.1,1299,private_third_price.txt,2026-02-08_00-41-04-534831,00-41-50-229582,"Since this is the first round, I don't have any historical data to rely on. However, I'll start by bidding a moderate amount, taking into account the private value of $32. I'll bid $13, which is slightly above the midpoint of the possible range ($0 to $49). This strategy allows me to maximize my chances of winning while minimizing the potential loss if I lose. I'll also keep an eye on the other bidders' bids to adjust my strategy accordingly."
0,Bidder Ethel,28,1.0,False,10.0,0,third_price_ipv_gemini,V10,meta-llama/Meta-Llama-3-8B-Instruct,deep_infra,0.5,5,1,seal,third,private,0.1,1299,private_third_price.txt,2026-02-08_00-41-04-534831,00-41-50-229582,"Since this is the first round, I will start by bidding a low amount to gather information about the other bidders. I will bid $1, which is a small increment and unlikely to deter the other bidders from bidding. This will give me a better understanding of their bidding behavior and allow me to adjust my strategy accordingly. Additionally, bidding low in the first round reduces my potential loss if I don't win the auction."
0,Bidder Andy,23,10.0,False,10.0,0,third_price_ipv_gemini,V10,meta-llama/Meta-Llama-3-8B-Instruct,deep_infra,0.5,5,1,seal,third,private,0.1,1299,private_third_price.txt,2026-02-08_00-41-04-534831,00-42-04-258151,"Since this is the first round, there is no history to learn from. I will start by bidding a moderate amount to gauge the competition. Given my private value of $23, I will bid $10, which is a reasonable starting point. This bid is not too high, but not too low either, allowing me to gather information about the other bidders' values while keeping my own potential earnings in mind."
0,Bidder Betty,18,5.0,False,10.0,0,third_price_ipv_gemini,V10,meta-llama/Meta-Llama-3-8B-Instruct,deep_infra,0.5,5,1,seal,third,private,0.1,1299,private_third_price.txt,2026-02-08_00-41-04-534831,00-42-04-258151,"Since this is the first round, I don't have any historical data to learn from. However, I will start by bidding conservatively, aiming to win the prize while keeping my bid relatively low. I will bid $5, which is a moderate starting point that gives me a good chance of winning without overcommitting. I will also keep an eye on the other bidders' behavior and adjust my strategy accordingly in future rounds."
0,Bidder Charles,39,10.0,False,10.0,0,third_price_ipv_gemini,V10,meta-llama/Meta-Llama-3-8B-Instruct,deep_infra,0.5,5,1,seal,third,private,0.1,1299,private_third_price.txt,2026-02-08_00-41-04-534831,00-42-04-258151,"Since this is the first round, I will start by bidding a moderate amount to gauge the competition. Given my private value of $39, I will bid $10, which is below my value but still competitive. This will allow me to gather information about the other bidders' values and adjust my strategy accordingly. I will also keep in mind that the values are redrawn independently each round, so I won't overcommit to a single strategy. My goal is to maximize my profit in the long run, and this starting bid will help me achieve that."
0,Bidder David,38,20.0,True,10.0,28.0,third_price_ipv_gemini,V10,meta-llama/Meta-Llama-3-8B-Instruct,deep_infra,0.5,5,1,seal,third,private,0.1,1299,private_third_price.txt,2026-02-08_00-41-04-534831,00-42-04-258151,"Since this is the first round and I don't have any historical data to rely on, I will start by bidding a moderate amount that is likely to be competitive but not too high. Given my private value of $38, I will bid $20, which is slightly higher than the midpoint of the possible values ($24.5) and should give me a good chance of winning without overpaying. I will also keep in mind that the third-highest bid will be the payment, so I will aim to bid high enough to win but not so high that I end up paying a large amount."
0,Bidder Ethel,16,3.0,False,10.0,0,third_price_ipv_gemini,V10,meta-llama/Meta-Llama-3-8B-Instruct,deep_infra,0.5,5,1,seal,third,private,0.1,1299,private_third_price.txt,2026-02-08_00-41-04-534831,00-42-04-258151,"Since this is the first round, there is no historical data to learn from. I will adopt a conservative approach to maximize my profit. I will start by bidding a moderate amount, $3, to gauge the competition and get a sense of the other bidders' values. This bid is high enough to be competitive but low enough to minimize potential losses if I don't win. I will closely observe the other bidders' responses and adjust my strategy accordingly in subsequent rounds."
0,Bidder Andy,25,15.0,False,10.0,0,third_price_ipv_gemini,V10,meta-llama/Meta-Llama-3-8B-Instruct,deep_infra,0.5,5,1,seal,third,private,0.1,1299,private_third_price.txt,2026-02-08_00-41-04-534831,00-42-19-477619,"Since this is the first round, I will start by bidding with a moderate value to gauge the competition. Given my private value of $25, I will bid $15 to leave room for potential opponents to bid higher. This will also give me an opportunity to adjust my strategy based on the bids submitted by other players. I will pay close attention to the bids and adjust my strategy accordingly to maximize my profit in the long run."
0,Bidder Betty,17,4.1,False,10.0,0,third_price_ipv_gemini,V10,meta-llama/Meta-Llama-3-8B-Instruct,deep_infra,0.5,5,1,seal,third,private,0.1,1299,private_third_price.txt,2026-02-08_00-41-04-534831,00-42-19-477619,"As this is the first round, I'll start by bidding conservatively. Since my private value is $17, I'll aim to win the auction while minimizing my losses. I'll start with a bid of $4.1, which is slightly above the expected average value of $10. This will give me a good chance of winning while keeping my losses manageable. If I win, I'll pay the third-highest bid, which is likely to be around $3-4. If I don't win, I'll wait for the next round to reassess my strategy."
0,Bidder Charles,39,10.0,False,10.0,0,third_price_ipv_gemini,V10,meta-llama/Meta-Llama-3-8B-Instruct,deep_infra,0.5,5,1,seal,third,private,0.1,1299,private_third_price.txt,2026-02-08_00-41-04-534831,00-42-19-477619,"Since this is the first round, I will start by bidding a moderate amount to gauge the competition. Given my private value of $39, I will bid $10, which is below my value but still competitive. This will allow me to gather information about the other bidders' values and adjust my strategy accordingly. I will also keep in mind that the values are redrawn independently each round, so I won't overcommit to a single strategy. My goal is to maximize my profit in the long run, and this starting bid will help me achieve that."
0,Bidder David,0,0.1,False,10.0,0,third_price_ipv_gemini,V10,meta-llama/Meta-Llama-3-8B-Instruct,deep_infra,0.5,5,1,seal,third,private,0.1,1299,private_third_price.txt,2026-02-08_00-41-04-534831,00-42-19-477619,"Since my private value for the item is $0, I will adopt a conservative strategy to minimize potential losses. Since there is no history to learn from, I will start by bidding a small amount to get a feel for the competition. I will bid $0.1, which is the minimum allowed, to test the waters and see how the other bidders react. This approach will also give me an opportunity to observe the bidding behavior of the other players and adjust my strategy accordingly in future rounds."
0,Bidder Ethel,29,20.0,True,10.0,19.0,third_price_ipv_gemini,V10,meta-llama/Meta-Llama-3-8B-Instruct,deep_infra,0.5,5,1,seal,third,private,0.1,1299,private_third_price.txt,2026-02-08_00-41-04-534831,00-42-19-477619,"Since this is the first round, I will start by bidding a moderate amount to gather information about the other bidders. Considering my private value is $29, I will bid $20, which is a reasonable starting point. This will allow me to observe the other bidders' behavior and adjust my strategy accordingly in subsequent rounds. By bidding $20, I also ensure that I don't overcommit to a high bid early on, giving me room to adjust my strategy if necessary."
0,Bidder Andy,10,5.0,False,10.0,0,third_price_ipv_gemini,V10,meta-llama/Meta-Llama-3-8B-Instruct,deep_infra,0.5,5,1,seal,third,private,0.1,1299,private_third_price.txt,2026-02-08_00-41-04-534831,00-42-34-781382,"Since this is the first round, I will start by bidding a moderate amount to gauge the competition. Given my private value of $10, I will bid $5, which is a reasonable starting point. This allows me to test the waters and see how the other bidders react. If I win, I will pay $2.50 (the third-highest bid), which is a relatively small loss. If I don't win, my earnings remain unchanged. This strategy is conservative and aims to maximize my expected profit in the long run."
0,Bidder Betty,30,10.0,False,10.0,0,third_price_ipv_gemini,V10,meta-llama/Meta-Llama-3-8B-Instruct,deep_infra,0.5,5,1,seal,third,private,0.1,1299,private_third_price.txt,2026-02-08_00-41-04-534831,00-42-34-781382,"Since this is the first round, I don't have any historical data to rely on. However, I will adopt a conservative approach to maximize my expected profit. Given my private value of $30, I will start with a bid of $10, which is a relatively low bid. This will give me a good chance of winning while minimizing my potential losses. I will also keep an eye on the other bidders' bids to adjust my strategy accordingly."
0,Bidder Charles,25,15.0,True,10.0,15.0,third_price_ipv_gemini,V10,meta-llama/Meta-Llama-3-8B-Instruct,deep_infra,0.5,5,1,seal,third,private,0.1,1299,private_third_price.txt,2026-02-08_00-41-04-534831,00-42-34-781382,"Since this is the first round, I will start by bidding a moderate amount to gauge the competition. Given my private value is $25, I will bid $15, which is below my value but still a competitive bid. This will allow me to gather information about the other bidders' values and adjust my strategy accordingly in subsequent rounds. If I win, I will earn $25 - $15 = $10. If I lose, I will not incur any costs."
0,Bidder David,16,1.1,False,10.0,0,third_price_ipv_gemini,V10,meta-llama/Meta-Llama-3-8B-Instruct,deep_infra,0.5,5,1,seal,third,private,0.1,1299,private_third_price.txt,2026-02-08_00-41-04-534831,00-42-34-781382,"Since this is the first round, I'll start by bidding a relatively low amount to minimize my potential loss. Considering my private value is $16, I'll bid $1.10, which is below the average value. This will give me a good chance of winning and paying a low third-highest bid. I'll also keep an eye on the other bidders' strategies to adjust my bidding plan accordingly."
0,Bidder Ethel,26,13.0,False,10.0,0,third_price_ipv_gemini,V10,meta-llama/Meta-Llama-3-8B-Instruct,deep_infra,0.5,5,1,seal,third,private,0.1,1299,private_third_price.txt,2026-02-08_00-41-04-534831,00-42-34-781382,"Since this is the first round, I don't have any historical data to rely on. However, I will start by bidding a moderate amount, considering my private value of $26. I will bid $13, which is slightly above the midpoint of the possible range ($0 to $49). This will give me a good chance of winning while minimizing my potential loss if I don't win. I will also keep an eye on the other bidders' bids to adjust my strategy accordingly in future rounds."
0,Bidder Andy,30,10.0,False,9.5,0,third_price_ipv_gemini,V10,meta-llama/Meta-Llama-3-8B-Instruct,deep_infra,0.5,5,1,seal,third,private,0.1,1299,private_third_price.txt,2026-02-08_00-41-04-534831,00-42-50-542950,"Since this is the first round, I will start by bidding a moderate amount to gauge the competition. With my private value being $30, I will bid $10. This is a low enough bid to not scare off other bidders, but high enough to show my interest in the prize. I will also keep an eye on the other bidders' behavior to adjust my strategy accordingly in future rounds."
0,Bidder Betty,35,15.0,True,9.5,25.5,third_price_ipv_gemini,V10,meta-llama/Meta-Llama-3-8B-Instruct,deep_infra,0.5,5,1,seal,third,private,0.1,1299,private_third_price.txt,2026-02-08_00-41-04-534831,00-42-50-542950,"Since this is the first round, I'll start by bidding a moderate amount to gauge the competition. Given my value for the prize is $35, I'll bid $15. This is a relatively low bid, but it's still high enough to give me a chance to win. I'll also be able to observe the bids of the other players and adjust my strategy accordingly in subsequent rounds. By bidding $15, I'm setting a baseline for my potential profit, which will allow me to make more informed decisions in future rounds."
0,Bidder Charles,6,1.1,False,9.5,0,third_price_ipv_gemini,V10,meta-llama/Meta-Llama-3-8B-Instruct,deep_infra,0.5,5,1,seal,third,private,0.1,1299,private_third_price.txt,2026-02-08_00-41-04-534831,00-42-50-542950,"Since this is the first round, there is no history to learn from. I will adopt a conservative approach, bidding slightly above the expected average value to increase the chances of winning. Given my private value of $6, I will bid $1.1, which is above the average but not too aggressive. This strategy allows me to maximize my profit in the long run while minimizing the risk of overbidding."
0,Bidder David,10,1.0,False,9.5,0,third_price_ipv_gemini,V10,meta-llama/Meta-Llama-3-8B-Instruct,deep_infra,0.5,5,1,seal,third,private,0.1,1299,private_third_price.txt,2026-02-08_00-41-04-534831,00-42-50-542950,"Since this is the first round, I don't have any historical data to rely on. However, I will start by bidding a conservative amount to minimize potential losses. Given my private value of $10, I will bid $1. This is a small bid that is unlikely to deter other bidders, but it also gives me a chance to win if no one else bids much higher. I will observe the other bidders' bids and adjust my strategy accordingly in subsequent rounds."
0,Bidder Ethel,19,9.5,False,9.5,0,third_price_ipv_gemini,V10,meta-llama/Meta-Llama-3-8B-Instruct,deep_infra,0.5,5,1,seal,third,private,0.1,1299,private_third_price.txt,2026-02-08_00-41-04-534831,00-42-50-542950,"Since this is the first round, there is no historical data to learn from. I will start by bidding a relatively low amount to minimize my potential loss. However, since my private value is $19, I will bid slightly above the midpoint to maximize my expected profit. I will bid $9.5, which is a reasonable starting point. This bid is also low enough to allow me to learn from the other bidders' strategies in subsequent rounds."
0,Bidder Andy,36,40.0,True,4.4,31.6,third_price_ipv_gemini,V10,meta-llama/Meta-Llama-3-8B-Instruct,deep_infra,0.5,5,1,seal,third,private,0.1,1299,private_third_price.txt,2026-02-08_00-41-04-534831,00-43-05-176985,"As this is the first round, I will start by bidding aggressively to maximize my chances of winning. Since my private value is $36, I will bid higher than that to ensure I win. I will start with a bid of $40, which is $4 above my value. This will also give me room to adjust my bid in subsequent rounds based on the competition. I will monitor the bids of other bidders and adjust my strategy accordingly."
0,Bidder Betty,8,1.0,False,4.4,0,third_price_ipv_gemini,V10,meta-llama/Meta-Llama-3-8B-Instruct,deep_infra,0.5,5,1,seal,third,private,0.1,1299,private_third_price.txt,2026-02-08_00-41-04-534831,00-43-05-176985,"Since this is the first round, I don't have any historical data to rely on. However, I will start by bidding a moderate amount to gauge the competition. Given my private value for the item is $8, I will bid $1. This is a low bid that is unlikely to deter other bidders, but will allow me to observe their behavior and adjust my strategy accordingly. I will also keep in mind that the third-highest bid will be the payment if I win, so I will aim to bid slightly above the expected third-highest bid to minimize my potential loss."
0,Bidder Charles,44,4.4,False,4.4,0,third_price_ipv_gemini,V10,meta-llama/Meta-Llama-3-8B-Instruct,deep_infra,0.5,5,1,seal,third,private,0.1,1299,private_third_price.txt,2026-02-08_00-41-04-534831,00-43-05-176985,"Since this is the first round, I will start by bidding a moderate amount to gauge the competition. Given my private value of $44, I will bid $4.40, which is slightly above the midpoint of the possible range. This will allow me to get a sense of the other bidders' values without committing too much. I will also keep in mind that the values are redrawn independently each round, so it's essential to be adaptable and adjust my strategy accordingly. I will pay close attention to the other bidders' bids and adjust my strategy for future rounds if necessary."
0,Bidder David,32,13.0,False,4.4,0,third_price_ipv_gemini,V10,meta-llama/Meta-Llama-3-8B-Instruct,deep_infra,0.5,5,1,seal,third,private,0.1,1299,private_third_price.txt,2026-02-08_00-41-04-534831,00-43-05-176985,"Since this is the first round, I don't have any historical data to rely on. However, I'll start by bidding a moderate amount, taking into account the private value of $32. I'll bid $13, which is slightly above the midpoint of the possible range ($0 to $49). This strategy allows me to maximize my chances of winning while minimizing the potential loss if I lose. I'll also keep an eye on the other bidders' bids to adjust my strategy accordingly."
0,Bidder Ethel,24,4.0,False,4.4,0,third_price_ipv_gemini,V10,meta-llama/Meta-Llama-3-8B-Instruct,deep_infra,0.5,5,1,seal,third,private,0.1,1299,private_third_price.txt,2026-02-08_00-41-04-534831,00-43-05-176985,"Since this is the first round, I will start by bidding a moderate amount to gauge the competition. I will bid $4.00, which is a relatively low bid that is still above the expected minimum bid of $0.00. This will give me an idea of the other bidders' values and allow me to adjust my strategy accordingly for the next round. I will also keep in mind that my private value is $24, so I will aim to win the auction while keeping the third-highest bid as low as possible."
0,Bidder Andy,31,14.0,True,10.0,21.0,third_price_ipv_gemini,V10,meta-llama/Meta-Llama-3-8B-Instruct,deep_infra,0.5,5,1,seal,third,private,0.1,1299,private_third_price.txt,2026-02-08_00-41-04-534831,00-43-18-915760,"Since this is the first round, I don't have any historical data to inform my bidding strategy. However, I'll adopt a cautious approach to maximize my expected profit. I'll start by bidding a moderate amount, $14, which is slightly higher than the expected average value of the prize. This bid is likely to be competitive, but not too aggressive, allowing me to gauge the other bidders' behavior and adjust my strategy accordingly."
0,Bidder Betty,37,10.0,False,10.0,0,third_price_ipv_gemini,V10,meta-llama/Meta-Llama-3-8B-Instruct,deep_infra,0.5,5,1,seal,third,private,0.1,1299,private_third_price.txt,2026-02-08_00-41-04-534831,00-43-18-915760,"Since this is the first round, I don't have any historical data to inform my bidding strategy. However, I will adopt a conservative approach to maximize my expected profit. I will start by bidding a relatively low amount, $10, to gauge the competition and observe the bids of other players. This will also give me an opportunity to learn more about their bidding behavior and adjust my strategy accordingly in subsequent rounds. If I win, I will pay the third-highest bid, which is likely to be lower than my value, and if I don't win, my earnings will remain unchanged."
0,Bidder Charles,11,5.5,False,10.0,0,third_price_ipv_gemini,V10,meta-llama/Meta-Llama-3-8B-Instruct,deep_infra,0.5,5,1,seal,third,private,0.1,1299,private_third_price.txt,2026-02-08_00-41-04-534831,00-43-18-915760,"Since this is the first round, I'll start by bidding a moderate amount to gauge the competition. Given my private value of $11, I'll aim to bid around $5-$7 to increase my chances of winning and minimize my losses if I don't win. I'll also keep an eye on the other bidders' bids to adjust my strategy accordingly. Since we're in the first round, I won't overbid yet, but I'll try to get a sense of the competition's valuations."
0,Bidder David,45,10.0,False,10.0,0,third_price_ipv_gemini,V10,meta-llama/Meta-Llama-3-8B-Instruct,deep_infra,0.5,5,1,seal,third,private,0.1,1299,private_third_price.txt,2026-02-08_00-41-04-534831,00-43-18-915760,"Since this is the first round, I don't have any historical information to learn from. However, since the value is randomly drawn, I'll start by bidding a moderate amount that balances the risk of winning and the potential gain. I'll bid $10, which is a relatively low but still competitive bid. This will allow me to gauge the other bidders' strategies and adjust my bidding accordingly in the future."
0,Bidder Ethel,8,0.1,False,10.0,0,third_price_ipv_gemini,V10,meta-llama/Meta-Llama-3-8B-Instruct,deep_infra,0.5,5,1,seal,third,private,0.1,1299,private_third_price.txt,2026-02-08_00-41-04-534831,00-43-18-915760,"Since this is the first round, I don't have any historical data to learn from. However, I'll adopt a conservative approach to maximize my profit. I'll start with a bid of $0.1, which is a small increment to minimize the risk of losing the auction. Since my private value is $8, I'll aim to win the auction and pay the third-highest bid, which is likely to be around $2-$3. This will ensure a decent profit of $5-$6."
0,Bidder Andy,31,14.0,False,14.0,0,third_price_ipv_gemini,V10,meta-llama/Meta-Llama-3-8B-Instruct,deep_infra,0.5,5,1,seal,third,private,0.1,1299,private_third_price.txt,2026-02-08_00-41-04-534831,00-43-34-268290,"Since this is the first round, I don't have any historical data to inform my bidding strategy. However, I'll adopt a cautious approach to maximize my expected profit. I'll start by bidding a moderate amount, $14, which is slightly higher than the expected average value of the prize. This bid is likely to be competitive, but not too aggressive, allowing me to gauge the other bidders' behavior and adjust my strategy accordingly."
0,Bidder Betty,31,20.0,False,14.0,0,third_price_ipv_gemini,V10,meta-llama/Meta-Llama-3-8B-Instruct,deep_infra,0.5,5,1,seal,third,private,0.1,1299,private_third_price.txt,2026-02-08_00-41-04-534831,00-43-34-268290,"As this is the first round, I will start by bidding a moderate amount to gauge the competition. Since my private value is $31, I will bid $20, which is below my value but still a decent starting point. This will allow me to observe the other bidders' strategies and adjust accordingly. I will also keep in mind that the values are redrawn independently each round, so I won't overcommit to a specific bid amount."
0,Bidder Charles,46,46.0,True,14.0,32.0,third_price_ipv_gemini,V10,meta-llama/Meta-Llama-3-8B-Instruct,deep_infra,0.5,5,1,seal,third,private,0.1,1299,private_third_price.txt,2026-02-08_00-41-04-534831,00-43-34-268290,"Given that this is the first round and we don't have any historical data to learn from, I will adopt a conservative approach. Since my private value is $46, I will bid $4.6, which is the closest bid to my value. This will give me a good chance of winning, and if I do, I will pay the third-highest bid, which is likely to be around $4. Bidding $4.6 will also leave some room for error in case other bidders bid higher."
0,Bidder David,20,4.1,False,14.0,0,third_price_ipv_gemini,V10,meta-llama/Meta-Llama-3-8B-Instruct,deep_infra,0.5,5,1,seal,third,private,0.1,1299,private_third_price.txt,2026-02-08_00-41-04-534831,00-43-34-268290,"Since this is the first round, I will start by bidding a moderate amount to gauge the competition. Given my private value of $20, I will bid $4.10, which is slightly above the expected average bid but not too aggressive. This will allow me to gather information about the other bidders' values and adjust my strategy accordingly. I will also keep an eye on the bids of other players to identify any potential patterns or trends."
0,Bidder Ethel,14,2.0,False,14.0,0,third_price_ipv_gemini,V10,meta-llama/Meta-Llama-3-8B-Instruct,deep_infra,0.5,5,1,seal,third,private,0.1,1299,private_third_price.txt,2026-02-08_00-41-04-534831,00-43-34-268290,"Since this is the first round, I don't have any historical data to rely on. However, I will start by bidding conservatively, as I'm not sure what the other bidders will do. I will bid $2, which is a relatively low amount to start with. This will give me a chance to observe the bids of the other players and adjust my strategy accordingly in future rounds. If I win, I will pay $0, and if I lose, I will pay nothing. This strategy minimizes my risk and allows me to learn more about the other bidders' behavior."
0,Bidder Andy,15,3.0,False,8.0,0,third_price_ipv_gemini,V10,meta-llama/Meta-Llama-3-8B-Instruct,deep_infra,0.5,5,1,seal,third,private,0.1,1299,private_third_price.txt,2026-02-08_00-41-04-534831,00-43-50-406173,"Since this is the first round, I will start by bidding optimistically, taking into account the private value of $15. I will bid $3, which is a relatively low amount to gauge the competition. This will also give me an opportunity to learn more about the other bidders' strategies. If I win, I will pay the third-highest bid, which is likely to be low. If I lose, I will have a chance to adjust my bid in the next round based on the information gathered."
0,Bidder Betty,36,3.1,False,8.0,0,third_price_ipv_gemini,V10,meta-llama/Meta-Llama-3-8B-Instruct,deep_infra,0.5,5,1,seal,third,private,0.1,1299,private_third_price.txt,2026-02-08_00-41-04-534831,00-43-50-406173,"Since this is the first round, I don't have any historical data to rely on. I'll adopt a cautious approach, starting with a low bid to minimize potential losses. I'll bid $3.10, which is below the average value of the prize. This allows me to learn more about the other bidders' values while keeping my potential losses limited. If I win, I'll reassess the situation and adjust my bidding strategy accordingly."
0,Bidder Charles,42,41.1,True,8.0,34.0,third_price_ipv_gemini,V10,meta-llama/Meta-Llama-3-8B-Instruct,deep_infra,0.5,5,1,seal,third,private,0.1,1299,private_third_price.txt,2026-02-08_00-41-04-534831,00-43-50-406173,"Since this is the first round, there is no history to learn from. I will adopt a conservative approach, bidding slightly above my private value to account for potential errors. I will bid $41.1, which is 1 cent above my private value. This will give me a good chance of winning while minimizing my potential loss if I don't win."
0,Bidder David,35,35.0,False,8.0,0,third_price_ipv_gemini,V10,meta-llama/Meta-Llama-3-8B-Instruct,deep_infra,0.5,5,1,seal,third,private,0.1,1299,private_third_price.txt,2026-02-08_00-41-04-534831,00-43-50-406173,"As this is the first round, I will adopt a conservative approach to maximize my profit. Since my private value is $35, I will bid slightly above the expected average value to increase my chances of winning. I will bid $3.50, which is a reasonable starting point. If I win, I will pay the third-highest bid, which is likely to be around $2-$3. This way, my earnings will increase by $35 and decrease by $2-$3, resulting in a net gain of $32-$33. If I lose, my earnings remain unchanged. This strategy allows me to minimize my risk while maximizing my potential profit."
0,Bidder Ethel,17,8.0,False,8.0,0,third_price_ipv_gemini,V10,meta-llama/Meta-Llama-3-8B-Instruct,deep_infra,0.5,5,1,seal,third,private,0.1,1299,private_third_price.txt,2026-02-08_00-41-04-534831,00-43-50-406173,"As the first round begins, I'll adopt a conservative approach to maximize my profit. Since I don't have any prior information, I'll start by bidding a moderate amount to gauge the competition. I'll bid $8, which is slightly above the expected average value of $17. This will allow me to observe the other bidders' behavior and adjust my strategy accordingly. By bidding a moderate amount, I'll also avoid overbidding and risking a loss."
0,Bidder Andy,9,1.1,False,4.1,0,third_price_ipv_gemini,V10,meta-llama/Meta-Llama-3-8B-Instruct,deep_infra,0.5,5,1,seal,third,private,0.1,1299,private_third_price.txt,2026-02-08_00-41-04-534831,00-44-02-023797,"Since this is the first round, I will start by bidding a moderate amount to gauge the competition. Given my private value of $9, I will bid $1.10 to ensure I have a chance to win without spending too much. I will also keep an eye on the other bidders' strategies and adjust my bidding accordingly in subsequent rounds. My goal is to maximize my profit in the long run by bidding wisely and learning from the competition."
0,Bidder Betty,20,4.1,False,4.1,0,third_price_ipv_gemini,V10,meta-llama/Meta-Llama-3-8B-Instruct,deep_infra,0.5,5,1,seal,third,private,0.1,1299,private_third_price.txt,2026-02-08_00-41-04-534831,00-44-02-023797,"Since this is the first round, I will start by bidding a conservative amount to gauge the competition. Given my private value is $20, I will bid $4.10, which is slightly above the lowest possible bid of $0.10. This will allow me to get a sense of the other bidders' values and adjust my strategy accordingly. I will also keep in mind that the values are redrawn independently each round, so it's essential to be adaptable and adjust my bidding strategy based on the outcome of this round."
0,Bidder Charles,20,17.0,False,4.1,0,third_price_ipv_gemini,V10,meta-llama/Meta-Llama-3-8B-Instruct,deep_infra,0.5,5,1,seal,third,private,0.1,1299,private_third_price.txt,2026-02-08_00-41-04-534831,00-44-02-023797,"Since this is the first round, I'll start by bidding a moderate amount to gauge the competition. Given my private value of $20, I'll aim to bid around $15-$18 to leave room for potential future bidding. This range is also high enough to potentially win the auction, but not so high that I'll be forced to pay a large amount if I lose. I'll monitor the bids and adjust my strategy accordingly in future rounds."
0,Bidder David,5,1.0,False,4.1,0,third_price_ipv_gemini,V10,meta-llama/Meta-Llama-3-8B-Instruct,deep_infra,0.5,5,1,seal,third,private,0.1,1299,private_third_price.txt,2026-02-08_00-41-04-534831,00-44-02-023797,"Since this is the first round, I will start by bidding a moderate amount to gather information about the other bidders' values. With a private value of $5, I will bid $1.00, which is a relatively low amount to avoid being the highest bidder. This will allow me to observe the bids of the other players and adjust my strategy accordingly in future rounds."
0,Bidder Ethel,49,24.9,True,4.1,44.9,third_price_ipv_gemini,V10,meta-llama/Meta-Llama-3-8B-Instruct,deep_infra,0.5,5,1,seal,third,private,0.1,1299,private_third_price.txt,2026-02-08_00-41-04-534831,00-44-02-023797,"Since this is the first round, I don't have any historical data to inform my bidding strategy. However, I'll start by bidding a moderate amount, $24.9, to test the waters and gauge the competition. I'll also consider the fact that my private value is $49, so I'm willing to pay up to $38.9 to win. I'll monitor the bids and adjust my strategy accordingly in future rounds if needed."
0,Bidder Andy,35,15.0,False,15.0,0,third_price_ipv_gemini,V10,meta-llama/Meta-Llama-3-8B-Instruct,deep_infra,0.5,5,1,seal,third,private,0.1,1299,private_third_price.txt,2026-02-08_00-41-04-534831,00-44-15-963485,"Since this is the first round, I don't have any historical data to rely on. I will adopt a conservative approach and bid a moderate amount to gain insight into the other bidders' behavior. I will start with a bid of $15, which is a relatively low amount that still shows my interest in the prize. This will allow me to gauge the competition and adjust my strategy accordingly in future rounds."
0,Bidder Betty,32,20.0,True,15.0,17.0,third_price_ipv_gemini,V10,meta-llama/Meta-Llama-3-8B-Instruct,deep_infra,0.5,5,1,seal,third,private,0.1,1299,private_third_price.txt,2026-02-08_00-41-04-534831,00-44-15-963485,"Since this is the first round, I will start by bidding a moderate amount to gauge the competition. Given my private value of $32, I will bid $20, which is below my value but still a reasonable starting point. This will allow me to gather information about the other bidders' values and adjust my strategy accordingly. I will also keep an eye on the bids to see if anyone bids above my value, which would indicate that they are overvaluing the prize."
0,Bidder Charles,48,4.0,False,15.0,0,third_price_ipv_gemini,V10,meta-llama/Meta-Llama-3-8B-Instruct,deep_infra,0.5,5,1,seal,third,private,0.1,1299,private_third_price.txt,2026-02-08_00-41-04-534831,00-44-15-963485,"Since this is the first round, I will start with a conservative bid to gauge the competition. I will bid $4.00, which is a relatively low amount. This will allow me to observe the bids of the other bidders and adjust my strategy accordingly. Additionally, bidding $4.00 will give me a buffer in case the other bidders bid aggressively. I will pay close attention to the bids and adjust my strategy for the next round based on the results of this round."
0,Bidder David,34,20.0,False,15.0,0,third_price_ipv_gemini,V10,meta-llama/Meta-Llama-3-8B-Instruct,deep_infra,0.5,5,1,seal,third,private,0.1,1299,private_third_price.txt,2026-02-08_00-41-04-534831,00-44-15-963485,"Since this is the first round, there is no historical data to consider. However, I will adopt a conservative approach to maximize my profit in the long run. I will bid a moderate amount to hedge against the uncertainty of other bidders' values. Given my private value of $34, I will bid $20, which is below my value but still competitive. This will allow me to win the auction and pay a relatively low price if I'm the highest bidder. If I'm not the highest bidder, I will still have a reasonable chance of winning in subsequent rounds."
0,Bidder Ethel,17,8.0,False,15.0,0,third_price_ipv_gemini,V10,meta-llama/Meta-Llama-3-8B-Instruct,deep_infra,0.5,5,1,seal,third,private,0.1,1299,private_third_price.txt,2026-02-08_00-41-04-534831,00-44-15-963485,"As the first round begins, I'll adopt a conservative approach to maximize my profit. Since I don't have any prior information, I'll start by bidding a moderate amount to gauge the competition. I'll bid $8, which is slightly above the expected average value of $17. This will allow me to observe the other bidders' behavior and adjust my strategy accordingly. By bidding a moderate amount, I'll also avoid overbidding and risking a loss."
0,Bidder Andy,39,10.0,False,10.0,0,third_price_ipv_gemini,V10,meta-llama/Meta-Llama-3-8B-Instruct,deep_infra,0.5,5,1,seal,third,private,0.1,1299,private_third_price.txt,2026-02-08_00-41-04-534831,00-44-29-958604,"Since this is the first round, I will focus on learning the bidding behavior of the other bidders. I will start with a moderate bid of $10 to test the waters and gauge the competition. I will observe the bids and adjust my strategy accordingly. If the bids are relatively low, I will increase my bid to $20 or $30 to maximize my chances of winning. If the bids are high, I will bid cautiously, aiming to win with a bid of $40 or less. My goal is to win the auction while keeping my payment low."
0,Bidder Betty,27,10.0,False,10.0,0,third_price_ipv_gemini,V10,meta-llama/Meta-Llama-3-8B-Instruct,deep_infra,0.5,5,1,seal,third,private,0.1,1299,private_third_price.txt,2026-02-08_00-41-04-534831,00-44-29-958604,"Since this is the first round, I will start by bidding a moderate amount to get a sense of the competition. Given my private value of $27, I will bid $10, which is a relatively low bid that still has a chance of winning. This will also allow me to gather information about the other bidders' values and adjust my strategy accordingly in future rounds. I will observe the bids and adjust my strategy for the next round based on the outcomes."
0,Bidder Charles,13,4.0,False,10.0,0,third_price_ipv_gemini,V10,meta-llama/Meta-Llama-3-8B-Instruct,deep_infra,0.5,5,1,seal,third,private,0.1,1299,private_third_price.txt,2026-02-08_00-41-04-534831,00-44-29-958604,"Since this is the first round, I'll start by bidding conservatively, taking into account the random nature of the values. I'll bid a moderate amount, $4, to test the waters and gauge the competition. This will also give me a chance to observe the other bidders' strategies. If I win, I'll pay a relatively low price, and if I lose, I won't incur significant losses. This approach will allow me to adapt to the situation and refine my strategy for future rounds."
0,Bidder David,42,31.0,True,10.0,32.0,third_price_ipv_gemini,V10,meta-llama/Meta-Llama-3-8B-Instruct,deep_infra,0.5,5,1,seal,third,private,0.1,1299,private_third_price.txt,2026-02-08_00-41-04-534831,00-44-29-958604,"Since this is the first round, I don't have any historical data to inform my strategy. However, I will start by bidding a moderate amount, taking into account the potential values of the other bidders. Given my value for the prize is $42, I will bid $31, which is slightly below my value to minimize the risk of losing and paying nothing. This bid also gives me a chance to win and earn a profit if the other bidders underestimate the value of the prize."
0,Bidder Ethel,39,10.0,False,10.0,0,third_price_ipv_gemini,V10,meta-llama/Meta-Llama-3-8B-Instruct,deep_infra,0.5,5,1,seal,third,private,0.1,1299,private_third_price.txt,2026-02-08_00-41-04-534831,00-44-29-958604,"Since this is the first round, I will start by bidding a moderate amount to gauge the competition. Given my private value of $39, I will bid $10, which is a relatively low bid. This will allow me to observe the other bidders' behavior and adjust my strategy accordingly. I will also keep in mind that the third-highest bid will be the payment amount if I win, so I'll aim to bid just above the expected competition."
0,Bidder Andy,25,15.0,False,15.0,0,third_price_ipv_gemini,V10,meta-llama/Meta-Llama-3-8B-Instruct,deep_infra,0.5,5,1,seal,third,private,0.1,1299,private_third_price.txt,2026-02-08_00-41-04-534831,00-44-43-620320,"Since this is the first round, I will start by bidding with a moderate value to gauge the competition. Given my private value of $25, I will bid $15 to leave room for potential opponents to bid higher. This will also give me an opportunity to adjust my strategy based on the bids submitted by other players. I will pay close attention to the bids and adjust my strategy accordingly to maximize my profit in the long run."
0,Bidder Betty,3,3.0,False,15.0,0,third_price_ipv_gemini,V10,meta-llama/Meta-Llama-3-8B-Instruct,deep_infra,0.5,5,1,seal,third,private,0.1,1299,private_third_price.txt,2026-02-08_00-41-04-534831,00-44-43-620320,"Since this is the first round, I will start by bidding a moderate amount to get a sense of the other bidders' strategies. Given my private value of $3, I will bid $0.3 to test the waters. If I win, I will pay $0.1, which is a reasonable price considering my value. If I don't win, I will reassess the situation and adjust my strategy for the next round. My goal is to maximize my profit in the long run, so I will focus on bidding wisely and adapting to the competition."
0,Bidder Charles,26,1.0,False,15.0,0,third_price_ipv_gemini,V10,meta-llama/Meta-Llama-3-8B-Instruct,deep_infra,0.5,5,1,seal,third,private,0.1,1299,private_third_price.txt,2026-02-08_00-41-04-534831,00-44-43-620320,"Since this is the first round and I don't have any historical data to rely on, I will adopt a conservative approach. I will start by bidding $1, as it is a safe and low-risk bid. This will give me an idea of the other bidders' behavior and allow me to adjust my strategy accordingly. I will also keep in mind that my private value for the prize is $26, so I should aim to win the auction and pay the third-highest bid, which should be lower than my value."
0,Bidder David,35,35.0,True,15.0,20.0,third_price_ipv_gemini,V10,meta-llama/Meta-Llama-3-8B-Instruct,deep_infra,0.5,5,1,seal,third,private,0.1,1299,private_third_price.txt,2026-02-08_00-41-04-534831,00-44-43-620320,"As this is the first round, I will adopt a conservative approach to maximize my profit. Since my private value is $35, I will bid slightly above the expected average value to increase my chances of winning. I will bid $3.50, which is a reasonable starting point. If I win, I will pay the third-highest bid, which is likely to be around $2-$3. This way, my earnings will increase by $35 and decrease by $2-$3, resulting in a net gain of $32-$33. If I lose, my earnings remain unchanged. This strategy allows me to minimize my risk while maximizing my potential profit."
0,Bidder Ethel,45,20.0,False,15.0,0,third_price_ipv_gemini,V10,meta-llama/Meta-Llama-3-8B-Instruct,deep_infra,0.5,5,1,seal,third,private,0.1,1299,private_third_price.txt,2026-02-08_00-41-04-534831,00-44-43-620320,"Since this is the first round, I don't have any historical data to inform my bidding strategy. However, I will start by bidding a moderate amount, $20, to gain an understanding of the competition. This bid is low enough to be competitive, but high enough to demonstrate my interest in the prize. I will then observe the other bidders' responses and adjust my strategy accordingly. My goal is to maximize my profit in the long run, so I will aim to bid just below the expected average value of the prize, which is $24.5."
0,Bidder Andy,24,10.0,False,10.0,0,third_price_ipv_gemini,V10,meta-llama/Meta-Llama-3-8B-Instruct,deep_infra,0.5,5,1,seal,third,private,0.1,1299,private_third_price.txt,2026-02-08_00-41-04-534831,00-44-57-696194,"Since this is the first round, I'll start by bidding a moderate amount to gauge the competition. Given my private value of $24, I'll bid $10, which is a reasonable starting point. This bid is not too high to risk losing, but not too low to give away the prize. I'll observe the other bidders' behavior and adjust my strategy accordingly in the next round. My primary goal is to maximize my profit in the long run, so I'll focus on learning from this round and adapting to the others' moves."
0,Bidder Betty,16,21.0,True,10.0,6.0,third_price_ipv_gemini,V10,meta-llama/Meta-Llama-3-8B-Instruct,deep_infra,0.5,5,1,seal,third,private,0.1,1299,private_third_price.txt,2026-02-08_00-41-04-534831,00-44-57-696194,"Since this is the first round, I don't have any historical data to rely on. I will adopt a conservative approach, bidding slightly above the expected average value to minimize the risk of losing. Given the private value of $16, I expect the average value to be around $20. I will bid $21, which is $5 above my private value and $1 above the expected average. This strategy aims to maximize my expected profit while minimizing the risk of losing."
0,Bidder Charles,24,4.1,False,10.0,0,third_price_ipv_gemini,V10,meta-llama/Meta-Llama-3-8B-Instruct,deep_infra,0.5,5,1,seal,third,private,0.1,1299,private_third_price.txt,2026-02-08_00-41-04-534831,00-44-57-696194,"Since this is the first round, I will start by bidding a moderate amount to gauge the competition. Given my private value of $24, I will bid $4.10, which is slightly above the midpoint of the possible range ($0.1 to $24.9). This will allow me to observe the bidding behavior of the other players and adjust my strategy accordingly. If I win, I will pay the third-highest bid, which is likely to be around $2-$3. If I don't win, my earnings will remain unchanged. I will continue to monitor the bidding and adjust my strategy in subsequent rounds based on the feedback I receive."
0,Bidder David,47,20.0,False,10.0,0,third_price_ipv_gemini,V10,meta-llama/Meta-Llama-3-8B-Instruct,deep_infra,0.5,5,1,seal,third,private,0.1,1299,private_third_price.txt,2026-02-08_00-41-04-534831,00-44-57-696194,"Since this is the first round and I don't have any historical data to learn from, I will adopt a conservative approach. I will bid a moderate amount, taking into account the value of the prize and the uncertainty of the other bidders' values. I will start with a bid of $20, which is slightly above the expected value of the prize ($25), but still relatively low to avoid overbidding. This bid will give me a good chance of winning while minimizing my potential losses if I don't win."
0,Bidder Ethel,42,4.1,False,10.0,0,third_price_ipv_gemini,V10,meta-llama/Meta-Llama-3-8B-Instruct,deep_infra,0.5,5,1,seal,third,private,0.1,1299,private_third_price.txt,2026-02-08_00-41-04-534831,00-44-57-696194,"Since this is the first round and I have no prior information, I will start by bidding a moderate amount to gauge the competition. Given my private value of $42, I will bid $4.1, which is slightly above the midpoint of the possible range ($0.1 to $49). This bid is also low enough to give me a chance to win if others bid conservatively. I will observe the bids and adjust my strategy accordingly in future rounds."
0,Bidder Andy,13,1.0,False,1.5,0,third_price_ipv_gemini,V10,meta-llama/Meta-Llama-3-8B-Instruct,deep_infra,0.5,5,1,seal,third,private,0.1,1299,private_third_price.txt,2026-02-08_00-41-04-534831,00-45-10-723710,"Since this is the first round, I'll start by bidding conservatively to learn more about the other bidders' values. I'll bid $1, which is a low and safe starting point. This allows me to gather information about the other bidders' values and adjust my strategy accordingly. Additionally, bidding $1 ensures that I won't overpay if I win, and I'll have room to adjust my bid upward if necessary."
0,Bidder Betty,15,1.5,False,1.5,0,third_price_ipv_gemini,V10,meta-llama/Meta-Llama-3-8B-Instruct,deep_infra,0.5,5,1,seal,third,private,0.1,1299,private_third_price.txt,2026-02-08_00-41-04-534831,00-45-10-723710,"Since this is the first round, I don't have any historical data to rely on. However, I'll start with a conservative approach, bidding slightly higher than my private value to account for potential errors. I'll bid $1.50, which is the minimum increment of $0.1 above my private value of $15. This strategy allows me to maximize my potential earnings while minimizing the risk of overbidding."
0,Bidder Charles,47,10.0,True,1.5,45.5,third_price_ipv_gemini,V10,meta-llama/Meta-Llama-3-8B-Instruct,deep_infra,0.5,5,1,seal,third,private,0.1,1299,private_third_price.txt,2026-02-08_00-41-04-534831,00-45-10-723710,"Since this is the first round, I will start by bidding a moderate amount to gauge the competition. Given my private value of $47, I will bid $10 to leave some room for potential bidders who may have lower values. I will also keep an eye on the other bidders' bids to adjust my strategy accordingly. If the auction heats up, I will adjust my bid to maximize my profit. My goal is to win the auction while minimizing my payment."
0,Bidder David,7,1.1,False,1.5,0,third_price_ipv_gemini,V10,meta-llama/Meta-Llama-3-8B-Instruct,deep_infra,0.5,5,1,seal,third,private,0.1,1299,private_third_price.txt,2026-02-08_00-41-04-534831,00-45-10-723710,"Since this is the first round, there is no history to learn from. I will start by bidding a conservative amount to gauge the competition. Given my private value of $7, I will bid $1.10, which is just above the minimum bid of $1.00. This will allow me to observe the other bidders' behavior and adjust my strategy accordingly in subsequent rounds. I will also keep in mind that the third-highest bid will be paid, so I will aim to bid slightly above the expected average value of the other bidders to maximize my chances of winning."
0,Bidder Ethel,4,4.0,False,1.5,0,third_price_ipv_gemini,V10,meta-llama/Meta-Llama-3-8B-Instruct,deep_infra,0.5,5,1,seal,third,private,0.1,1299,private_third_price.txt,2026-02-08_00-41-04-534831,00-45-10-723710,"Since this is the first round, there is no history to learn from. However, I will adopt a conservative approach, considering the prize value is relatively low. I will start with a bid of $0.4, which is just above my private value of $4. This will give me a good chance of winning while minimizing my potential losses. If I win, I will pay $0.3 (the third-highest bid), and my earnings will increase by $4, resulting in a profit of $3.1. If I lose, my earnings will remain unchanged. This strategy aims to maximize my profit in the long run by being cautious and adapting to the auction dynamics."
0,Bidder Andy,39,10.0,False,4.1,0,third_price_ipv_gemini,V10,meta-llama/Meta-Llama-3-8B-Instruct,deep_infra,0.5,5,1,seal,third,private,0.1,1299,private_third_price.txt,2026-02-08_00-41-04-534831,00-45-24-291795,"Since this is the first round, I will focus on learning the bidding behavior of the other bidders. I will start with a moderate bid of $10 to test the waters and gauge the competition. I will observe the bids and adjust my strategy accordingly. If the bids are relatively low, I will increase my bid to $20 or $30 to maximize my chances of winning. If the bids are high, I will bid cautiously, aiming to win with a bid of $40 or less. My goal is to win the auction while keeping my payment low."
0,Bidder Betty,20,4.1,False,4.1,0,third_price_ipv_gemini,V10,meta-llama/Meta-Llama-3-8B-Instruct,deep_infra,0.5,5,1,seal,third,private,0.1,1299,private_third_price.txt,2026-02-08_00-41-04-534831,00-45-24-291795,"Since this is the first round, I will start by bidding a conservative amount to gauge the competition. Given my private value is $20, I will bid $4.10, which is slightly above the lowest possible bid of $0.10. This will allow me to get a sense of the other bidders' values and adjust my strategy accordingly. I will also keep in mind that the values are redrawn independently each round, so it's essential to be adaptable and adjust my bidding strategy based on the outcome of this round."
0,Bidder Charles,20,17.0,True,4.1,15.9,third_price_ipv_gemini,V10,meta-llama/Meta-Llama-3-8B-Instruct,deep_infra,0.5,5,1,seal,third,private,0.1,1299,private_third_price.txt,2026-02-08_00-41-04-534831,00-45-24-291795,"Since this is the first round, I'll start by bidding a moderate amount to gauge the competition. Given my private value of $20, I'll aim to bid around $15-$18 to leave room for potential future bidding. This range is also high enough to potentially win the auction, but not so high that I'll be forced to pay a large amount if I lose. I'll monitor the bids and adjust my strategy accordingly in future rounds."
0,Bidder David,6,0.1,False,4.1,0,third_price_ipv_gemini,V10,meta-llama/Meta-Llama-3-8B-Instruct,deep_infra,0.5,5,1,seal,third,private,0.1,1299,private_third_price.txt,2026-02-08_00-41-04-534831,00-45-24-291795,"Since this is the first round, I don't have any prior information to inform my bidding strategy. However, I will bid conservatively to minimize the risk of losing the auction. I will start with a bid of $0.1, which is the lowest possible bid. This will allow me to gauge the competition and adjust my bid accordingly in subsequent rounds. If I win, I will aim to pay as close to my value as possible, which is $6."
0,Bidder Ethel,11,1.1,False,4.1,0,third_price_ipv_gemini,V10,meta-llama/Meta-Llama-3-8B-Instruct,deep_infra,0.5,5,1,seal,third,private,0.1,1299,private_third_price.txt,2026-02-08_00-41-04-534831,00-45-24-291795,"Since this is the first round, I'll start by bidding a moderate amount to gauge the competition. Given my private value of $11, I'll bid $1.10 to ensure I have a good chance of winning. I'll also keep in mind that the values are redrawn independently each round, so there's no history to learn from. My goal is to maximize my profit in the long run, so I'll aim for a balanced bid that doesn't overcommit me."
0,Bidder Andy,46,14.0,False,20.0,0,third_price_ipv_gemini,V10,meta-llama/Meta-Llama-3-8B-Instruct,deep_infra,0.5,5,1,seal,third,private,0.1,1299,private_third_price.txt,2026-02-08_00-41-04-534831,00-45-37-123354,"Since this is the first round, I don't have any historical data to learn from. However, I'll consider the fact that my private value is $46. I'll start by bidding a moderate amount, $14, which is higher than the minimum bid of $0 but lower than my value. This will give me a chance to win the auction without overpaying. I'll also keep an eye on the other bidders' bids to adjust my strategy accordingly."
0,Bidder Betty,17,4.1,False,20.0,0,third_price_ipv_gemini,V10,meta-llama/Meta-Llama-3-8B-Instruct,deep_infra,0.5,5,1,seal,third,private,0.1,1299,private_third_price.txt,2026-02-08_00-41-04-534831,00-45-37-123354,"As this is the first round, I'll start by bidding conservatively. Since my private value is $17, I'll aim to win the auction while minimizing my losses. I'll start with a bid of $4.1, which is slightly above the expected average value of $10. This will give me a good chance of winning while keeping my losses manageable. If I win, I'll pay the third-highest bid, which is likely to be around $3-4. If I don't win, I'll wait for the next round to reassess my strategy."
0,Bidder Charles,28,30.0,True,20.0,8.0,third_price_ipv_gemini,V10,meta-llama/Meta-Llama-3-8B-Instruct,deep_infra,0.5,5,1,seal,third,private,0.1,1299,private_third_price.txt,2026-02-08_00-41-04-534831,00-45-37-123354,"Since this is the first round, there is no history to learn from. I will adopt a conservative approach to maximize my profit. I will bid a value that is slightly higher than my private value to increase the chances of winning, but not so high as to risk losing if someone else bids even higher. Given my private value of $28, I will bid $30, which is a reasonable and cautious starting point."
0,Bidder David,34,20.0,False,20.0,0,third_price_ipv_gemini,V10,meta-llama/Meta-Llama-3-8B-Instruct,deep_infra,0.5,5,1,seal,third,private,0.1,1299,private_third_price.txt,2026-02-08_00-41-04-534831,00-45-37-123354,"Since this is the first round, there is no historical data to consider. However, I will adopt a conservative approach to maximize my profit in the long run. I will bid a moderate amount to hedge against the uncertainty of other bidders' values. Given my private value of $34, I will bid $20, which is below my value but still competitive. This will allow me to win the auction and pay a relatively low price if I'm the highest bidder. If I'm not the highest bidder, I will still have a reasonable chance of winning in subsequent rounds."
0,Bidder Ethel,45,20.0,False,20.0,0,third_price_ipv_gemini,V10,meta-llama/Meta-Llama-3-8B-Instruct,deep_infra,0.5,5,1,seal,third,private,0.1,1299,private_third_price.txt,2026-02-08_00-41-04-534831,00-45-37-123354,"Since this is the first round, I don't have any historical data to inform my bidding strategy. However, I will start by bidding a moderate amount, $20, to gain an understanding of the competition. This bid is low enough to be competitive, but high enough to demonstrate my interest in the prize. I will then observe the other bidders' responses and adjust my strategy accordingly. My goal is to maximize my profit in the long run, so I will aim to bid just below the expected average value of the prize, which is $24.5."
0,Bidder Andy,34,14.0,False,10.0,0,third_price_ipv_gemini,V10,meta-llama/Meta-Llama-3-8B-Instruct,deep_infra,0.5,5,1,seal,third,private,0.1,1299,private_third_price.txt,2026-02-08_00-41-04-534831,00-47-52-468348,"Since this is the first round, I will start by bidding a moderate amount to gather information about the other bidders. I will bid $14, which is a relatively low amount that is still above the minimum bid. This will allow me to observe the bids of the other bidders and adjust my strategy accordingly in subsequent rounds. I will also keep in mind that my private value for the item is $34, so I will aim to win the auction and earn a profit."
0,Bidder Betty,28,10.0,False,10.0,0,third_price_ipv_gemini,V10,meta-llama/Meta-Llama-3-8B-Instruct,deep_infra,0.5,5,1,seal,third,private,0.1,1299,private_third_price.txt,2026-02-08_00-41-04-534831,00-47-52-468348,"Since this is the first round, I'll start by bidding a moderate amount to gauge the competition. Given my private value is $28, I'll bid $10, which is a relatively low amount to avoid getting outbid. This will also give me an idea of the other bidders' values. If I win, I'll pay the third-highest bid, which is likely to be lower than my value. If I don't win, I'll have a chance to adjust my bid in the next round based on the information gathered."
0,Bidder Charles,14,1.0,False,10.0,0,third_price_ipv_gemini,V10,meta-llama/Meta-Llama-3-8B-Instruct,deep_infra,0.5,5,1,seal,third,private,0.1,1299,private_third_price.txt,2026-02-08_00-41-04-534831,00-47-52-468348,"Since this is the first round, I don't have any historical data to inform my bidding strategy. However, I will consider the fact that my private value for the item is $14. I will start by bidding $1, which is a low bid to minimize my potential loss. As the auction progresses, I will observe the bids of the other players and adjust my strategy accordingly. If I'm not winning, I'll gradually increase my bid by $0.1 increments to stay competitive. If I'm winning, I'll continue to bid up to my private value of $14 to maximize my earnings. My goal is to maximize my profit in the long run, so I'll be cautious and strategic in my bidding approach."
0,Bidder David,14,15.0,True,10.0,4.0,third_price_ipv_gemini,V10,meta-llama/Meta-Llama-3-8B-Instruct,deep_infra,0.5,5,1,seal,third,private,0.1,1299,private_third_price.txt,2026-02-08_00-41-04-534831,00-47-52-468348,"Since this is the first round, I don't have any historical data to inform my bidding strategy. However, I will adopt a conservative approach, bidding slightly above the expected value to increase my chances of winning. Given my value for the prize is $14, I will bid $1.50, which is slightly above the expected value. This will allow me to win the prize while minimizing my potential loss."
0,Bidder Ethel,40,10.0,False,10.0,0,third_price_ipv_gemini,V10,meta-llama/Meta-Llama-3-8B-Instruct,deep_infra,0.5,5,1,seal,third,private,0.1,1299,private_third_price.txt,2026-02-08_00-41-04-534831,00-47-52-468348,"Since this is the first round, I will start by bidding a moderate amount to gauge the competition. Given my private value of $40, I will bid $10, which is a relatively low amount to test the waters. This will also give me an idea of the other bidders' values and allow me to adjust my strategy accordingly. I will then observe the bids and adjust my strategy for the next round, if there is one."
0,Bidder Andy,26,13.0,False,10.0,0,third_price_ipv_gemini,V10,meta-llama/Meta-Llama-3-8B-Instruct,deep_infra,0.5,5,1,seal,third,private,0.1,1299,private_third_price.txt,2026-02-08_00-41-04-534831,00-48-40-935514,"Since this is the first round, I don't have any historical data to rely on. However, I will start by bidding a moderate amount to gauge the competition. Given my private value of $26, I will bid $13, which is below my value but still competitive. This will allow me to observe the other bidders' strategies and adjust my bidding accordingly in future rounds."
0,Bidder Betty,18,5.0,False,10.0,0,third_price_ipv_gemini,V10,meta-llama/Meta-Llama-3-8B-Instruct,deep_infra,0.5,5,1,seal,third,private,0.1,1299,private_third_price.txt,2026-02-08_00-41-04-534831,00-48-40-935514,"Since this is the first round, I don't have any historical data to learn from. However, I will start by bidding conservatively, aiming to win the prize while keeping my bid relatively low. I will bid $5, which is a moderate starting point that gives me a good chance of winning without overcommitting. I will also keep an eye on the other bidders' behavior and adjust my strategy accordingly in future rounds."
0,Bidder Charles,21,10.0,False,10.0,0,third_price_ipv_gemini,V10,meta-llama/Meta-Llama-3-8B-Instruct,deep_infra,0.5,5,1,seal,third,private,0.1,1299,private_third_price.txt,2026-02-08_00-41-04-534831,00-48-40-935514,"Since this is the first round, I will start by bidding a moderate amount to gauge the competition. Given my private value of $21, I will bid $10. This is a conservative bid that allows me to gauge the competition while also keeping my options open for future rounds. I will also keep an eye on the other bidders' bids to adjust my strategy accordingly in subsequent rounds."
0,Bidder David,9,4.1,False,10.0,0,third_price_ipv_gemini,V10,meta-llama/Meta-Llama-3-8B-Instruct,deep_infra,0.5,5,1,seal,third,private,0.1,1299,private_third_price.txt,2026-02-08_00-41-04-534831,00-48-40-935514,"Since this is the first round and I don't have any historical data to learn from, I will use a conservative approach. I will bid a moderate amount, $4.1, to ensure I have a good chance of winning without overpaying. I will also observe the bids of other bidders to learn from their strategies and adjust my approach accordingly."
0,Bidder Ethel,20,21.0,True,10.0,10.0,third_price_ipv_gemini,V10,meta-llama/Meta-Llama-3-8B-Instruct,deep_infra,0.5,5,1,seal,third,private,0.1,1299,private_third_price.txt,2026-02-08_00-41-04-534831,00-48-40-935514,"Since this is the first round, I don't have any historical data to rely on. However, I'll adopt a conservative approach to maximize my profit in the long run. I'll start by bidding a moderate amount, slightly above the expected value of the prize. This will allow me to have a good chance of winning without overpaying. I'll also keep an eye on the bids from other players to adjust my strategy accordingly. My goal is to win the prize at a reasonable cost, ensuring a positive earnings increase."
0,Bidder Andy,30,10.0,False,10.0,0,third_price_ipv_gemini,V10,meta-llama/Meta-Llama-3-8B-Instruct,deep_infra,0.5,5,1,seal,third,private,0.1,1299,private_third_price.txt,2026-02-08_00-41-04-534831,00-48-53-964946,"Since this is the first round, I will start by bidding a moderate amount to gauge the competition. With my private value being $30, I will bid $10. This is a low enough bid to not scare off other bidders, but high enough to show my interest in the prize. I will also keep an eye on the other bidders' behavior to adjust my strategy accordingly in future rounds."
0,Bidder Betty,28,10.0,False,10.0,0,third_price_ipv_gemini,V10,meta-llama/Meta-Llama-3-8B-Instruct,deep_infra,0.5,5,1,seal,third,private,0.1,1299,private_third_price.txt,2026-02-08_00-41-04-534831,00-48-53-964946,"Since this is the first round, I'll start by bidding a moderate amount to gauge the competition. Given my private value is $28, I'll bid $10, which is a relatively low amount to avoid getting outbid. This will also give me an idea of the other bidders' values. If I win, I'll pay the third-highest bid, which is likely to be lower than my value. If I don't win, I'll have a chance to adjust my bid in the next round based on the information gathered."
0,Bidder Charles,22,10.0,False,10.0,0,third_price_ipv_gemini,V10,meta-llama/Meta-Llama-3-8B-Instruct,deep_infra,0.5,5,1,seal,third,private,0.1,1299,private_third_price.txt,2026-02-08_00-41-04-534831,00-48-53-964946,"Since this is the first round, I will start by bidding a moderate amount to get a sense of the competition. Given my private value of $22, I will bid $10, which is below my value but still high enough to be competitive. I will also pay attention to the bids of the other bidders to adjust my strategy accordingly. If I win, I will pay the third-highest bid, and if I don't, my earnings will remain unchanged. My goal is to maximize my profit in the long run, so I will aim to bid strategically to achieve this."
0,Bidder David,2,2.0,False,10.0,0,third_price_ipv_gemini,V10,meta-llama/Meta-Llama-3-8B-Instruct,deep_infra,0.5,5,1,seal,third,private,0.1,1299,private_third_price.txt,2026-02-08_00-41-04-534831,00-48-53-964946,"Since this is the first round and we don't have any historical data, we will adopt a conservative approach. We will start with a low bid to minimize the risk of overpayment. Given our private value is $2, we will bid $0.2, which is a reasonable starting point. This bid is low enough to avoid overpayment, yet high enough to have a chance of winning. We will observe the other bidders' bids and adjust our strategy accordingly in future rounds."
0,Bidder Ethel,27,10.0,True,10.0,17.0,third_price_ipv_gemini,V10,meta-llama/Meta-Llama-3-8B-Instruct,deep_infra,0.5,5,1,seal,third,private,0.1,1299,private_third_price.txt,2026-02-08_00-41-04-534831,00-48-53-964946,"Since this is the first round, I will start by bidding a moderate amount to gauge the competition. Since my private value is $27, I will bid $10, which is a reasonable starting point. This will allow me to assess the other bidders' strategies and adjust my bid accordingly in subsequent rounds. I will also keep in mind that the values are redrawn independently each round, so I won't overcommit to a specific strategy just yet. My goal is to maximize my profit in the long run, so I will be cautious and adapt to the situation."
0,Bidder Andy,30,10.0,False,10.0,0,third_price_ipv_gemini,V10,meta-llama/Meta-Llama-3-8B-Instruct,deep_infra,0.5,5,1,seal,third,private,0.1,1299,private_third_price.txt,2026-02-08_00-41-04-534831,00-49-06-231157,"Since this is the first round, I will start by bidding a moderate amount to gauge the competition. With my private value being $30, I will bid $10. This is a low enough bid to not scare off other bidders, but high enough to show my interest in the prize. I will also keep an eye on the other bidders' behavior to adjust my strategy accordingly in future rounds."
0,Bidder Betty,28,10.0,False,10.0,0,third_price_ipv_gemini,V10,meta-llama/Meta-Llama-3-8B-Instruct,deep_infra,0.5,5,1,seal,third,private,0.1,1299,private_third_price.txt,2026-02-08_00-41-04-534831,00-49-06-231157,"Since this is the first round, I'll start by bidding a moderate amount to gauge the competition. Given my private value is $28, I'll bid $10, which is a relatively low amount to avoid getting outbid. This will also give me an idea of the other bidders' values. If I win, I'll pay the third-highest bid, which is likely to be lower than my value. If I don't win, I'll have a chance to adjust my bid in the next round based on the information gathered."
0,Bidder Charles,24,4.1,False,10.0,0,third_price_ipv_gemini,V10,meta-llama/Meta-Llama-3-8B-Instruct,deep_infra,0.5,5,1,seal,third,private,0.1,1299,private_third_price.txt,2026-02-08_00-41-04-534831,00-49-06-231157,"Since this is the first round, I will start by bidding a moderate amount to gauge the competition. Given my private value of $24, I will bid $4.10, which is slightly above the midpoint of the possible range ($0.1 to $24.9). This will allow me to observe the bidding behavior of the other players and adjust my strategy accordingly. If I win, I will pay the third-highest bid, which is likely to be around $2-$3. If I don't win, my earnings will remain unchanged. I will continue to monitor the bidding and adjust my strategy in subsequent rounds based on the feedback I receive."
0,Bidder David,20,4.1,False,10.0,0,third_price_ipv_gemini,V10,meta-llama/Meta-Llama-3-8B-Instruct,deep_infra,0.5,5,1,seal,third,private,0.1,1299,private_third_price.txt,2026-02-08_00-41-04-534831,00-49-06-231157,"Since this is the first round, I will start by bidding a moderate amount to gauge the competition. Given my private value of $20, I will bid $4.10, which is slightly above the expected average bid but not too aggressive. This will allow me to gather information about the other bidders' values and adjust my strategy accordingly. I will also keep an eye on the bids of other players to identify any potential patterns or trends."
0,Bidder Ethel,47,15.0,True,10.0,37.0,third_price_ipv_gemini,V10,meta-llama/Meta-Llama-3-8B-Instruct,deep_infra,0.5,5,1,seal,third,private,0.1,1299,private_third_price.txt,2026-02-08_00-41-04-534831,00-49-06-231157,"Since this is the first round, I will start by bidding a moderate amount to gauge the competition. Given my private value of $47, I will bid $15, which is a relatively low bid to test the waters. I will also observe the bids of the other bidders to understand their bidding patterns and adjust my strategy accordingly. If I win, I will pay the third-highest bid, which will be a relatively low amount. If I don't win, I will reassess my strategy for the next round."
0,Bidder Andy,48,4.9,False,5.0,0,third_price_ipv_gemini,V10,meta-llama/Meta-Llama-3-8B-Instruct,deep_infra,0.5,5,1,seal,third,private,0.1,1299,private_third_price.txt,2026-02-08_00-41-04-534831,00-49-18-961054,"Since this is the first round, I'll start by bidding a moderate amount to gauge the competition. Given my private value of $48, I'll bid $4.9 to ensure I have a good chance of winning. I'll also keep an eye on the other bidders' strategies and adjust my bid accordingly in future rounds. Since the values are redrawn independently each round, I won't overcommit to a high bid, and I'll be prepared to adjust my strategy based on the feedback from this round."
0,Bidder Betty,38,14.0,True,5.0,33.0,third_price_ipv_gemini,V10,meta-llama/Meta-Llama-3-8B-Instruct,deep_infra,0.5,5,1,seal,third,private,0.1,1299,private_third_price.txt,2026-02-08_00-41-04-534831,00-49-18-961054,"Since this is the first round, I will start by bidding a moderate amount to gauge the competition. Given my private value of $38, I will bid $14, which is slightly above the minimum bid of $10. This will allow me to observe the bidding behavior of the other bidders and adjust my strategy accordingly. I will also keep in mind that the values are redrawn independently each round, so I won't overcommit to a high bid in this initial round."
0,Bidder Charles,12,11.0,False,5.0,0,third_price_ipv_gemini,V10,meta-llama/Meta-Llama-3-8B-Instruct,deep_infra,0.5,5,1,seal,third,private,0.1,1299,private_third_price.txt,2026-02-08_00-41-04-534831,00-49-18-961054,"Since this is the first round, there is no history to learn from. I will start by bidding a moderate amount to gauge the competition and leave room for adjustments in subsequent rounds. Given my private value of $12, I will bid $1.1, which is a relatively low bid to minimize the risk of losing and paying nothing. This bid also allows me to gain valuable information about the other bidders' values and adjust my strategy accordingly."
0,Bidder David,16,1.1,False,5.0,0,third_price_ipv_gemini,V10,meta-llama/Meta-Llama-3-8B-Instruct,deep_infra,0.5,5,1,seal,third,private,0.1,1299,private_third_price.txt,2026-02-08_00-41-04-534831,00-49-18-961054,"Since this is the first round, I'll start by bidding a relatively low amount to minimize my potential loss. Considering my private value is $16, I'll bid $1.10, which is below the average value. This will give me a good chance of winning and paying a low third-highest bid. I'll also keep an eye on the other bidders' strategies to adjust my bidding plan accordingly."
0,Bidder Ethel,15,5.0,False,5.0,0,third_price_ipv_gemini,V10,meta-llama/Meta-Llama-3-8B-Instruct,deep_infra,0.5,5,1,seal,third,private,0.1,1299,private_third_price.txt,2026-02-08_00-41-04-534831,00-49-18-961054,"Since this is the first round, I don't have any historical data to inform my bidding strategy. However, I will aim to maximize my expected profit by bidding a value that is likely to be higher than the other bidders' values. Given my private value of $15, I will start with a bid of $5, which is a relatively low bid that still has a good chance of winning. This will also give me some flexibility to adjust my bid in subsequent rounds based on the feedback from the auction."
0,Bidder Andy,31,14.0,True,1.1,29.9,third_price_ipv_gemini,V10,meta-llama/Meta-Llama-3-8B-Instruct,deep_infra,0.5,5,1,seal,third,private,0.1,1299,private_third_price.txt,2026-02-08_00-41-04-534831,00-49-34-441094,"Since this is the first round, I don't have any historical data to inform my bidding strategy. However, I'll adopt a cautious approach to maximize my expected profit. I'll start by bidding a moderate amount, $14, which is slightly higher than the expected average value of the prize. This bid is likely to be competitive, but not too aggressive, allowing me to gauge the other bidders' behavior and adjust my strategy accordingly."
0,Bidder Betty,6,1.1,False,1.1,0,third_price_ipv_gemini,V10,meta-llama/Meta-Llama-3-8B-Instruct,deep_infra,0.5,5,1,seal,third,private,0.1,1299,private_third_price.txt,2026-02-08_00-41-04-534831,00-49-34-441094,"Since this is the first round, I will start with a conservative approach. Given my private value of $6, I will bid $1.1 to ensure I have a chance to win while keeping my potential loss to a minimum. I will also observe the bids of other players to gauge their strategies and adjust my approach accordingly. If the bidding gets aggressive, I may adjust my bid upwards to maximize my profit."
0,Bidder Charles,0,0.1,False,1.1,0,third_price_ipv_gemini,V10,meta-llama/Meta-Llama-3-8B-Instruct,deep_infra,0.5,5,1,seal,third,private,0.1,1299,private_third_price.txt,2026-02-08_00-41-04-534831,00-49-34-441094,"Since my private value for the prize is $0, I will bid strategically to maximize my profit in the long run. Given that the bids must be in $0.1 increments, I will start by bidding $0.1 to avoid losing the auction to other bidders. This bid is also low enough to minimize my potential loss if I don't win. I will observe the bids of other players and adjust my strategy accordingly in future rounds if necessary."
0,Bidder David,40,10.0,False,1.1,0,third_price_ipv_gemini,V10,meta-llama/Meta-Llama-3-8B-Instruct,deep_infra,0.5,5,1,seal,third,private,0.1,1299,private_third_price.txt,2026-02-08_00-41-04-534831,00-49-34-441094,"Since this is the first round, I don't have any historical data to learn from. However, I will start by bidding a moderate amount to gauge the competition. Given my private value of $40, I will bid $10, which is below my value but still competitive. This will allow me to gather information about the other bidders' values and adjust my strategy accordingly in future rounds. I will also keep in mind that I will pay the third-highest bid if I win, so I will aim to win with a bid that is not too high."
0,Bidder Ethel,8,0.1,False,1.1,0,third_price_ipv_gemini,V10,meta-llama/Meta-Llama-3-8B-Instruct,deep_infra,0.5,5,1,seal,third,private,0.1,1299,private_third_price.txt,2026-02-08_00-41-04-534831,00-49-34-441094,"Since this is the first round, I don't have any historical data to learn from. However, I'll adopt a conservative approach to maximize my profit. I'll start with a bid of $0.1, which is a small increment to minimize the risk of losing the auction. Since my private value is $8, I'll aim to win the auction and pay the third-highest bid, which is likely to be around $2-$3. This will ensure a decent profit of $5-$6."
0,Bidder Andy,14,1.0,False,4.1,0,third_price_ipv_gemini,V10,meta-llama/Meta-Llama-3-8B-Instruct,deep_infra,0.5,5,1,seal,third,private,0.1,1299,private_third_price.txt,2026-02-08_00-41-04-534831,00-49-48-625114,"Since this is the first round, I will start by bidding conservatively to gather information about the other bidders' values. I will bid $1, which is a low amount that is unlikely to deter the other bidders from bidding. This will allow me to observe their bidding behavior and adjust my strategy accordingly in future rounds. Additionally, bidding $1 will minimize my potential loss if I don't win the auction."
0,Bidder Betty,34,3.1,False,4.1,0,third_price_ipv_gemini,V10,meta-llama/Meta-Llama-3-8B-Instruct,deep_infra,0.5,5,1,seal,third,private,0.1,1299,private_third_price.txt,2026-02-08_00-41-04-534831,00-49-48-625114,"As this is the first round, I'll start by bidding conservatively, trying to learn more about the other bidders' strategies. Since my private value is $34, I'll start with a bid of $3.1, which is below the expected average bid. This will allow me to gather information about the other bidders' bids and adjust my strategy accordingly. I'll also keep an eye on the competition and adjust my bid up or down based on the bids of the other players."
0,Bidder Charles,33,20.0,True,4.1,28.9,third_price_ipv_gemini,V10,meta-llama/Meta-Llama-3-8B-Instruct,deep_infra,0.5,5,1,seal,third,private,0.1,1299,private_third_price.txt,2026-02-08_00-41-04-534831,00-49-48-625114,"Since this is the first round, I don't have any historical data to rely on. However, I will adopt a conservative approach, bidding slightly above the expected average value to increase my chances of winning. Given my private value of $33, I will bid $20, which is 10 cents above the expected average value of $32.50. This bid is low enough to be competitive, yet high enough to give me a decent chance of winning."
0,Bidder David,20,4.1,False,4.1,0,third_price_ipv_gemini,V10,meta-llama/Meta-Llama-3-8B-Instruct,deep_infra,0.5,5,1,seal,third,private,0.1,1299,private_third_price.txt,2026-02-08_00-41-04-534831,00-49-48-625114,"Since this is the first round, I will start by bidding a moderate amount to gauge the competition. Given my private value of $20, I will bid $4.10, which is slightly above the expected average bid but not too aggressive. This will allow me to gather information about the other bidders' values and adjust my strategy accordingly. I will also keep an eye on the bids of other players to identify any potential patterns or trends."
0,Bidder Ethel,44,4.4,False,4.1,0,third_price_ipv_gemini,V10,meta-llama/Meta-Llama-3-8B-Instruct,deep_infra,0.5,5,1,seal,third,private,0.1,1299,private_third_price.txt,2026-02-08_00-41-04-534831,00-49-48-625114,"Since this is the first round, I don't have any historical data to inform my bidding strategy. However, I will start by bidding a moderate amount, taking into account my private value of $44. I will bid $4.4, which is slightly above the midpoint of my private value. This will give me a good chance of winning while minimizing my potential loss if I don't win. I will also keep an eye on the other bidders' bids to adjust my strategy accordingly."
0,Bidder Andy,9,1.1,False,3.1,0,third_price_ipv_gemini,V10,meta-llama/Meta-Llama-3-8B-Instruct,deep_infra,0.5,5,1,seal,third,private,0.1,1299,private_third_price.txt,2026-02-08_00-41-04-534831,00-50-02-387838,"Since this is the first round, I will start by bidding a moderate amount to gauge the competition. Given my private value of $9, I will bid $1.10 to ensure I have a chance to win without spending too much. I will also keep an eye on the other bidders' strategies and adjust my bidding accordingly in subsequent rounds. My goal is to maximize my profit in the long run by bidding wisely and learning from the competition."
0,Bidder Betty,40,10.0,False,3.1,0,third_price_ipv_gemini,V10,meta-llama/Meta-Llama-3-8B-Instruct,deep_infra,0.5,5,1,seal,third,private,0.1,1299,private_third_price.txt,2026-02-08_00-41-04-534831,00-50-02-387838,"Since this is the first round, I'll start by bidding a moderate amount to gauge the competition. Given my private value of $40, I'll aim to win the auction while keeping the third-highest bid relatively low. I'll start by bidding $10, which is below the average value of $25. This will allow me to observe the other bidders' strategies and adjust my bid accordingly in future rounds."
0,Bidder Charles,32,15.0,True,3.1,28.9,third_price_ipv_gemini,V10,meta-llama/Meta-Llama-3-8B-Instruct,deep_infra,0.5,5,1,seal,third,private,0.1,1299,private_third_price.txt,2026-02-08_00-41-04-534831,00-50-02-387838,"Since this is the first round, there is no historical data to consider. Given my private value of $32, I will bid aggressively to maximize my chances of winning. I will start with a bid of $15, which is a relatively low bid that still allows me to have a high chance of winning. I will observe the other bidders' bids and adjust my strategy accordingly. If the bidding gets fierce, I may need to bid higher to stay competitive. My goal is to win the auction and pay the third-highest bid, which could be as low as $5. This strategy should give me a decent chance of maximizing my profit."
0,Bidder David,28,3.1,False,3.1,0,third_price_ipv_gemini,V10,meta-llama/Meta-Llama-3-8B-Instruct,deep_infra,0.5,5,1,seal,third,private,0.1,1299,private_third_price.txt,2026-02-08_00-41-04-534831,00-50-02-387838,"Since this is the first round, I don't have any historical data to rely on. However, since the private value is $28, I will bid aggressively to maximize my profit. I will start with a bid of $3.1, which is a relatively low starting point. This will give me a good chance of winning, and if I do win, I will pay a relatively low third-highest bid. If I don't win, I won't lose much. I will continue to observe the bids and adjust my strategy accordingly."
0,Bidder Ethel,21,1.0,False,3.1,0,third_price_ipv_gemini,V10,meta-llama/Meta-Llama-3-8B-Instruct,deep_infra,0.5,5,1,seal,third,private,0.1,1299,private_third_price.txt,2026-02-08_00-41-04-534831,00-50-02-387838,"Since this is the first round, I'll start by bidding conservatively to gather information about the other bidders' values. I'll bid $1, the minimum allowed, to minimize my potential loss. As I learn more about the other bidders' values, I'll adjust my strategy to maximize my expected profit. My goal is to win the auction and pay the third-highest bid, which will be the highest bid minus $0.1. By bidding $1, I'll also reduce the likelihood of other bidders bidding too low, allowing me to potentially win the auction and maximize my profit."
0,Bidder Andy,25,15.0,False,15.0,0,third_price_ipv_gemini,V10,meta-llama/Meta-Llama-3-8B-Instruct,deep_infra,0.5,5,1,seal,third,private,0.1,1299,private_third_price.txt,2026-02-08_00-41-04-534831,00-50-16-315591,"Since this is the first round, I will start by bidding with a moderate value to gauge the competition. Given my private value of $25, I will bid $15 to leave room for potential opponents to bid higher. This will also give me an opportunity to adjust my strategy based on the bids submitted by other players. I will pay close attention to the bids and adjust my strategy accordingly to maximize my profit in the long run."
0,Bidder Betty,31,20.0,False,15.0,0,third_price_ipv_gemini,V10,meta-llama/Meta-Llama-3-8B-Instruct,deep_infra,0.5,5,1,seal,third,private,0.1,1299,private_third_price.txt,2026-02-08_00-41-04-534831,00-50-16-315591,"As this is the first round, I will start by bidding a moderate amount to gauge the competition. Since my private value is $31, I will bid $20, which is below my value but still a decent starting point. This will allow me to observe the other bidders' strategies and adjust accordingly. I will also keep in mind that the values are redrawn independently each round, so I won't overcommit to a specific bid amount."
0,Bidder Charles,9,1.1,False,15.0,0,third_price_ipv_gemini,V10,meta-llama/Meta-Llama-3-8B-Instruct,deep_infra,0.5,5,1,seal,third,private,0.1,1299,private_third_price.txt,2026-02-08_00-41-04-534831,00-50-16-315591,"Since this is the first round, there is no history to learn from. I will start by bidding a moderate amount, taking into account my private value of $9. I will bid $1.10, which is slightly above the minimum bid but not too aggressive. This will give me a chance to win the auction while minimizing my potential loss if I don't win. I will also observe the bids of the other players to adjust my strategy for future rounds."
0,Bidder David,38,20.0,True,15.0,23.0,third_price_ipv_gemini,V10,meta-llama/Meta-Llama-3-8B-Instruct,deep_infra,0.5,5,1,seal,third,private,0.1,1299,private_third_price.txt,2026-02-08_00-41-04-534831,00-50-16-315591,"Since this is the first round and I don't have any historical data to rely on, I will start by bidding a moderate amount that is likely to be competitive but not too high. Given my private value of $38, I will bid $20, which is slightly higher than the midpoint of the possible values ($24.5) and should give me a good chance of winning without overpaying. I will also keep in mind that the third-highest bid will be the payment, so I will aim to bid high enough to win but not so high that I end up paying a large amount."
0,Bidder Ethel,26,13.0,False,15.0,0,third_price_ipv_gemini,V10,meta-llama/Meta-Llama-3-8B-Instruct,deep_infra,0.5,5,1,seal,third,private,0.1,1299,private_third_price.txt,2026-02-08_00-41-04-534831,00-50-16-315591,"Since this is the first round, I don't have any historical data to rely on. However, I will start by bidding a moderate amount, considering my private value of $26. I will bid $13, which is slightly above the midpoint of the possible range ($0 to $49). This will give me a good chance of winning while minimizing my potential loss if I don't win. I will also keep an eye on the other bidders' bids to adjust my strategy accordingly in future rounds."
0,Bidder Andy,22,11.0,False,5.0,0,third_price_ipv_gemini,V10,meta-llama/Meta-Llama-3-8B-Instruct,deep_infra,0.5,5,1,seal,third,private,0.1,1299,private_third_price.txt,2026-02-08_00-41-04-534831,00-50-27-768209,"Since this is the first round and I don't have any prior information to learn from, I will adopt a conservative approach. I will start by bidding a moderate amount, $11, which is a common starting point in auctions. This bid is high enough to have a chance of winning, but not so high that it exceeds the expected value of the prize. I will also keep in mind that the third-highest bid will be the payment, so I will aim to bid just above the expected payment amount to maximize my earnings."
0,Bidder Betty,15,1.5,False,5.0,0,third_price_ipv_gemini,V10,meta-llama/Meta-Llama-3-8B-Instruct,deep_infra,0.5,5,1,seal,third,private,0.1,1299,private_third_price.txt,2026-02-08_00-41-04-534831,00-50-27-768209,"Since this is the first round, I don't have any historical data to rely on. However, I'll start with a conservative approach, bidding slightly higher than my private value to account for potential errors. I'll bid $1.50, which is the minimum increment of $0.1 above my private value of $15. This strategy allows me to maximize my potential earnings while minimizing the risk of overbidding."
0,Bidder Charles,10,5.0,False,5.0,0,third_price_ipv_gemini,V10,meta-llama/Meta-Llama-3-8B-Instruct,deep_infra,0.5,5,1,seal,third,private,0.1,1299,private_third_price.txt,2026-02-08_00-41-04-534831,00-50-27-768209,"Since this is the first round and I don't have any historical data to learn from, I will adopt a conservative strategy. I will start by bidding a moderate amount, $5, to gauge the competition and test the waters. I will also take into account my private value of $10 and aim to win the auction without overpaying. By bidding $5, I will have a good chance of winning and making a profit, while also leaving room for adjustment in future rounds if needed."
0,Bidder David,7,1.1,False,5.0,0,third_price_ipv_gemini,V10,meta-llama/Meta-Llama-3-8B-Instruct,deep_infra,0.5,5,1,seal,third,private,0.1,1299,private_third_price.txt,2026-02-08_00-41-04-534831,00-50-27-768209,"Since this is the first round, there is no history to learn from. I will start by bidding a conservative amount to gauge the competition. Given my private value of $7, I will bid $1.10, which is just above the minimum bid of $1.00. This will allow me to observe the other bidders' behavior and adjust my strategy accordingly in subsequent rounds. I will also keep in mind that the third-highest bid will be paid, so I will aim to bid slightly above the expected average value of the other bidders to maximize my chances of winning."
0,Bidder Ethel,31,20.0,True,5.0,26.0,third_price_ipv_gemini,V10,meta-llama/Meta-Llama-3-8B-Instruct,deep_infra,0.5,5,1,seal,third,private,0.1,1299,private_third_price.txt,2026-02-08_00-41-04-534831,00-50-27-768209,"Since this is the first round, I will start by bidding a moderate amount to gather information about the other bidders' values. I will bid $20, which is slightly above the expected average value of $25. This will give me a good chance of winning without committing too much to the auction. If I win, I will pay $15 (the third-highest bid), which is a reasonable amount considering my value of $31. If I don't win, I will have a good idea of the other bidders' values and can adjust my strategy accordingly for the next round."
0,Bidder Andy,36,40.0,True,10.0,26.0,third_price_ipv_gemini,V10,meta-llama/Meta-Llama-3-8B-Instruct,deep_infra,0.5,5,1,seal,third,private,0.1,1299,private_third_price.txt,2026-02-08_00-41-04-534831,00-50-41-591666,"As this is the first round, I will start by bidding aggressively to maximize my chances of winning. Since my private value is $36, I will bid higher than that to ensure I win. I will start with a bid of $40, which is $4 above my value. This will also give me room to adjust my bid in subsequent rounds based on the competition. I will monitor the bids of other bidders and adjust my strategy accordingly."
0,Bidder Betty,33,13.0,False,10.0,0,third_price_ipv_gemini,V10,meta-llama/Meta-Llama-3-8B-Instruct,deep_infra,0.5,5,1,seal,third,private,0.1,1299,private_third_price.txt,2026-02-08_00-41-04-534831,00-50-41-591666,"Since this is the first round, I will start by bidding a moderate amount to gauge the competition. Given my private value of $33, I will bid $13.00. This is a reasonable starting point, allowing me to observe the other bidders' behavior and adjust my strategy accordingly. I will also keep in mind that the values are redrawn independently each round, so my primary goal is to maximize my profit in this single round."
0,Bidder Charles,31,4.0,False,10.0,0,third_price_ipv_gemini,V10,meta-llama/Meta-Llama-3-8B-Instruct,deep_infra,0.5,5,1,seal,third,private,0.1,1299,private_third_price.txt,2026-02-08_00-41-04-534831,00-50-41-591666,"Since this is the first round, I will adopt a conservative approach to maximize my profit. I will start by bidding a low amount to gauge the competition. Given my private value of $31, I will bid $4.00, which is below the expected mean value of $24.50. This will allow me to gather information about the other bidders' values and adjust my strategy accordingly. If I win, I will pay a relatively low amount, and if I lose, I will not lose much. This approach will help me maximize my expected profit in the long run."
0,Bidder David,24,10.0,False,10.0,0,third_price_ipv_gemini,V10,meta-llama/Meta-Llama-3-8B-Instruct,deep_infra,0.5,5,1,seal,third,private,0.1,1299,private_third_price.txt,2026-02-08_00-41-04-534831,00-50-41-591666,"Since this is the first round, I will start by bidding a moderate amount to get a sense of the competition. Given my private value of $24, I will bid $10, which is below the expected average value of $24.5. This will allow me to gain information about the other bidders' values and adjust my strategy accordingly. I will also keep in mind that the third-highest bid will determine the payment, so I will aim to bid above the expected second-highest bid to minimize my potential payment."
0,Bidder Ethel,14,2.0,False,10.0,0,third_price_ipv_gemini,V10,meta-llama/Meta-Llama-3-8B-Instruct,deep_infra,0.5,5,1,seal,third,private,0.1,1299,private_third_price.txt,2026-02-08_00-41-04-534831,00-50-41-591666,"Since this is the first round, I don't have any historical data to rely on. However, I will start by bidding conservatively, as I'm not sure what the other bidders will do. I will bid $2, which is a relatively low amount to start with. This will give me a chance to observe the bids of the other players and adjust my strategy accordingly in future rounds. If I win, I will pay $0, and if I lose, I will pay nothing. This strategy minimizes my risk and allows me to learn more about the other bidders' behavior."
0,Bidder Andy,3,0.3,False,5.5,0,third_price_ipv_gemini,V10,meta-llama/Meta-Llama-3-8B-Instruct,deep_infra,0.5,5,1,seal,third,private,0.1,1299,private_third_price.txt,2026-02-08_00-41-04-534831,00-50-55-424836,"Since this is the first round, I will start by bidding a relatively low amount to gauge the competition. Given my private value of $3, I will bid $0.3. This allows me to learn more about the other bidders' values while keeping my costs low. I will also keep an eye on the bids to adjust my strategy accordingly in future rounds. If I win, I will pay the third-highest bid, which will be my maximum loss. If I don't win, I will learn from the bids and adjust my strategy for the next round."
0,Bidder Betty,24,10.0,False,5.5,0,third_price_ipv_gemini,V10,meta-llama/Meta-Llama-3-8B-Instruct,deep_infra,0.5,5,1,seal,third,private,0.1,1299,private_third_price.txt,2026-02-08_00-41-04-534831,00-50-55-424836,"Since this is the first round, I'll start by bidding a moderate amount to get a sense of the competition. Given my private value of $24, I'll bid $10, which is a relatively low bid that still has a good chance of winning. This will also allow me to observe the other bidders' behavior and adjust my strategy accordingly. If I win, I'll be paying a relatively low amount, and if I lose, I'll have a chance to adjust my bid in the next round."
0,Bidder Charles,11,5.5,False,5.5,0,third_price_ipv_gemini,V10,meta-llama/Meta-Llama-3-8B-Instruct,deep_infra,0.5,5,1,seal,third,private,0.1,1299,private_third_price.txt,2026-02-08_00-41-04-534831,00-50-55-424836,"Since this is the first round, I'll start by bidding a moderate amount to gauge the competition. Given my private value of $11, I'll aim to bid around $5-$7 to increase my chances of winning and minimize my losses if I don't win. I'll also keep an eye on the other bidders' bids to adjust my strategy accordingly. Since we're in the first round, I won't overbid yet, but I'll try to get a sense of the competition's valuations."
0,Bidder David,24,10.0,True,5.5,18.5,third_price_ipv_gemini,V10,meta-llama/Meta-Llama-3-8B-Instruct,deep_infra,0.5,5,1,seal,third,private,0.1,1299,private_third_price.txt,2026-02-08_00-41-04-534831,00-50-55-424836,"Since this is the first round, I will start by bidding a moderate amount to get a sense of the competition. Given my private value of $24, I will bid $10, which is below the expected average value of $24.5. This will allow me to gain information about the other bidders' values and adjust my strategy accordingly. I will also keep in mind that the third-highest bid will determine the payment, so I will aim to bid above the expected second-highest bid to minimize my potential payment."
0,Bidder Ethel,13,4.0,False,5.5,0,third_price_ipv_gemini,V10,meta-llama/Meta-Llama-3-8B-Instruct,deep_infra,0.5,5,1,seal,third,private,0.1,1299,private_third_price.txt,2026-02-08_00-41-04-534831,00-50-55-424836,"Since this is the first round, I don't have any historical data to learn from. However, I will adopt a conservative approach to maximize my profit. I will bid a moderate amount, taking into account the possibility of other bidders bidding high. Given my private value of $13, I will aim to bid slightly above the expected average bid. I will start with a bid of $4, which is a reasonable starting point, considering the bidding increments of $0.1. This will give me room to adjust my bid based on the other bidders' moves."
0,Bidder Andy,31,14.0,True,10.0,21.0,third_price_ipv_gemini,V10,meta-llama/Meta-Llama-3-8B-Instruct,deep_infra,0.5,5,1,seal,third,private,0.1,1299,private_third_price.txt,2026-02-08_00-41-04-534831,00-51-10-020283,"Since this is the first round, I don't have any historical data to inform my bidding strategy. However, I'll adopt a cautious approach to maximize my expected profit. I'll start by bidding a moderate amount, $14, which is slightly higher than the expected average value of the prize. This bid is likely to be competitive, but not too aggressive, allowing me to gauge the other bidders' behavior and adjust my strategy accordingly."
0,Bidder Betty,22,10.0,False,10.0,0,third_price_ipv_gemini,V10,meta-llama/Meta-Llama-3-8B-Instruct,deep_infra,0.5,5,1,seal,third,private,0.1,1299,private_third_price.txt,2026-02-08_00-41-04-534831,00-51-10-020283,"Since this is the first round, I will start by bidding a moderate amount to get a sense of the competition. Given my value for the prize is $22, I will bid $10. This is a relatively low bid, but it's high enough to show my interest in the prize. I will also keep an eye on the other bidders' behavior and adjust my strategy accordingly. If I win, I will pay the third-highest bid, and if I lose, I will wait for the next round to reassess my strategy."
0,Bidder Charles,40,10.0,False,10.0,0,third_price_ipv_gemini,V10,meta-llama/Meta-Llama-3-8B-Instruct,deep_infra,0.5,5,1,seal,third,private,0.1,1299,private_third_price.txt,2026-02-08_00-41-04-534831,00-51-10-020283,"Since this is the first round, I will start by bidding a moderate amount to gather information about the other bidders' values. I will bid $10, which is below my private value of $40. This will allow me to gather information about the other bidders' values and adjust my bid accordingly in the next round. I will also consider the possibility of a tie and bid slightly above the expected second-highest bid to minimize the risk of losing the auction."
0,Bidder David,5,1.0,False,10.0,0,third_price_ipv_gemini,V10,meta-llama/Meta-Llama-3-8B-Instruct,deep_infra,0.5,5,1,seal,third,private,0.1,1299,private_third_price.txt,2026-02-08_00-41-04-534831,00-51-10-020283,"Since this is the first round, I will start by bidding a moderate amount to gather information about the other bidders' values. With a private value of $5, I will bid $1.00, which is a relatively low amount to avoid being the highest bidder. This will allow me to observe the bids of the other players and adjust my strategy accordingly in future rounds."
0,Bidder Ethel,15,5.0,False,10.0,0,third_price_ipv_gemini,V10,meta-llama/Meta-Llama-3-8B-Instruct,deep_infra,0.5,5,1,seal,third,private,0.1,1299,private_third_price.txt,2026-02-08_00-41-04-534831,00-51-10-020283,"Since this is the first round, I don't have any historical data to inform my bidding strategy. However, I will aim to maximize my expected profit by bidding a value that is likely to be higher than the other bidders' values. Given my private value of $15, I will start with a bid of $5, which is a relatively low bid that still has a good chance of winning. This will also give me some flexibility to adjust my bid in subsequent rounds based on the feedback from the auction."
0,Bidder Andy,42,4.1,False,4.0,0,third_price_ipv_gemini,V10,meta-llama/Meta-Llama-3-8B-Instruct,deep_infra,0.5,5,1,seal,third,private,0.1,1299,private_third_price.txt,2026-02-08_00-41-04-534831,00-51-24-016209,"Since this is the first round and I don't have any historical data to learn from, I'll adopt a conservative strategy. I'll start by bidding $4.1, which is a low enough amount to minimize my potential loss if I don't win. This bid also gives me a chance to observe the bids of the other players and adjust my strategy accordingly. I'll keep a close eye on the bids and adjust my strategy based on the outcome of this round."
0,Bidder Betty,29,10.0,True,4.0,25.0,third_price_ipv_gemini,V10,meta-llama/Meta-Llama-3-8B-Instruct,deep_infra,0.5,5,1,seal,third,private,0.1,1299,private_third_price.txt,2026-02-08_00-41-04-534831,00-51-24-016209,"Since this is the first round, I don't have any historical data to rely on. However, I'll adopt a conservative approach to maximize my profit in the long run. I'll start by bidding a relatively low amount to gauge the competition. Given my private value of $29, I'll bid $10, which is below the midpoint of the possible range. This will allow me to observe the other bidders' behavior and adjust my strategy accordingly in subsequent rounds."
0,Bidder Charles,48,4.0,False,4.0,0,third_price_ipv_gemini,V10,meta-llama/Meta-Llama-3-8B-Instruct,deep_infra,0.5,5,1,seal,third,private,0.1,1299,private_third_price.txt,2026-02-08_00-41-04-534831,00-51-24-016209,"Since this is the first round, I will start with a conservative bid to gauge the competition. I will bid $4.00, which is a relatively low amount. This will allow me to observe the bids of the other bidders and adjust my strategy accordingly. Additionally, bidding $4.00 will give me a buffer in case the other bidders bid aggressively. I will pay close attention to the bids and adjust my strategy for the next round based on the results of this round."
0,Bidder David,4,1.0,False,4.0,0,third_price_ipv_gemini,V10,meta-llama/Meta-Llama-3-8B-Instruct,deep_infra,0.5,5,1,seal,third,private,0.1,1299,private_third_price.txt,2026-02-08_00-41-04-534831,00-51-24-016209,"Since this is the first round, we don't have any historical data to consider. However, we know that the value is randomly drawn between $0 and $49. Given our private value of $4, we should start with a relatively low bid to minimize the risk of overpaying. We'll start with a bid of $1, which is a common starting point for many bidders. This allows us to gain information about the other bidders' values while keeping our own potential earnings relatively high."
0,Bidder Ethel,1,3.0,False,4.0,0,third_price_ipv_gemini,V10,meta-llama/Meta-Llama-3-8B-Instruct,deep_infra,0.5,5,1,seal,third,private,0.1,1299,private_third_price.txt,2026-02-08_00-41-04-534831,00-51-24-016209,"Since this is the first round, I don't have any historical data to learn from. However, I'll start by bidding a moderate amount to gauge the competition. Given my private value of $1, I'll aim to bid just above the average value, which is $24.5. I'll start with a bid of $3, which is a reasonable amount to test the waters. If I win, I'll pay the third-highest bid, which will be at most $3. If I don't win, I'll learn from the bids of others and adjust my strategy for the next round."
0,Bidder Andy,47,4.7,False,4.7,0,third_price_ipv_gemini,V10,meta-llama/Meta-Llama-3-8B-Instruct,deep_infra,0.5,5,1,seal,third,private,0.1,1299,private_third_price.txt,2026-02-08_00-41-04-534831,00-51-36-460441,"Since this is the first round, I don't have any historical data to rely on. However, I'll adopt a conservative approach to maximize my expected profit. I'll start by bidding a moderate amount, taking into account my private value of $47. I'll bid $4.7, which is slightly above the midpoint of the possible range ($0.1 to $49). This bid is likely to deter Bidder Betty and Bidder Ethel from bidding too aggressively, while also giving me a good chance of winning."
0,Bidder Betty,33,13.0,False,4.7,0,third_price_ipv_gemini,V10,meta-llama/Meta-Llama-3-8B-Instruct,deep_infra,0.5,5,1,seal,third,private,0.1,1299,private_third_price.txt,2026-02-08_00-41-04-534831,00-51-36-460441,"Since this is the first round, I will start by bidding a moderate amount to gauge the competition. Given my private value of $33, I will bid $13.00. This is a reasonable starting point, allowing me to observe the other bidders' behavior and adjust my strategy accordingly. I will also keep in mind that the values are redrawn independently each round, so my primary goal is to maximize my profit in this single round."
0,Bidder Charles,36,14.0,True,4.7,31.3,third_price_ipv_gemini,V10,meta-llama/Meta-Llama-3-8B-Instruct,deep_infra,0.5,5,1,seal,third,private,0.1,1299,private_third_price.txt,2026-02-08_00-41-04-534831,00-51-36-460441,"Since this is the first round, there is no history to consider. I will start by bidding a moderate amount to get a sense of the competition. I will bid $14, which is slightly above the average value of $25, but still relatively low. This will allow me to gauge the other bidders' behavior and adjust my strategy accordingly. If I win, I will make a profit of $36 - $14 = $22. If I lose, I will not incur any loss. This is a conservative approach, but it will give me valuable information for future rounds."
0,Bidder David,4,1.0,False,4.7,0,third_price_ipv_gemini,V10,meta-llama/Meta-Llama-3-8B-Instruct,deep_infra,0.5,5,1,seal,third,private,0.1,1299,private_third_price.txt,2026-02-08_00-41-04-534831,00-51-36-460441,"Since this is the first round, we don't have any historical data to consider. However, we know that the value is randomly drawn between $0 and $49. Given our private value of $4, we should start with a relatively low bid to minimize the risk of overpaying. We'll start with a bid of $1, which is a common starting point for many bidders. This allows us to gain information about the other bidders' values while keeping our own potential earnings relatively high."
0,Bidder Ethel,8,0.1,False,4.7,0,third_price_ipv_gemini,V10,meta-llama/Meta-Llama-3-8B-Instruct,deep_infra,0.5,5,1,seal,third,private,0.1,1299,private_third_price.txt,2026-02-08_00-41-04-534831,00-51-36-460441,"Since this is the first round, I don't have any historical data to learn from. However, I'll adopt a conservative approach to maximize my profit. I'll start with a bid of $0.1, which is a small increment to minimize the risk of losing the auction. Since my private value is $8, I'll aim to win the auction and pay the third-highest bid, which is likely to be around $2-$3. This will ensure a decent profit of $5-$6."
0,Bidder Andy,32,20.0,False,10.0,0,third_price_ipv_gemini,V10,meta-llama/Meta-Llama-3-8B-Instruct,deep_infra,0.5,5,1,seal,third,private,0.1,1299,private_third_price.txt,2026-02-08_00-41-04-534831,00-51-49-194304,"Since this is the first round, I will start by bidding a moderate amount to gather information about the other bidders' values. Given my private value of $32, I will bid $20, which is a reasonable starting point. This bid is low enough to be competitive, but not so low that it will be easily outbid. I will observe the other bidders' bids and adjust my strategy accordingly in subsequent rounds. My goal is to maximize my profit in the long run by learning from the history of previous rounds and adapting my bidding strategy."
0,Bidder Betty,6,1.1,False,10.0,0,third_price_ipv_gemini,V10,meta-llama/Meta-Llama-3-8B-Instruct,deep_infra,0.5,5,1,seal,third,private,0.1,1299,private_third_price.txt,2026-02-08_00-41-04-534831,00-51-49-194304,"Since this is the first round, I will start with a conservative approach. Given my private value of $6, I will bid $1.1 to ensure I have a chance to win while keeping my potential loss to a minimum. I will also observe the bids of other players to gauge their strategies and adjust my approach accordingly. If the bidding gets aggressive, I may adjust my bid upwards to maximize my profit."
0,Bidder Charles,17,3.0,False,10.0,0,third_price_ipv_gemini,V10,meta-llama/Meta-Llama-3-8B-Instruct,deep_infra,0.5,5,1,seal,third,private,0.1,1299,private_third_price.txt,2026-02-08_00-41-04-534831,00-51-49-194304,"Since this is the first round, I'll start by bidding a moderate amount to gauge the competition. I'll bid $3.00, which is a relatively low bid, but still a meaningful one. This will give me an idea of the other bidders' values and help me adjust my strategy for future rounds. My top priority is to maximize profit in the long run, so I'll be cautious and adapt to the auction dynamics as we progress."
0,Bidder David,48,10.0,False,10.0,0,third_price_ipv_gemini,V10,meta-llama/Meta-Llama-3-8B-Instruct,deep_infra,0.5,5,1,seal,third,private,0.1,1299,private_third_price.txt,2026-02-08_00-41-04-534831,00-51-49-194304,"Since this is the first round, there is no history to learn from. However, I will adopt a conservative approach to maximize my profit. I will bid a moderate amount, taking into account the private value of $48. I will start with a bid of $10, which is a reasonable starting point. This allows me to gauge the competition and adjust my bid accordingly. If I'm not winning, I can increase my bid incrementally to stay competitive. If I'm winning, I can adjust my bid to minimize the payment."
0,Bidder Ethel,10,25.0,True,10.0,0.0,third_price_ipv_gemini,V10,meta-llama/Meta-Llama-3-8B-Instruct,deep_infra,0.5,5,1,seal,third,private,0.1,1299,private_third_price.txt,2026-02-08_00-41-04-534831,00-51-49-194304,"Since this is the first round, there is no history to learn from. However, I will adopt a conservative approach, bidding just above the midpoint of the possible range. Given my private value of $10, I will aim to bid around $25, which is the midpoint of the possible range ($0 to $49). This strategy will minimize the risk of overpaying and maximize the potential profit. I will also keep an eye on the other bidders' bids to adjust my strategy if necessary."
0,Bidder Andy,39,10.0,False,8.0,0,third_price_ipv_gemini,V10,meta-llama/Meta-Llama-3-8B-Instruct,deep_infra,0.5,5,1,seal,third,private,0.1,1299,private_third_price.txt,2026-02-08_00-41-04-534831,00-52-01-506780,"Since this is the first round, I will focus on learning the bidding behavior of the other bidders. I will start with a moderate bid of $10 to test the waters and gauge the competition. I will observe the bids and adjust my strategy accordingly. If the bids are relatively low, I will increase my bid to $20 or $30 to maximize my chances of winning. If the bids are high, I will bid cautiously, aiming to win with a bid of $40 or less. My goal is to win the auction while keeping my payment low."
0,Bidder Betty,34,3.1,False,8.0,0,third_price_ipv_gemini,V10,meta-llama/Meta-Llama-3-8B-Instruct,deep_infra,0.5,5,1,seal,third,private,0.1,1299,private_third_price.txt,2026-02-08_00-41-04-534831,00-52-01-506780,"As this is the first round, I'll start by bidding conservatively, trying to learn more about the other bidders' strategies. Since my private value is $34, I'll start with a bid of $3.1, which is below the expected average bid. This will allow me to gather information about the other bidders' bids and adjust my strategy accordingly. I'll also keep an eye on the competition and adjust my bid up or down based on the bids of the other players."
0,Bidder Charles,45,4.5,False,8.0,0,third_price_ipv_gemini,V10,meta-llama/Meta-Llama-3-8B-Instruct,deep_infra,0.5,5,1,seal,third,private,0.1,1299,private_third_price.txt,2026-02-08_00-41-04-534831,00-52-01-506780,"Since this is the first round, I will start by bidding moderately, taking into account the randomness of the values. I will bid $4.50, which is slightly above the average value of $22.5. This will give me a good chance of winning without overpaying. I will also keep an eye on the other bidders' behavior to adjust my strategy accordingly. If I win, I will pay the third-highest bid, which will be around $4.50 or lower, given the moderate bidding range. If I don't win, my earnings will remain unchanged."
0,Bidder David,23,10.0,True,8.0,15.0,third_price_ipv_gemini,V10,meta-llama/Meta-Llama-3-8B-Instruct,deep_infra,0.5,5,1,seal,third,private,0.1,1299,private_third_price.txt,2026-02-08_00-41-04-534831,00-52-01-506780,"Since this is the first round, I will start by bidding a moderate amount to get a sense of the competition. Given my private value of $23, I will bid $10, which is below my value but still competitive. This will allow me to gauge the other bidders' behavior and adjust my strategy accordingly. I will also keep in mind that the values are redrawn independently each round, so I won't overcommit to a specific strategy just yet."
0,Bidder Ethel,36,8.0,False,8.0,0,third_price_ipv_gemini,V10,meta-llama/Meta-Llama-3-8B-Instruct,deep_infra,0.5,5,1,seal,third,private,0.1,1299,private_third_price.txt,2026-02-08_00-41-04-534831,00-52-01-506780,"Since this is the first round, I'll start by bidding a moderate amount to gauge the competition. Considering my private value is $36, I'll aim to bid slightly above the average bid to increase my chances of winning. I'll start with a bid of $8, which is a reasonable starting point. This will allow me to observe the other bidders' behavior and adjust my strategy accordingly."
0,Bidder Andy,49,5.0,False,5.0,0,third_price_ipv_gemini,V10,meta-llama/Meta-Llama-3-8B-Instruct,deep_infra,0.5,5,1,seal,third,private,0.1,1299,private_third_price.txt,2026-02-08_00-41-04-534831,00-52-12-761715,"Since this is the first round, I will start by bidding a relatively low amount to minimize my potential loss. I will bid $5, which is a low enough value to not be too aggressive, but still high enough to have a chance of winning. I will also keep in mind that my value for the prize is $49, so I will be looking to maximize my earnings by winning the auction and paying the third-highest bid."
0,Bidder Betty,44,4.4,False,5.0,0,third_price_ipv_gemini,V10,meta-llama/Meta-Llama-3-8B-Instruct,deep_infra,0.5,5,1,seal,third,private,0.1,1299,private_third_price.txt,2026-02-08_00-41-04-534831,00-52-12-761715,"Since this is the first round, I don't have any historical data to inform my bidding strategy. I will start by bidding a moderate amount, taking into account the possibility of other bidders also bidding similarly. Given my private value of $44, I will bid $4.4, which is a reasonable starting point. This allows me to gauge the competition and adjust my bid accordingly in subsequent rounds."
0,Bidder Charles,22,10.0,True,5.0,17.0,third_price_ipv_gemini,V10,meta-llama/Meta-Llama-3-8B-Instruct,deep_infra,0.5,5,1,seal,third,private,0.1,1299,private_third_price.txt,2026-02-08_00-41-04-534831,00-52-12-761715,"Since this is the first round, I will start by bidding a moderate amount to get a sense of the competition. Given my private value of $22, I will bid $10, which is below my value but still high enough to be competitive. I will also pay attention to the bids of the other bidders to adjust my strategy accordingly. If I win, I will pay the third-highest bid, and if I don't, my earnings will remain unchanged. My goal is to maximize my profit in the long run, so I will aim to bid strategically to achieve this."
0,Bidder David,17,5.0,False,5.0,0,third_price_ipv_gemini,V10,meta-llama/Meta-Llama-3-8B-Instruct,deep_infra,0.5,5,1,seal,third,private,0.1,1299,private_third_price.txt,2026-02-08_00-41-04-534831,00-52-12-761715,"Since this is the first round, I don't have any historical data to rely on. I'll start by bidding a moderate amount to gauge the competition. Given my private value of $17, I'll bid $5, which is a reasonable starting point. This allows me to stay in the game while not committing too much upfront. I'll observe the other bidders' responses and adjust my strategy accordingly in future rounds."
0,Bidder Ethel,42,4.1,False,5.0,0,third_price_ipv_gemini,V10,meta-llama/Meta-Llama-3-8B-Instruct,deep_infra,0.5,5,1,seal,third,private,0.1,1299,private_third_price.txt,2026-02-08_00-41-04-534831,00-52-12-761715,"Since this is the first round and I have no prior information, I will start by bidding a moderate amount to gauge the competition. Given my private value of $42, I will bid $4.1, which is slightly above the midpoint of the possible range ($0.1 to $49). This bid is also low enough to give me a chance to win if others bid conservatively. I will observe the bids and adjust my strategy accordingly in future rounds."
0,Bidder Andy,40,30.0,True,2.0,38.0,third_price_ipv_gemini,V10,meta-llama/Meta-Llama-3-8B-Instruct,deep_infra,0.5,5,1,seal,third,private,0.1,1299,private_third_price.txt,2026-02-08_00-41-04-534831,00-52-25-048897,"Since this is the first round, I don't have any historical data to inform my bidding strategy. However, I will aim to maximize my expected profit by bidding a value that is likely to win but not too high. Given my private value of $40, I will bid $30, which is a reasonable starting point. This bid is aggressive enough to have a good chance of winning but not so high that it leaves me vulnerable to being outbid by others."
0,Bidder Betty,13,1.1,False,2.0,0,third_price_ipv_gemini,V10,meta-llama/Meta-Llama-3-8B-Instruct,deep_infra,0.5,5,1,seal,third,private,0.1,1299,private_third_price.txt,2026-02-08_00-41-04-534831,00-52-25-048897,"Since this is the first round, I don't have any historical data to inform my bidding strategy. However, I will adopt a conservative approach to maximize my profit in the long run. I will start with a relatively low bid to minimize my potential losses. Given my private value of $13, I will bid $1.10, which is a small increment above the minimum bid of $0.10. This bid is low enough to be competitive, yet high enough to reflect my true value for the prize."
0,Bidder Charles,17,3.0,False,2.0,0,third_price_ipv_gemini,V10,meta-llama/Meta-Llama-3-8B-Instruct,deep_infra,0.5,5,1,seal,third,private,0.1,1299,private_third_price.txt,2026-02-08_00-41-04-534831,00-52-25-048897,"Since this is the first round, I'll start by bidding a moderate amount to gauge the competition. I'll bid $3.00, which is a relatively low bid, but still a meaningful one. This will give me an idea of the other bidders' values and help me adjust my strategy for future rounds. My top priority is to maximize profit in the long run, so I'll be cautious and adapt to the auction dynamics as we progress."
0,Bidder David,2,2.0,False,2.0,0,third_price_ipv_gemini,V10,meta-llama/Meta-Llama-3-8B-Instruct,deep_infra,0.5,5,1,seal,third,private,0.1,1299,private_third_price.txt,2026-02-08_00-41-04-534831,00-52-25-048897,"Since this is the first round and we don't have any historical data, we will adopt a conservative approach. We will start with a low bid to minimize the risk of overpayment. Given our private value is $2, we will bid $0.2, which is a reasonable starting point. This bid is low enough to avoid overpayment, yet high enough to have a chance of winning. We will observe the other bidders' bids and adjust our strategy accordingly in future rounds."
0,Bidder Ethel,2,1.1,False,2.0,0,third_price_ipv_gemini,V10,meta-llama/Meta-Llama-3-8B-Instruct,deep_infra,0.5,5,1,seal,third,private,0.1,1299,private_third_price.txt,2026-02-08_00-41-04-534831,00-52-25-048897,"Since this is the first round, I'll focus on getting a sense of the other bidders' strategies. I'll start with a relatively low bid to gauge the competition. Since my value is $2, I'll aim to win the auction while keeping the third-highest bid as low as possible. I'll bid $1.1, which is a good starting point. If I win, I'll pay $0.1, and if I don't, my earnings remain unchanged. This bid also leaves room for me to adjust in future rounds based on the competition."
0,Bidder Andy,22,11.0,True,5.0,17.0,third_price_ipv_gemini,V10,meta-llama/Meta-Llama-3-8B-Instruct,deep_infra,0.5,5,1,seal,third,private,0.1,1299,private_third_price.txt,2026-02-08_00-41-04-534831,00-52-38-654051,"Since this is the first round and I don't have any prior information to learn from, I will adopt a conservative approach. I will start by bidding a moderate amount, $11, which is a common starting point in auctions. This bid is high enough to have a chance of winning, but not so high that it exceeds the expected value of the prize. I will also keep in mind that the third-highest bid will be the payment, so I will aim to bid just above the expected payment amount to maximize my earnings."
0,Bidder Betty,34,3.1,False,5.0,0,third_price_ipv_gemini,V10,meta-llama/Meta-Llama-3-8B-Instruct,deep_infra,0.5,5,1,seal,third,private,0.1,1299,private_third_price.txt,2026-02-08_00-41-04-534831,00-52-38-654051,"As this is the first round, I'll start by bidding conservatively, trying to learn more about the other bidders' strategies. Since my private value is $34, I'll start with a bid of $3.1, which is below the expected average bid. This will allow me to gather information about the other bidders' bids and adjust my strategy accordingly. I'll also keep an eye on the competition and adjust my bid up or down based on the bids of the other players."
0,Bidder Charles,10,5.0,False,5.0,0,third_price_ipv_gemini,V10,meta-llama/Meta-Llama-3-8B-Instruct,deep_infra,0.5,5,1,seal,third,private,0.1,1299,private_third_price.txt,2026-02-08_00-41-04-534831,00-52-38-654051,"Since this is the first round and I don't have any historical data to learn from, I will adopt a conservative strategy. I will start by bidding a moderate amount, $5, to gauge the competition and test the waters. I will also take into account my private value of $10 and aim to win the auction without overpaying. By bidding $5, I will have a good chance of winning and making a profit, while also leaving room for adjustment in future rounds if needed."
0,Bidder David,17,5.0,False,5.0,0,third_price_ipv_gemini,V10,meta-llama/Meta-Llama-3-8B-Instruct,deep_infra,0.5,5,1,seal,third,private,0.1,1299,private_third_price.txt,2026-02-08_00-41-04-534831,00-52-38-654051,"Since this is the first round, I don't have any historical data to rely on. I'll start by bidding a moderate amount to gauge the competition. Given my private value of $17, I'll bid $5, which is a reasonable starting point. This allows me to stay in the game while not committing too much upfront. I'll observe the other bidders' responses and adjust my strategy accordingly in future rounds."
0,Bidder Ethel,0,1.0,False,5.0,0,third_price_ipv_gemini,V10,meta-llama/Meta-Llama-3-8B-Instruct,deep_infra,0.5,5,1,seal,third,private,0.1,1299,private_third_price.txt,2026-02-08_00-41-04-534831,00-52-38-654051,"Since my private value for this item is $0, my goal is to minimize my loss. Since I don't value the prize at all, I should bid as low as possible to avoid paying the third-highest bid. However, I need to be cautious not to bid too low, as the third-highest bid could be close to my bid. I will start with a bid of $1, which is the minimum allowed. This will give me a chance to observe the other bidders' strategies and adjust my bid accordingly. If necessary, I can increase my bid slightly to avoid losing the auction. My plan is to be conservative and adapt to the situation."
0,Bidder Andy,28,22.0,True,14.0,14.0,third_price_ipv_gemini,V10,meta-llama/Meta-Llama-3-8B-Instruct,deep_infra,0.5,5,1,seal,third,private,0.1,1299,private_third_price.txt,2026-02-08_00-41-04-534831,00-52-50-897606,"Since this is the first round, I'll start by bidding a moderate amount to gauge the competition. Given my private value of $28, I'll aim to bid around $20-$25 to ensure I have a good chance of winning. I'll also keep an eye on the other bidders' bids to adjust my strategy accordingly. If no one bids above me, I'll increase my bid to maximize my profit. If someone bids higher, I'll reassess and adjust my bid to minimize my losses."
0,Bidder Betty,23,4.1,False,14.0,0,third_price_ipv_gemini,V10,meta-llama/Meta-Llama-3-8B-Instruct,deep_infra,0.5,5,1,seal,third,private,0.1,1299,private_third_price.txt,2026-02-08_00-41-04-534831,00-52-50-897606,"Since this is the first round and we don't have any historical data, I will adopt a conservative approach. I will start with a moderate bid of $4.10, which is slightly above the midpoint of the possible values. This will give me a good chance of winning without overpaying. If I win, I will pay the third-highest bid, which is likely to be around $2-3. If I don't win, my earnings will remain unchanged. This strategy aims to maximize my expected profit in the long run."
0,Bidder Charles,36,14.0,False,14.0,0,third_price_ipv_gemini,V10,meta-llama/Meta-Llama-3-8B-Instruct,deep_infra,0.5,5,1,seal,third,private,0.1,1299,private_third_price.txt,2026-02-08_00-41-04-534831,00-52-50-897606,"Since this is the first round, there is no history to consider. I will start by bidding a moderate amount to get a sense of the competition. I will bid $14, which is slightly above the average value of $25, but still relatively low. This will allow me to gauge the other bidders' behavior and adjust my strategy accordingly. If I win, I will make a profit of $36 - $14 = $22. If I lose, I will not incur any loss. This is a conservative approach, but it will give me valuable information for future rounds."
0,Bidder David,19,10.0,False,14.0,0,third_price_ipv_gemini,V10,meta-llama/Meta-Llama-3-8B-Instruct,deep_infra,0.5,5,1,seal,third,private,0.1,1299,private_third_price.txt,2026-02-08_00-41-04-534831,00-52-50-897606,"Since this is the first round, there is no historical data to learn from. I will start by bidding a moderate amount, taking into account the value of the prize. My value for the prize is $19, so I would bid an amount that has a good chance of winning, but not so high that it exceeds my value. I will bid $10, which is a reasonable starting point and allows me to gauge the competition."
0,Bidder Ethel,20,21.0,False,14.0,0,third_price_ipv_gemini,V10,meta-llama/Meta-Llama-3-8B-Instruct,deep_infra,0.5,5,1,seal,third,private,0.1,1299,private_third_price.txt,2026-02-08_00-41-04-534831,00-52-50-897606,"Since this is the first round, I don't have any historical data to rely on. However, I'll adopt a conservative approach to maximize my profit in the long run. I'll start by bidding a moderate amount, slightly above the expected value of the prize. This will allow me to have a good chance of winning without overpaying. I'll also keep an eye on the bids from other players to adjust my strategy accordingly. My goal is to win the prize at a reasonable cost, ensuring a positive earnings increase."
0,Bidder Andy,4,4.0,False,4.1,0,third_price_ipv_gemini,V10,meta-llama/Meta-Llama-3-8B-Instruct,deep_infra,0.5,5,1,seal,third,private,0.1,1299,private_third_price.txt,2026-02-08_00-41-04-534831,00-53-03-047919,"Since this is the first round, I don't have any historical data to rely on. However, I will take a conservative approach and bid a moderate amount to increase my chances of winning. Since my private value is $4, I will bid $0.4, which is a small increment from $0.0. This bid is low enough to be competitive, yet high enough to give me a chance of winning. If I win, I will pay the third-highest bid, which is likely to be around $0.1 or $0.2. If I lose, my earnings will remain unchanged. This strategy aims to maximize my expected profit in the long run."
0,Bidder Betty,23,4.1,False,4.1,0,third_price_ipv_gemini,V10,meta-llama/Meta-Llama-3-8B-Instruct,deep_infra,0.5,5,1,seal,third,private,0.1,1299,private_third_price.txt,2026-02-08_00-41-04-534831,00-53-03-047919,"Since this is the first round and we don't have any historical data, I will adopt a conservative approach. I will start with a moderate bid of $4.10, which is slightly above the midpoint of the possible values. This will give me a good chance of winning without overpaying. If I win, I will pay the third-highest bid, which is likely to be around $2-3. If I don't win, my earnings will remain unchanged. This strategy aims to maximize my expected profit in the long run."
0,Bidder Charles,32,15.0,True,4.1,27.9,third_price_ipv_gemini,V10,meta-llama/Meta-Llama-3-8B-Instruct,deep_infra,0.5,5,1,seal,third,private,0.1,1299,private_third_price.txt,2026-02-08_00-41-04-534831,00-53-03-047919,"Since this is the first round, there is no historical data to consider. Given my private value of $32, I will bid aggressively to maximize my chances of winning. I will start with a bid of $15, which is a relatively low bid that still allows me to have a high chance of winning. I will observe the other bidders' bids and adjust my strategy accordingly. If the bidding gets fierce, I may need to bid higher to stay competitive. My goal is to win the auction and pay the third-highest bid, which could be as low as $5. This strategy should give me a decent chance of maximizing my profit."
0,Bidder David,27,14.0,False,4.1,0,third_price_ipv_gemini,V10,meta-llama/Meta-Llama-3-8B-Instruct,deep_infra,0.5,5,1,seal,third,private,0.1,1299,private_third_price.txt,2026-02-08_00-41-04-534831,00-53-03-047919,"Since this is the first round, I don't have any historical data to learn from. However, I will start by bidding a moderate amount to gauge the competition. I will bid $14, which is slightly above the midpoint of the possible bid range ($0 to $49). This should give me a good chance of winning without overpaying. If I win, I will pay the third-highest bid, which is likely to be around $7-10. If I don't win, I will pay nothing."
0,Bidder Ethel,14,2.0,False,4.1,0,third_price_ipv_gemini,V10,meta-llama/Meta-Llama-3-8B-Instruct,deep_infra,0.5,5,1,seal,third,private,0.1,1299,private_third_price.txt,2026-02-08_00-41-04-534831,00-53-03-047919,"Since this is the first round, I don't have any historical data to rely on. However, I will start by bidding conservatively, as I'm not sure what the other bidders will do. I will bid $2, which is a relatively low amount to start with. This will give me a chance to observe the bids of the other players and adjust my strategy accordingly in future rounds. If I win, I will pay $0, and if I lose, I will pay nothing. This strategy minimizes my risk and allows me to learn more about the other bidders' behavior."
0,Bidder Andy,21,5.0,False,5.0,0,third_price_ipv_gemini,V10,meta-llama/Meta-Llama-3-8B-Instruct,deep_infra,0.5,5,1,seal,third,private,0.1,1299,private_third_price.txt,2026-02-08_00-41-04-534831,00-53-16-271013,"Since this is the first round, I'll start by bidding a moderate amount to gauge the competition. Given my value is $21, I'll bid $5 to ensure I have a chance of winning. I'll also keep an eye on the other bidders' bids to adjust my strategy for the next round, if any. As this is the only round, I'll prioritize maximizing my profit by bidding just above the threshold to win, while keeping in mind the potential third-highest bid."
0,Bidder Betty,22,10.0,True,5.0,17.0,third_price_ipv_gemini,V10,meta-llama/Meta-Llama-3-8B-Instruct,deep_infra,0.5,5,1,seal,third,private,0.1,1299,private_third_price.txt,2026-02-08_00-41-04-534831,00-53-16-271013,"Since this is the first round, I will start by bidding a moderate amount to get a sense of the competition. Given my value for the prize is $22, I will bid $10. This is a relatively low bid, but it's high enough to show my interest in the prize. I will also keep an eye on the other bidders' behavior and adjust my strategy accordingly. If I win, I will pay the third-highest bid, and if I lose, I will wait for the next round to reassess my strategy."
0,Bidder Charles,13,4.0,False,5.0,0,third_price_ipv_gemini,V10,meta-llama/Meta-Llama-3-8B-Instruct,deep_infra,0.5,5,1,seal,third,private,0.1,1299,private_third_price.txt,2026-02-08_00-41-04-534831,00-53-16-271013,"Since this is the first round, I'll start by bidding conservatively, taking into account the random nature of the values. I'll bid a moderate amount, $4, to test the waters and gauge the competition. This will also give me a chance to observe the other bidders' strategies. If I win, I'll pay a relatively low price, and if I lose, I won't incur significant losses. This approach will allow me to adapt to the situation and refine my strategy for future rounds."
0,Bidder David,15,5.0,False,5.0,0,third_price_ipv_gemini,V10,meta-llama/Meta-Llama-3-8B-Instruct,deep_infra,0.5,5,1,seal,third,private,0.1,1299,private_third_price.txt,2026-02-08_00-41-04-534831,00-53-16-271013,"Since this is the first round, I don't have any historical data to rely on. However, I will start by bidding a moderate amount to gauge the competition. Given that my private value is $15, I will bid $5, which is a reasonable starting point. This bid is low enough to be competitive, yet high enough to give me a good chance of winning. I will also keep an eye on the other bidders' behavior to adjust my strategy accordingly in subsequent rounds."
0,Bidder Ethel,11,1.1,False,5.0,0,third_price_ipv_gemini,V10,meta-llama/Meta-Llama-3-8B-Instruct,deep_infra,0.5,5,1,seal,third,private,0.1,1299,private_third_price.txt,2026-02-08_00-41-04-534831,00-53-16-271013,"Since this is the first round, I'll start by bidding a moderate amount to gauge the competition. Given my private value of $11, I'll bid $1.10 to ensure I have a good chance of winning. I'll also keep in mind that the values are redrawn independently each round, so there's no history to learn from. My goal is to maximize my profit in the long run, so I'll aim for a balanced bid that doesn't overcommit me."
0,Bidder Andy,26,13.0,False,15.0,0,third_price_ipv_gemini,V10,meta-llama/Meta-Llama-3-8B-Instruct,deep_infra,0.5,5,1,seal,third,private,0.1,1299,private_third_price.txt,2026-02-08_00-41-04-534831,00-53-28-413799,"Since this is the first round, I don't have any historical data to rely on. However, I will start by bidding a moderate amount to gauge the competition. Given my private value of $26, I will bid $13, which is below my value but still competitive. This will allow me to observe the other bidders' strategies and adjust my bidding accordingly in future rounds."
0,Bidder Betty,31,20.0,False,15.0,0,third_price_ipv_gemini,V10,meta-llama/Meta-Llama-3-8B-Instruct,deep_infra,0.5,5,1,seal,third,private,0.1,1299,private_third_price.txt,2026-02-08_00-41-04-534831,00-53-28-413799,"As this is the first round, I will start by bidding a moderate amount to gauge the competition. Since my private value is $31, I will bid $20, which is below my value but still a decent starting point. This will allow me to observe the other bidders' strategies and adjust accordingly. I will also keep in mind that the values are redrawn independently each round, so I won't overcommit to a specific bid amount."
0,Bidder Charles,24,4.1,False,15.0,0,third_price_ipv_gemini,V10,meta-llama/Meta-Llama-3-8B-Instruct,deep_infra,0.5,5,1,seal,third,private,0.1,1299,private_third_price.txt,2026-02-08_00-41-04-534831,00-53-28-413799,"Since this is the first round, I will start by bidding a moderate amount to gauge the competition. Given my private value of $24, I will bid $4.10, which is slightly above the midpoint of the possible range ($0.1 to $24.9). This will allow me to observe the bidding behavior of the other players and adjust my strategy accordingly. If I win, I will pay the third-highest bid, which is likely to be around $2-$3. If I don't win, my earnings will remain unchanged. I will continue to monitor the bidding and adjust my strategy in subsequent rounds based on the feedback I receive."
0,Bidder David,14,15.0,False,15.0,0,third_price_ipv_gemini,V10,meta-llama/Meta-Llama-3-8B-Instruct,deep_infra,0.5,5,1,seal,third,private,0.1,1299,private_third_price.txt,2026-02-08_00-41-04-534831,00-53-28-413799,"Since this is the first round, I don't have any historical data to inform my bidding strategy. However, I will adopt a conservative approach, bidding slightly above the expected value to increase my chances of winning. Given my value for the prize is $14, I will bid $1.50, which is slightly above the expected value. This will allow me to win the prize while minimizing my potential loss."
0,Bidder Ethel,37,30.0,True,15.0,22.0,third_price_ipv_gemini,V10,meta-llama/Meta-Llama-3-8B-Instruct,deep_infra,0.5,5,1,seal,third,private,0.1,1299,private_third_price.txt,2026-02-08_00-41-04-534831,00-53-28-413799,"Since this is the first round, there is no history to consider. I will start by bidding a moderate amount to gauge the competition. Given my private value of $37, I will bid $30, which is slightly below my value but still competitive. This will allow me to observe the other bidders' behavior and adjust my strategy accordingly in future rounds."
0,Bidder Andy,6,0.6,False,10.0,0,third_price_ipv_gemini,V10,meta-llama/Meta-Llama-3-8B-Instruct,deep_infra,0.5,5,1,seal,third,private,0.1,1299,private_third_price.txt,2026-02-08_00-41-04-534831,00-53-40-536571,"Since this is the first round, I don't have any historical data to inform my decision. However, I'll start by bidding a moderate amount to gauge the competition. Given my private value is $6, I'll bid $0.6 (6 cents) as a starting point. This will allow me to observe the other bidders' behavior and adjust my strategy accordingly in subsequent rounds. I'll also keep in mind that the third-highest bid will be the payment amount if I win, so I'll aim to bid slightly higher than that to increase my chances of winning."
0,Bidder Betty,40,10.0,False,10.0,0,third_price_ipv_gemini,V10,meta-llama/Meta-Llama-3-8B-Instruct,deep_infra,0.5,5,1,seal,third,private,0.1,1299,private_third_price.txt,2026-02-08_00-41-04-534831,00-53-40-536571,"Since this is the first round, I'll start by bidding a moderate amount to gauge the competition. Given my private value of $40, I'll aim to win the auction while keeping the third-highest bid relatively low. I'll start by bidding $10, which is below the average value of $25. This will allow me to observe the other bidders' strategies and adjust my bid accordingly in future rounds."
0,Bidder Charles,28,30.0,True,10.0,18.0,third_price_ipv_gemini,V10,meta-llama/Meta-Llama-3-8B-Instruct,deep_infra,0.5,5,1,seal,third,private,0.1,1299,private_third_price.txt,2026-02-08_00-41-04-534831,00-53-40-536571,"Since this is the first round, there is no history to learn from. I will adopt a conservative approach to maximize my profit. I will bid a value that is slightly higher than my private value to increase the chances of winning, but not so high as to risk losing if someone else bids even higher. Given my private value of $28, I will bid $30, which is a reasonable and cautious starting point."
0,Bidder David,33,5.0,False,10.0,0,third_price_ipv_gemini,V10,meta-llama/Meta-Llama-3-8B-Instruct,deep_infra,0.5,5,1,seal,third,private,0.1,1299,private_third_price.txt,2026-02-08_00-41-04-534831,00-53-40-536571,"Since this is the first round, I will start by bidding a moderate amount to gain information about the other bidders' values. Since my private value is $33, I will bid $5, which is a relatively low bid that is likely to be beaten by at least one other bidder. This will give me an idea of the other bidders' values and allow me to adjust my bidding strategy accordingly in subsequent rounds. I will also keep in mind that the values are redrawn independently each round, so I cannot make any assumptions about the other bidders' values based on this round."
0,Bidder Ethel,39,10.0,False,10.0,0,third_price_ipv_gemini,V10,meta-llama/Meta-Llama-3-8B-Instruct,deep_infra,0.5,5,1,seal,third,private,0.1,1299,private_third_price.txt,2026-02-08_00-41-04-534831,00-53-40-536571,"Since this is the first round, I will start by bidding a moderate amount to gauge the competition. Given my private value of $39, I will bid $10, which is a relatively low bid. This will allow me to observe the other bidders' behavior and adjust my strategy accordingly. I will also keep in mind that the third-highest bid will be the payment amount if I win, so I'll aim to bid just above the expected competition."
0,Bidder Andy,19,10.0,False,8.0,0,third_price_ipv_gemini,V10,meta-llama/Meta-Llama-3-8B-Instruct,deep_infra,0.5,5,1,seal,third,private,0.1,1299,private_third_price.txt,2026-02-08_00-41-04-534831,00-53-52-281270,"Since this is the first round, I'll start by bidding a moderate amount to get a sense of the competition. Given my private value of $19, I'll bid $10, which is a reasonable starting point. I'll also pay attention to the other bidders' bids to adjust my strategy accordingly. If the bidding gets intense, I may need to bid higher to win, but for now, I'll aim for a mid-range bid to maximize my chances of winning while keeping my costs low."
0,Bidder Betty,44,4.4,False,8.0,0,third_price_ipv_gemini,V10,meta-llama/Meta-Llama-3-8B-Instruct,deep_infra,0.5,5,1,seal,third,private,0.1,1299,private_third_price.txt,2026-02-08_00-41-04-534831,00-53-52-281270,"Since this is the first round, I don't have any historical data to inform my bidding strategy. I will start by bidding a moderate amount, taking into account the possibility of other bidders also bidding similarly. Given my private value of $44, I will bid $4.4, which is a reasonable starting point. This allows me to gauge the competition and adjust my bid accordingly in subsequent rounds."
0,Bidder Charles,43,43.0,True,8.0,35.0,third_price_ipv_gemini,V10,meta-llama/Meta-Llama-3-8B-Instruct,deep_infra,0.5,5,1,seal,third,private,0.1,1299,private_third_price.txt,2026-02-08_00-41-04-534831,00-53-52-281270,"Since this is the first round, I will start with a conservative approach. I will bid $4.3, which is slightly above the midpoint of my value ($43). This will give me a good chance of winning the auction while minimizing my potential loss. I will also keep an eye on the other bidders' bids to adjust my strategy accordingly. If I win, I will pay the third-highest bid, which will be at most $4.3. If I don't win, my earnings will remain unchanged."
0,Bidder David,8,8.0,False,8.0,0,third_price_ipv_gemini,V10,meta-llama/Meta-Llama-3-8B-Instruct,deep_infra,0.5,5,1,seal,third,private,0.1,1299,private_third_price.txt,2026-02-08_00-41-04-534831,00-53-52-281270,"Since this is the first round, I don't have any historical data to rely on. However, I'll start with a conservative approach. Given my private value is $8, I'll bid $0.8 (closest bid to my value) to minimize the risk of losing and incurring a penalty. I'll also keep an eye on the other bidders' behavior to adjust my strategy for future rounds."
0,Bidder Ethel,44,4.4,False,8.0,0,third_price_ipv_gemini,V10,meta-llama/Meta-Llama-3-8B-Instruct,deep_infra,0.5,5,1,seal,third,private,0.1,1299,private_third_price.txt,2026-02-08_00-41-04-534831,00-53-52-281270,"Since this is the first round, I don't have any historical data to inform my bidding strategy. However, I will start by bidding a moderate amount, taking into account my private value of $44. I will bid $4.4, which is slightly above the midpoint of my private value. This will give me a good chance of winning while minimizing my potential loss if I don't win. I will also keep an eye on the other bidders' bids to adjust my strategy accordingly."
0,Bidder Andy,31,14.0,False,10.0,0,third_price_ipv_gemini,V10,meta-llama/Meta-Llama-3-8B-Instruct,deep_infra,0.5,5,1,seal,third,private,0.1,1299,private_third_price.txt,2026-02-08_00-41-04-534831,00-54-04-607133,"Since this is the first round, I don't have any historical data to inform my bidding strategy. However, I'll adopt a cautious approach to maximize my expected profit. I'll start by bidding a moderate amount, $14, which is slightly higher than the expected average value of the prize. This bid is likely to be competitive, but not too aggressive, allowing me to gauge the other bidders' behavior and adjust my strategy accordingly."
0,Bidder Betty,46,4.1,False,10.0,0,third_price_ipv_gemini,V10,meta-llama/Meta-Llama-3-8B-Instruct,deep_infra,0.5,5,1,seal,third,private,0.1,1299,private_third_price.txt,2026-02-08_00-41-04-534831,00-54-04-607133,"Since this is the first round, I'll start by bidding conservatively to get a sense of the competition. I'll bid $4.10, which is low enough to be competitive but not so high that I risk losing. This will also give me an idea of the other bidders' strategies. I'll observe their bids and adjust my strategy accordingly in the next round. If I win, I'll pay the third-highest bid, which will likely be around $4-$5. If I lose, I'll save my bid for the next round."
0,Bidder Charles,35,10.0,False,10.0,0,third_price_ipv_gemini,V10,meta-llama/Meta-Llama-3-8B-Instruct,deep_infra,0.5,5,1,seal,third,private,0.1,1299,private_third_price.txt,2026-02-08_00-41-04-534831,00-54-04-607133,"Since this is the first round, there is no history to learn from. I will start by bidding a moderate amount, taking into account my private value of $35. I will bid $10, which is a reasonable starting point. This allows me to stay in the game while not committing too much early on. I will also keep an eye on the other bidders' behavior and adjust my strategy accordingly in subsequent rounds."
0,Bidder David,14,15.0,True,10.0,4.0,third_price_ipv_gemini,V10,meta-llama/Meta-Llama-3-8B-Instruct,deep_infra,0.5,5,1,seal,third,private,0.1,1299,private_third_price.txt,2026-02-08_00-41-04-534831,00-54-04-607133,"Since this is the first round, I don't have any historical data to inform my bidding strategy. However, I will adopt a conservative approach, bidding slightly above the expected value to increase my chances of winning. Given my value for the prize is $14, I will bid $1.50, which is slightly above the expected value. This will allow me to win the prize while minimizing my potential loss."
0,Bidder Ethel,2,1.1,False,10.0,0,third_price_ipv_gemini,V10,meta-llama/Meta-Llama-3-8B-Instruct,deep_infra,0.5,5,1,seal,third,private,0.1,1299,private_third_price.txt,2026-02-08_00-41-04-534831,00-54-04-607133,"Since this is the first round, I'll focus on getting a sense of the other bidders' strategies. I'll start with a relatively low bid to gauge the competition. Since my value is $2, I'll aim to win the auction while keeping the third-highest bid as low as possible. I'll bid $1.1, which is a good starting point. If I win, I'll pay $0.1, and if I don't, my earnings remain unchanged. This bid also leaves room for me to adjust in future rounds based on the competition."
0,Bidder Andy,24,10.0,False,4.0,0,third_price_ipv_gemini,V10,meta-llama/Meta-Llama-3-8B-Instruct,deep_infra,0.5,5,1,seal,third,private,0.1,1299,private_third_price.txt,2026-02-08_00-41-04-534831,00-54-17-300088,"Since this is the first round, I'll start by bidding a moderate amount to gauge the competition. Given my private value of $24, I'll bid $10, which is a reasonable starting point. This bid is not too high to risk losing, but not too low to give away the prize. I'll observe the other bidders' behavior and adjust my strategy accordingly in the next round. My primary goal is to maximize my profit in the long run, so I'll focus on learning from this round and adapting to the others' moves."
0,Bidder Betty,9,0.1,False,4.0,0,third_price_ipv_gemini,V10,meta-llama/Meta-Llama-3-8B-Instruct,deep_infra,0.5,5,1,seal,third,private,0.1,1299,private_third_price.txt,2026-02-08_00-41-04-534831,00-54-17-300088,"Since this is the first round, we don't have any historical data to inform our bidding strategy. However, we can still make an educated decision based on the fact that our private value is $9. We want to maximize our profit, which means we should aim to win the auction while keeping our bid as low as possible. Given that bids must be in $0.1 increments, we can start with a bid of $0.1, which is the lowest possible bid. This way, we have a chance to win the auction and pay a low third-highest bid. If we don't win, our earnings will remain unchanged."
0,Bidder Charles,13,4.0,False,4.0,0,third_price_ipv_gemini,V10,meta-llama/Meta-Llama-3-8B-Instruct,deep_infra,0.5,5,1,seal,third,private,0.1,1299,private_third_price.txt,2026-02-08_00-41-04-534831,00-54-17-300088,"Since this is the first round, I'll start by bidding conservatively, taking into account the random nature of the values. I'll bid a moderate amount, $4, to test the waters and gauge the competition. This will also give me a chance to observe the other bidders' strategies. If I win, I'll pay a relatively low price, and if I lose, I won't incur significant losses. This approach will allow me to adapt to the situation and refine my strategy for future rounds."
0,Bidder David,29,14.9,True,4.0,25.0,third_price_ipv_gemini,V10,meta-llama/Meta-Llama-3-8B-Instruct,deep_infra,0.5,5,1,seal,third,private,0.1,1299,private_third_price.txt,2026-02-08_00-41-04-534831,00-54-17-300088,"Since this is the first round, I don't have any historical data to learn from. However, I'll adopt a conservative approach to maximize my expected profit. I'll start by bidding a moderate amount, taking into account the private value of $29. I'll bid $14.9, which is slightly above the midpoint of the possible bid range ($0.1 to $49). This bid is likely to be competitive, but not too aggressive, allowing me to win the prize without overpaying."
0,Bidder Ethel,14,2.0,False,4.0,0,third_price_ipv_gemini,V10,meta-llama/Meta-Llama-3-8B-Instruct,deep_infra,0.5,5,1,seal,third,private,0.1,1299,private_third_price.txt,2026-02-08_00-41-04-534831,00-54-17-300088,"Since this is the first round, I don't have any historical data to rely on. However, I will start by bidding conservatively, as I'm not sure what the other bidders will do. I will bid $2, which is a relatively low amount to start with. This will give me a chance to observe the bids of the other players and adjust my strategy accordingly in future rounds. If I win, I will pay $0, and if I lose, I will pay nothing. This strategy minimizes my risk and allows me to learn more about the other bidders' behavior."
