round,player_name,player_value,bid,is_winner,final_price,profit,experiment_name,version,model,service_name,temperature,number_agents,total_rounds,seal_clock,price_order,private_value,increment,seed_base,special_name,timestamp,repetition_id,plan
0,Bidder Andy,20,15.0,False,15.0,0,spsb_ipv_llama,V10,meta-llama/Meta-Llama-3-8B-Instruct,deep_infra,0.5,3,1,seal,second,private,0.1,1299,private_second_price.txt,2026-01-11_21-10-27-646979,21-10-27-657351,"Since this is the first round, I'll start by bidding a moderate amount to gather information and test the competition. I'll bid $15, a value that's likely to be below the other bidders' values but still competitive enough to win. This will allow me to learn more about the other bidders' values and adjust my strategy accordingly in future rounds."
0,Bidder Betty,29,14.0,False,15.0,0,spsb_ipv_llama,V10,meta-llama/Meta-Llama-3-8B-Instruct,deep_infra,0.5,3,1,seal,second,private,0.1,1299,private_second_price.txt,2026-01-11_21-10-27-646979,21-10-27-657351,"Since this is the first round, I will start by bidding a moderate amount to gauge the competition. I will bid $14, which is slightly above the expected value of $10, but still relatively low. This will allow me to gather information about the other bidders' values and adjust my strategy accordingly."
0,Bidder Charles,45,20.0,True,15.0,30.0,spsb_ipv_llama,V10,meta-llama/Meta-Llama-3-8B-Instruct,deep_infra,0.5,3,1,seal,second,private,0.1,1299,private_second_price.txt,2026-01-11_21-10-27-646979,21-10-27-657351,"Since this is the first round, I'll start by bidding a moderate amount to gauge the competition. Given my private value of $45, I'll bid $20 to leave room for potential bidding wars. I'll also keep an eye on the other bidders' strategies to adjust my bidding accordingly."
0,Bidder Andy,23,10.0,False,10.0,0,spsb_ipv_llama,V10,meta-llama/Meta-Llama-3-8B-Instruct,deep_infra,0.5,3,1,seal,second,private,0.1,1299,private_second_price.txt,2026-01-11_21-10-27-646979,21-10-39-336798,"Since this is the first round, I'll start with a conservative bid to minimize losses. Considering my private value of $23, I'll bid $10 to maximize my chances of winning while keeping the second-highest bid low."
0,Bidder Betty,18,10.0,False,10.0,0,spsb_ipv_llama,V10,meta-llama/Meta-Llama-3-8B-Instruct,deep_infra,0.5,3,1,seal,second,private,0.1,1299,private_second_price.txt,2026-01-11_21-10-27-646979,21-10-39-336798,"As it's the first round, I'll start by bidding a moderate amount to gauge the competition. Since my private value is $18, I'll bid $10, which is below my value but still competitive. This will help me understand the other bidders' behavior and adjust my strategy accordingly."
0,Bidder Charles,25,15.0,True,10.0,15.0,spsb_ipv_llama,V10,meta-llama/Meta-Llama-3-8B-Instruct,deep_infra,0.5,3,1,seal,second,private,0.1,1299,private_second_price.txt,2026-01-11_21-10-27-646979,21-10-39-336798,"Since this is the first round, I'll start by bidding a moderate amount to gauge the competition. I'll bid $15, which is slightly above the midpoint of the possible bids. This will allow me to gather information about the other bidders' values while keeping my costs low. If I win, I'll aim to maximize my profit by bidding higher in subsequent rounds."
0,Bidder Andy,27,20.0,False,20.0,0,spsb_ipv_llama,V10,meta-llama/Meta-Llama-3-8B-Instruct,deep_infra,0.5,3,1,seal,second,private,0.1,1299,private_second_price.txt,2026-01-11_21-10-27-646979,21-10-50-079098,"Since this is the first round, I'll start by bidding a moderate amount to gauge the competition. Considering my private value is $27, I'll aim to bid slightly higher to increase my chances of winning. I'll start with a bid of $20, which is above the minimum but not too aggressive."
0,Bidder Betty,31,20.0,False,20.0,0,spsb_ipv_llama,V10,meta-llama/Meta-Llama-3-8B-Instruct,deep_infra,0.5,3,1,seal,second,private,0.1,1299,private_second_price.txt,2026-01-11_21-10-27-646979,21-10-50-079098,"Since this is the first round, I'll start by bidding a moderate amount to gauge the competition. Given my private value is $31, I'll bid $20 to ensure I have a chance to win while keeping my expected loss minimal. I'll observe the other bidders' moves and adjust my strategy accordingly in subsequent rounds."
0,Bidder Charles,20,24.0,True,20.0,0.0,spsb_ipv_llama,V10,meta-llama/Meta-Llama-3-8B-Instruct,deep_infra,0.5,3,1,seal,second,private,0.1,1299,private_second_price.txt,2026-01-11_21-10-27-646979,21-10-50-079098,"This is the first round, and I don't have any historical data to rely on. I will start with a conservative bid to minimize losses. Since my private value is $20, I will bid slightly above the midpoint, which is $24.5. I will round down to $24 to leave some room for improvement in future rounds."
0,Bidder Andy,30,20.0,True,19.0,11.0,spsb_ipv_llama,V10,meta-llama/Meta-Llama-3-8B-Instruct,deep_infra,0.5,3,1,seal,second,private,0.1,1299,private_second_price.txt,2026-01-11_21-10-27-646979,21-11-00-672401,"As the first round, my goal is to learn the opponents' bidding patterns. Since I don't have any historical data, I'll start with a conservative bid to minimize potential losses. I'll bid a moderate amount, $20, to gauge the opponents' reactions and gather information for future rounds."
0,Bidder Betty,7,3.1,False,19.0,0,spsb_ipv_llama,V10,meta-llama/Meta-Llama-3-8B-Instruct,deep_infra,0.5,3,1,seal,second,private,0.1,1299,private_second_price.txt,2026-01-11_21-10-27-646979,21-11-00-672401,"Since it's the first round, I'll start by bidding a moderate amount to gauge the competition. Considering my value is $7, I'll bid $3.10, which is slightly above the minimum bid but not too aggressive. This will give me an idea of the other bidders' strategies and allow me to adjust for future rounds."
0,Bidder Charles,36,19.0,False,19.0,0,spsb_ipv_llama,V10,meta-llama/Meta-Llama-3-8B-Instruct,deep_infra,0.5,3,1,seal,second,private,0.1,1299,private_second_price.txt,2026-01-11_21-10-27-646979,21-11-00-672401,"Since this is the first round, I will start by bidding a moderate amount, taking into account the uncertainty of the other bidders' values. I will bid $19, which is a reasonable starting point and allows me to learn more about the other bidders' strategies in the next round."
0,Bidder Andy,23,10.0,False,10.0,0,spsb_ipv_llama,V10,meta-llama/Meta-Llama-3-8B-Instruct,deep_infra,0.5,3,1,seal,second,private,0.1,1299,private_second_price.txt,2026-01-11_21-10-27-646979,21-11-11-289802,"Since this is the first round, I'll start with a conservative bid to minimize losses. Considering my private value of $23, I'll bid $10 to maximize my chances of winning while keeping the second-highest bid low."
0,Bidder Betty,18,10.0,False,10.0,0,spsb_ipv_llama,V10,meta-llama/Meta-Llama-3-8B-Instruct,deep_infra,0.5,3,1,seal,second,private,0.1,1299,private_second_price.txt,2026-01-11_21-10-27-646979,21-11-11-289802,"As it's the first round, I'll start by bidding a moderate amount to gauge the competition. Since my private value is $18, I'll bid $10, which is below my value but still competitive. This will help me understand the other bidders' behavior and adjust my strategy accordingly."
0,Bidder Charles,39,20.0,True,10.0,29.0,spsb_ipv_llama,V10,meta-llama/Meta-Llama-3-8B-Instruct,deep_infra,0.5,3,1,seal,second,private,0.1,1299,private_second_price.txt,2026-01-11_21-10-27-646979,21-11-11-289802,"Since it's the first round, I'll start by bidding a moderate amount to gauge the competition. I'll bid $20, which is low enough to have a good chance of winning, but not so low that I'll lose to the other bidders. I'll observe the bids and adjust my strategy accordingly in future rounds."
0,Bidder Andy,25,10.0,False,15.0,0,spsb_ipv_llama,V10,meta-llama/Meta-Llama-3-8B-Instruct,deep_infra,0.5,3,1,seal,second,private,0.1,1299,private_second_price.txt,2026-01-11_21-10-27-646979,21-11-21-934226,"Since this is the first round, I will start with a conservative bid to gauge the competition. I will bid $10, which is below my private value, to minimize losses if I don't win. If I win, I will increase my earnings by $25, and if I lose, I will remain unchanged."
0,Bidder Betty,17,15.0,False,15.0,0,spsb_ipv_llama,V10,meta-llama/Meta-Llama-3-8B-Instruct,deep_infra,0.5,3,1,seal,second,private,0.1,1299,private_second_price.txt,2026-01-11_21-10-27-646979,21-11-21-934226,"As it's the first round, I'll start by bidding a moderate amount to gauge the competition. Considering my private value is $17, I'll bid $15 to leave room for future adjustments. This bid is likely to be low enough to win if no one else bids high, but high enough to make it challenging for others to outbid me."
0,Bidder Charles,39,20.0,True,15.0,24.0,spsb_ipv_llama,V10,meta-llama/Meta-Llama-3-8B-Instruct,deep_infra,0.5,3,1,seal,second,private,0.1,1299,private_second_price.txt,2026-01-11_21-10-27-646979,21-11-21-934226,"Since it's the first round, I'll start by bidding a moderate amount to gauge the competition. I'll bid $20, which is low enough to have a good chance of winning, but not so low that I'll lose to the other bidders. I'll observe the bids and adjust my strategy accordingly in future rounds."
0,Bidder Andy,10,1.0,False,15.0,0,spsb_ipv_llama,V10,meta-llama/Meta-Llama-3-8B-Instruct,deep_infra,0.5,3,1,seal,second,private,0.1,1299,private_second_price.txt,2026-01-11_21-10-27-646979,21-11-32-984422,"As the first round, I'll bid conservatively to learn more about the other bidders' strategies. Since my value is $10, I'll bid $1 to minimize potential losses and maximize potential gains. I'll observe the other bidders' bids to adjust my strategy for the next round."
0,Bidder Betty,30,15.0,False,15.0,0,spsb_ipv_llama,V10,meta-llama/Meta-Llama-3-8B-Instruct,deep_infra,0.5,3,1,seal,second,private,0.1,1299,private_second_price.txt,2026-01-11_21-10-27-646979,21-11-32-984422,"Since this is the first round, I will start by bidding a moderate amount to gather information about the other bidders. I will bid $15, which is a relatively low bid that is likely to be below the other bidders' values. This will allow me to learn more about the competition and adjust my strategy accordingly in subsequent rounds."
0,Bidder Charles,25,15.0,True,15.0,10.0,spsb_ipv_llama,V10,meta-llama/Meta-Llama-3-8B-Instruct,deep_infra,0.5,3,1,seal,second,private,0.1,1299,private_second_price.txt,2026-01-11_21-10-27-646979,21-11-32-984422,"Since this is the first round, I'll start by bidding a moderate amount to gauge the competition. I'll bid $15, which is slightly above the midpoint of the possible bids. This will allow me to gather information about the other bidders' values while keeping my costs low. If I win, I'll aim to maximize my profit by bidding higher in subsequent rounds."
0,Bidder Andy,30,20.0,False,20.0,0,spsb_ipv_llama,V10,meta-llama/Meta-Llama-3-8B-Instruct,deep_infra,0.5,3,1,seal,second,private,0.1,1299,private_second_price.txt,2026-01-11_21-10-27-646979,21-11-43-567072,"As the first round, my goal is to learn the opponents' bidding patterns. Since I don't have any historical data, I'll start with a conservative bid to minimize potential losses. I'll bid a moderate amount, $20, to gauge the opponents' reactions and gather information for future rounds."
0,Bidder Betty,35,31.0,True,20.0,15.0,spsb_ipv_llama,V10,meta-llama/Meta-Llama-3-8B-Instruct,deep_infra,0.5,3,1,seal,second,private,0.1,1299,private_second_price.txt,2026-01-11_21-10-27-646979,21-11-43-567072,"Since this is the first round, I'll start by bidding aggressively to maximize my chances of winning. I'll bid a moderate amount, taking into account my private value of $35, to balance the risk of losing with the potential reward of winning. I'll aim for a bid that is likely to be higher than the other bidders' bids."
0,Bidder Charles,6,4.1,False,20.0,0,spsb_ipv_llama,V10,meta-llama/Meta-Llama-3-8B-Instruct,deep_infra,0.5,3,1,seal,second,private,0.1,1299,private_second_price.txt,2026-01-11_21-10-27-646979,21-11-43-567072,"Since this is the first round, I'll start by bidding a moderate amount to gauge the competition. Given my private value of $6, I'll bid $4.10, which is slightly above the minimum bid but not too aggressive. This will allow me to get a sense of the other bidders' behavior and adjust my strategy accordingly."
0,Bidder Andy,36,20.0,True,20.0,16.0,spsb_ipv_llama,V10,meta-llama/Meta-Llama-3-8B-Instruct,deep_infra,0.5,3,1,seal,second,private,0.1,1299,private_second_price.txt,2026-01-11_21-10-27-646979,21-12-04-919529,"As this is the first round, I will start by bidding a moderate amount to gather information about the other bidders. Since my private value is $36, I will bid $20 to leave room for potential bidding wars."
0,Bidder Betty,8,4.1,False,20.0,0,spsb_ipv_llama,V10,meta-llama/Meta-Llama-3-8B-Instruct,deep_infra,0.5,3,1,seal,second,private,0.1,1299,private_second_price.txt,2026-01-11_21-10-27-646979,21-12-04-919529,"As this is the first round, I'll employ a conservative strategy to minimize potential losses. Given my private value of $8, I'll bid $4.10, which is slightly above the minimum bid but leaves room for improvement in future rounds. I'll observe the other bidders' strategies and adjust my bidding accordingly."
0,Bidder Charles,44,20.0,False,20.0,0,spsb_ipv_llama,V10,meta-llama/Meta-Llama-3-8B-Instruct,deep_infra,0.5,3,1,seal,second,private,0.1,1299,private_second_price.txt,2026-01-11_21-10-27-646979,21-12-04-919529,"Since this is the first round, I will start by bidding conservatively, taking into account the unpredictability of the values. I will bid $20, which is a moderate amount that should be competitive but not too high. This will allow me to gauge the other bidders' strategies and adjust my approach accordingly."
0,Bidder Andy,31,20.0,False,20.0,0,spsb_ipv_llama,V10,meta-llama/Meta-Llama-3-8B-Instruct,deep_infra,0.5,3,1,seal,second,private,0.1,1299,private_second_price.txt,2026-01-11_21-10-27-646979,21-12-15-568057,"Since this is the first round, I will start by bidding a moderate amount to gauge the competition. I will bid $20, which is higher than the minimum but lower than the maximum. This will give me a good starting point to adjust my strategy in subsequent rounds if needed."
0,Bidder Betty,37,20.0,True,20.0,17.0,spsb_ipv_llama,V10,meta-llama/Meta-Llama-3-8B-Instruct,deep_infra,0.5,3,1,seal,second,private,0.1,1299,private_second_price.txt,2026-01-11_21-10-27-646979,21-12-15-568057,"Given my private value of $37, I will bid a value that maximizes my profit. Since this is the first round, I don't have any historical data to rely on. I will start by bidding a moderate value, $20, to gauge the competition. This bid is high enough to potentially win, but low enough to minimize losses if I don't win."
0,Bidder Charles,11,5.0,False,20.0,0,spsb_ipv_llama,V10,meta-llama/Meta-Llama-3-8B-Instruct,deep_infra,0.5,3,1,seal,second,private,0.1,1299,private_second_price.txt,2026-01-11_21-10-27-646979,21-12-15-568057,"As the first round, I will bid conservatively to learn more about the other bidders' strategies. Since my private value is $11, I will bid $5 to minimize the risk of losing and to gather information for future rounds. I will also keep an eye on the other bidders' bids to adjust my strategy accordingly."
0,Bidder Andy,31,20.0,False,20.0,0,spsb_ipv_llama,V10,meta-llama/Meta-Llama-3-8B-Instruct,deep_infra,0.5,3,1,seal,second,private,0.1,1299,private_second_price.txt,2026-01-11_21-10-27-646979,21-12-26-394367,"Since this is the first round, I will start by bidding a moderate amount to gauge the competition. I will bid $20, which is higher than the minimum but lower than the maximum. This will give me a good starting point to adjust my strategy in subsequent rounds if needed."
0,Bidder Betty,31,20.0,False,20.0,0,spsb_ipv_llama,V10,meta-llama/Meta-Llama-3-8B-Instruct,deep_infra,0.5,3,1,seal,second,private,0.1,1299,private_second_price.txt,2026-01-11_21-10-27-646979,21-12-26-394367,"Since this is the first round, I'll start by bidding a moderate amount to gauge the competition. Given my private value is $31, I'll bid $20 to ensure I have a chance to win while keeping my expected loss minimal. I'll observe the other bidders' moves and adjust my strategy accordingly in subsequent rounds."
0,Bidder Charles,46,25.0,True,20.0,26.0,spsb_ipv_llama,V10,meta-llama/Meta-Llama-3-8B-Instruct,deep_infra,0.5,3,1,seal,second,private,0.1,1299,private_second_price.txt,2026-01-11_21-10-27-646979,21-12-26-394367,"As this is the first round, I'll adopt a conservative approach. Since my private value is $46, I'll bid slightly above the expected average value of $24.5. I'll aim to win the auction while keeping the second-highest bid low. I'll bid $25, hoping to maximize my long-term profit."
0,Bidder Andy,15,10.0,False,10.0,0,spsb_ipv_llama,V10,meta-llama/Meta-Llama-3-8B-Instruct,deep_infra,0.5,3,1,seal,second,private,0.1,1299,private_second_price.txt,2026-01-11_21-10-27-646979,21-12-37-047088,"Since it's the first round, I'll start by bidding a moderate amount to gauge the competition. Considering my private value is $15, I'll bid $10 to leave room for potential adjustments in future rounds. I'll also observe the bids of Bidder Betty and Bidder Charles to refine my strategy for the next round."
0,Bidder Betty,36,10.0,False,10.0,0,spsb_ipv_llama,V10,meta-llama/Meta-Llama-3-8B-Instruct,deep_infra,0.5,3,1,seal,second,private,0.1,1299,private_second_price.txt,2026-01-11_21-10-27-646979,21-12-37-047088,"Since this is the first round, I'll start with a conservative bid to minimize losses. I'll bid $10, which is a relatively low bid but still a decent chance to win. This will allow me to learn more about the other bidders' strategies and adjust my bid accordingly in the next round. If I win, I'll make a profit of $36 - $10 = $26."
0,Bidder Charles,42,20.0,True,10.0,32.0,spsb_ipv_llama,V10,meta-llama/Meta-Llama-3-8B-Instruct,deep_infra,0.5,3,1,seal,second,private,0.1,1299,private_second_price.txt,2026-01-11_21-10-27-646979,21-12-37-047088,"Since this is the first round, I will start by bidding a moderate amount to gauge the competition. Given my private value of $42, I will bid $20 to leave room for future adjustments. This bid is also close enough to the midpoint of the possible range to minimize the risk of overbidding."
0,Bidder Andy,9,24.9,True,24.0,-15.0,spsb_ipv_llama,V10,meta-llama/Meta-Llama-3-8B-Instruct,deep_infra,0.5,3,1,seal,second,private,0.1,1299,private_second_price.txt,2026-01-11_21-10-27-646979,21-12-47-767038,"Since it's the first round and I don't have any historical data to learn from, I'll start by bidding a moderate amount, slightly above the midpoint of the bid range. This will give me a good chance of winning while minimizing my potential loss if I don't win. I'll bid $24.90, which is 50% of the maximum bid range."
0,Bidder Betty,20,10.0,False,24.0,0,spsb_ipv_llama,V10,meta-llama/Meta-Llama-3-8B-Instruct,deep_infra,0.5,3,1,seal,second,private,0.1,1299,private_second_price.txt,2026-01-11_21-10-27-646979,21-12-47-767038,"Since this is the first round, I will start by bidding a moderate amount, considering my private value of $20. I will bid $10, which is a relatively low bid to gauge the competition and avoid overbidding."
0,Bidder Charles,20,24.0,False,24.0,0,spsb_ipv_llama,V10,meta-llama/Meta-Llama-3-8B-Instruct,deep_infra,0.5,3,1,seal,second,private,0.1,1299,private_second_price.txt,2026-01-11_21-10-27-646979,21-12-47-767038,"This is the first round, and I don't have any historical data to rely on. I will start with a conservative bid to minimize losses. Since my private value is $20, I will bid slightly above the midpoint, which is $24.5. I will round down to $24 to leave some room for improvement in future rounds."
0,Bidder Andy,35,22.5,False,22.5,0,spsb_ipv_llama,V10,meta-llama/Meta-Llama-3-8B-Instruct,deep_infra,0.5,3,1,seal,second,private,0.1,1299,private_second_price.txt,2026-01-11_21-10-27-646979,21-12-58-422974,"Since this is the first round, I'll start by bidding a moderate amount to gauge the competition. Given my private value of $35, I'll aim to bid slightly above the midpoint to increase my chances of winning. I'll bid $22.50, which is close to the midpoint of $0 to $49."
0,Bidder Betty,32,20.0,False,22.5,0,spsb_ipv_llama,V10,meta-llama/Meta-Llama-3-8B-Instruct,deep_infra,0.5,3,1,seal,second,private,0.1,1299,private_second_price.txt,2026-01-11_21-10-27-646979,21-12-58-422974,"Since this is the first round, I'll start by bidding a moderate amount to gauge the competition. I'll bid $20, which is slightly above the midpoint of the possible bids. This will allow me to observe the other bidders' behavior and adjust my strategy accordingly."
0,Bidder Charles,48,24.9,True,22.5,25.5,spsb_ipv_llama,V10,meta-llama/Meta-Llama-3-8B-Instruct,deep_infra,0.5,3,1,seal,second,private,0.1,1299,private_second_price.txt,2026-01-11_21-10-27-646979,21-12-58-422974,"As this is the first round, I'll start by bidding a moderate amount to gauge the competition. Since my private value is $48, I'll bid slightly below to minimize losses. I'll also keep an eye on Bidder Andy and Bidder Betty's bids to adjust my strategy accordingly. I'll aim for a bid that balances risk and potential profit."
0,Bidder Andy,39,23.0,True,14.0,25.0,spsb_ipv_llama,V10,meta-llama/Meta-Llama-3-8B-Instruct,deep_infra,0.5,3,1,seal,second,private,0.1,1299,private_second_price.txt,2026-01-11_21-10-27-646979,21-13-13-362890,"My plan is to bid strategically to maximize profit. Since this is the first round, I'll start by bidding a moderate amount, considering the private value of $39. I'll aim to win the prize without overpaying, taking into account the unknown bids from other players."
0,Bidder Betty,27,14.0,False,14.0,0,spsb_ipv_llama,V10,meta-llama/Meta-Llama-3-8B-Instruct,deep_infra,0.5,3,1,seal,second,private,0.1,1299,private_second_price.txt,2026-01-11_21-10-27-646979,21-13-13-362890,"Since this is the first round, I'll start by bidding a moderate amount to gauge the competition. Considering my private value is $27, I'll bid $14, which is slightly above the midpoint of the possible bids. This will allow me to observe the other bidders' behavior and adjust my strategy accordingly."
0,Bidder Charles,13,1.0,False,14.0,0,spsb_ipv_llama,V10,meta-llama/Meta-Llama-3-8B-Instruct,deep_infra,0.5,3,1,seal,second,private,0.1,1299,private_second_price.txt,2026-01-11_21-10-27-646979,21-13-13-362890,"Since this is the first round, I'll start by bidding conservatively to minimize losses. Given my private value is $13, I'll aim to win the auction while keeping the second-highest bid as low as possible. I'll bid $1, which is a relatively low starting point."
0,Bidder Andy,25,10.0,False,10.0,0,spsb_ipv_llama,V10,meta-llama/Meta-Llama-3-8B-Instruct,deep_infra,0.5,3,1,seal,second,private,0.1,1299,private_second_price.txt,2026-01-11_21-10-27-646979,21-13-24-089705,"Since this is the first round, I will start with a conservative bid to gauge the competition. I will bid $10, which is below my private value, to minimize losses if I don't win. If I win, I will increase my earnings by $25, and if I lose, I will remain unchanged."
0,Bidder Betty,3,0.3,False,10.0,0,spsb_ipv_llama,V10,meta-llama/Meta-Llama-3-8B-Instruct,deep_infra,0.5,3,1,seal,second,private,0.1,1299,private_second_price.txt,2026-01-11_21-10-27-646979,21-13-24-089705,"Since this is the first round, I'll start with a conservative bid to minimize potential losses. Given my private value is $3, I'll bid $0.3 to maximize potential profit. This bid is low enough to potentially win but not so low that I'll lose out to the other bidders. I'll observe their bids and adjust my strategy accordingly in subsequent rounds."
0,Bidder Charles,26,14.0,True,10.0,16.0,spsb_ipv_llama,V10,meta-llama/Meta-Llama-3-8B-Instruct,deep_infra,0.5,3,1,seal,second,private,0.1,1299,private_second_price.txt,2026-01-11_21-10-27-646979,21-13-24-089705,"Since this is the first round, I will start by bidding conservatively, aiming to learn more about the other bidders' behavior. I will bid $14, which is slightly above the expected value of $10. This will allow me to gauge the competition and adjust my strategy accordingly for the next round."
0,Bidder Andy,24,10.0,False,10.0,0,spsb_ipv_llama,V10,meta-llama/Meta-Llama-3-8B-Instruct,deep_infra,0.5,3,1,seal,second,private,0.1,1299,private_second_price.txt,2026-01-11_21-10-27-646979,21-13-34-741004,"Given my private value of $24, I will bid strategically to maximize my profit. Since this is the first round, I will start with a conservative bid to gauge the competition. I will bid $10, a relatively low amount that still shows my interest in the prize."
0,Bidder Betty,16,20.0,True,10.0,6.0,spsb_ipv_llama,V10,meta-llama/Meta-Llama-3-8B-Instruct,deep_infra,0.5,3,1,seal,second,private,0.1,1299,private_second_price.txt,2026-01-11_21-10-27-646979,21-13-34-741004,"Since this is the first round, I'll start by bidding a moderate amount, taking into account the possibility of both bidders bidding high or low. I'll aim to win the prize while keeping the second-highest bid reasonable. Given my value is $16, I'll bid $20, a safe and moderate amount."
0,Bidder Charles,24,10.0,False,10.0,0,spsb_ipv_llama,V10,meta-llama/Meta-Llama-3-8B-Instruct,deep_infra,0.5,3,1,seal,second,private,0.1,1299,private_second_price.txt,2026-01-11_21-10-27-646979,21-13-34-741004,"Since this is the first round, I'll start by bidding a moderate amount to gauge the competition. Given my private value of $24, I'll bid $10 to minimize potential loss. I'll observe the bids and adjust my strategy accordingly in subsequent rounds."
0,Bidder Andy,13,10.0,False,10.0,0,spsb_ipv_llama,V10,meta-llama/Meta-Llama-3-8B-Instruct,deep_infra,0.5,3,1,seal,second,private,0.1,1299,private_second_price.txt,2026-01-11_21-10-27-646979,21-13-45-408146,"Since this is the first round, I will start by bidding a moderate amount to get a sense of the competition. Given my private value of $13, I will bid $10 to minimize the risk of losing and maximize the potential gain. I will observe the bids and adjust my strategy accordingly in future rounds."
0,Bidder Betty,15,7.0,False,10.0,0,spsb_ipv_llama,V10,meta-llama/Meta-Llama-3-8B-Instruct,deep_infra,0.5,3,1,seal,second,private,0.1,1299,private_second_price.txt,2026-01-11_21-10-27-646979,21-13-45-408146,"Since this is the first round, I'll start by bidding a moderate amount to gauge the competition. Considering my value is $15, I'll bid $7 to increase my chances of winning while minimizing potential losses."
0,Bidder Charles,47,24.9,True,10.0,37.0,spsb_ipv_llama,V10,meta-llama/Meta-Llama-3-8B-Instruct,deep_infra,0.5,3,1,seal,second,private,0.1,1299,private_second_price.txt,2026-01-11_21-10-27-646979,21-13-45-408146,"Since this is the first round, I will start by bidding a moderate amount, taking into account my private value of $47. I will bid $24.90, which is slightly above the midpoint of the bidding range. This will give me a good chance of winning while minimizing my potential loss if I don't win."
0,Bidder Andy,39,23.0,False,23.0,0,spsb_ipv_llama,V10,meta-llama/Meta-Llama-3-8B-Instruct,deep_infra,0.5,3,1,seal,second,private,0.1,1299,private_second_price.txt,2026-01-11_21-10-27-646979,21-13-56-175369,"My plan is to bid strategically to maximize profit. Since this is the first round, I'll start by bidding a moderate amount, considering the private value of $39. I'll aim to win the prize without overpaying, taking into account the unknown bids from other players."
0,Bidder Betty,20,10.0,False,23.0,0,spsb_ipv_llama,V10,meta-llama/Meta-Llama-3-8B-Instruct,deep_infra,0.5,3,1,seal,second,private,0.1,1299,private_second_price.txt,2026-01-11_21-10-27-646979,21-13-56-175369,"Since this is the first round, I will start by bidding a moderate amount, considering my private value of $20. I will bid $10, which is a relatively low bid to gauge the competition and avoid overbidding."
0,Bidder Charles,20,24.0,True,23.0,-3.0,spsb_ipv_llama,V10,meta-llama/Meta-Llama-3-8B-Instruct,deep_infra,0.5,3,1,seal,second,private,0.1,1299,private_second_price.txt,2026-01-11_21-10-27-646979,21-13-56-175369,"This is the first round, and I don't have any historical data to rely on. I will start with a conservative bid to minimize losses. Since my private value is $20, I will bid slightly above the midpoint, which is $24.5. I will round down to $24 to leave some room for improvement in future rounds."
0,Bidder Andy,46,45.0,True,20.0,26.0,spsb_ipv_llama,V10,meta-llama/Meta-Llama-3-8B-Instruct,deep_infra,0.5,3,1,seal,second,private,0.1,1299,private_second_price.txt,2026-01-11_21-10-27-646979,21-14-06-990777,"Since this is the first round, I'll bid aggressively to maximize my profit. I'll bid my private value minus 1 cent to minimize the potential loss if I don't win. This strategy allows me to maximize my earnings if I win, while still being cautious in case the other bidders bid high."
0,Bidder Betty,17,15.0,False,20.0,0,spsb_ipv_llama,V10,meta-llama/Meta-Llama-3-8B-Instruct,deep_infra,0.5,3,1,seal,second,private,0.1,1299,private_second_price.txt,2026-01-11_21-10-27-646979,21-14-06-990777,"As it's the first round, I'll start by bidding a moderate amount to gauge the competition. Considering my private value is $17, I'll bid $15 to leave room for future adjustments. This bid is likely to be low enough to win if no one else bids high, but high enough to make it challenging for others to outbid me."
0,Bidder Charles,28,20.0,False,20.0,0,spsb_ipv_llama,V10,meta-llama/Meta-Llama-3-8B-Instruct,deep_infra,0.5,3,1,seal,second,private,0.1,1299,private_second_price.txt,2026-01-11_21-10-27-646979,21-14-06-990777,"As the first round, I will start by bidding conservatively, aiming to win the prize without overpaying. Since my value is $28, I will bid $20, which is a reasonable starting point. This will allow me to assess the competition's bidding behavior and adjust my strategy accordingly."
0,Bidder Andy,25,10.0,False,10.0,0,spsb_ipv_llama,V10,meta-llama/Meta-Llama-3-8B-Instruct,deep_infra,0.5,3,1,seal,second,private,0.1,1299,private_second_price.txt,2026-01-11_21-10-27-646979,21-14-17-764025,"Since this is the first round, I will start with a conservative bid to gauge the competition. I will bid $10, which is below my private value, to minimize losses if I don't win. If I win, I will increase my earnings by $25, and if I lose, I will remain unchanged."
0,Bidder Betty,18,10.0,False,10.0,0,spsb_ipv_llama,V10,meta-llama/Meta-Llama-3-8B-Instruct,deep_infra,0.5,3,1,seal,second,private,0.1,1299,private_second_price.txt,2026-01-11_21-10-27-646979,21-14-17-764025,"As it's the first round, I'll start by bidding a moderate amount to gauge the competition. Since my private value is $18, I'll bid $10, which is below my value but still competitive. This will help me understand the other bidders' behavior and adjust my strategy accordingly."
0,Bidder Charles,31,20.0,True,10.0,21.0,spsb_ipv_llama,V10,meta-llama/Meta-Llama-3-8B-Instruct,deep_infra,0.5,3,1,seal,second,private,0.1,1299,private_second_price.txt,2026-01-11_21-10-27-646979,21-14-17-764025,"Since this is the first round, I will start by bidding a moderate amount to get a sense of the other bidders' strategies. I will bid $20, which is slightly higher than the average value of the prize. This will allow me to gauge the competition and adjust my strategy accordingly."
0,Bidder Andy,9,24.9,True,24.0,-15.0,spsb_ipv_llama,V10,meta-llama/Meta-Llama-3-8B-Instruct,deep_infra,0.5,3,1,seal,second,private,0.1,1299,private_second_price.txt,2026-01-11_21-10-27-646979,21-14-28-252728,"Since it's the first round and I don't have any historical data to learn from, I'll start by bidding a moderate amount, slightly above the midpoint of the bid range. This will give me a good chance of winning while minimizing my potential loss if I don't win. I'll bid $24.90, which is 50% of the maximum bid range."
0,Bidder Betty,9,4.1,False,24.0,0,spsb_ipv_llama,V10,meta-llama/Meta-Llama-3-8B-Instruct,deep_infra,0.5,3,1,seal,second,private,0.1,1299,private_second_price.txt,2026-01-11_21-10-27-646979,21-14-28-252728,"Since this is the first round, I'll start by bidding a moderate amount, $4.10, to test the waters and gauge the competition. Given my private value of $9, I'm willing to pay up to $4.10 to win, which will give me a profit of $4.90 if I win."
0,Bidder Charles,34,24.0,False,24.0,0,spsb_ipv_llama,V10,meta-llama/Meta-Llama-3-8B-Instruct,deep_infra,0.5,3,1,seal,second,private,0.1,1299,private_second_price.txt,2026-01-11_21-10-27-646979,21-14-28-252728,"Since this is the first round, I will start by bidding a moderate amount to gauge the competition. I will bid $24, which is slightly above the midpoint of the possible bid range. This will allow me to learn more about the other bidders' strategies and adjust accordingly in future rounds."
0,Bidder Andy,34,25.0,True,17.0,17.0,spsb_ipv_llama,V10,meta-llama/Meta-Llama-3-8B-Instruct,deep_infra,0.5,3,1,seal,second,private,0.1,1299,private_second_price.txt,2026-01-11_21-10-27-646979,21-14-38-897513,"Since this is the first round, I will start with a conservative bid to minimize losses. I will bid slightly above the midpoint of the possible range ($24.5) to account for the uncertainty of the other bidders' values. This strategy allows me to balance the risk of losing with the potential reward of winning."
0,Bidder Betty,28,14.0,False,17.0,0,spsb_ipv_llama,V10,meta-llama/Meta-Llama-3-8B-Instruct,deep_infra,0.5,3,1,seal,second,private,0.1,1299,private_second_price.txt,2026-01-11_21-10-27-646979,21-14-38-897513,"Since this is the first round, I'll start by bidding a moderate amount to gather information about the other bidders. With a private value of $28, I'll bid $14 to keep my options open and see how the other bidders react."
0,Bidder Charles,14,17.0,False,17.0,0,spsb_ipv_llama,V10,meta-llama/Meta-Llama-3-8B-Instruct,deep_infra,0.5,3,1,seal,second,private,0.1,1299,private_second_price.txt,2026-01-11_21-10-27-646979,21-14-38-897513,"Since this is the first round, I will start by bidding a moderate amount to gain an understanding of the other bidders' behavior. Considering my private value is $14, I will bid $17, which is slightly above my value to account for the uncertainty of the other bidders' values. This bid is also close enough to the minimum increment of $0.1 to avoid being undercut."
0,Bidder Andy,26,13.0,False,13.0,0,spsb_ipv_llama,V10,meta-llama/Meta-Llama-3-8B-Instruct,deep_infra,0.5,3,1,seal,second,private,0.1,1299,private_second_price.txt,2026-01-11_21-10-27-646979,21-14-49-542207,"As this is the first round, I will start by bidding a moderate amount, $13, to gauge the competition and get a sense of the other bidders' strategies. Since my private value is $26, I have a good chance of winning and increasing my earnings."
0,Bidder Betty,18,10.0,False,13.0,0,spsb_ipv_llama,V10,meta-llama/Meta-Llama-3-8B-Instruct,deep_infra,0.5,3,1,seal,second,private,0.1,1299,private_second_price.txt,2026-01-11_21-10-27-646979,21-14-49-542207,"As it's the first round, I'll start by bidding a moderate amount to gauge the competition. Since my private value is $18, I'll bid $10, which is below my value but still competitive. This will help me understand the other bidders' behavior and adjust my strategy accordingly."
0,Bidder Charles,21,19.0,True,13.0,8.0,spsb_ipv_llama,V10,meta-llama/Meta-Llama-3-8B-Instruct,deep_infra,0.5,3,1,seal,second,private,0.1,1299,private_second_price.txt,2026-01-11_21-10-27-646979,21-14-49-542207,"Since this is the first round, I'll start by bidding a moderate amount to gauge the competition. Given my private value of $21, I'll aim to bid around $15-$20 to leave room for potential future rounds. I'll also keep an eye on the other bidders' behavior to adjust my strategy accordingly."
0,Bidder Andy,30,20.0,True,14.0,16.0,spsb_ipv_llama,V10,meta-llama/Meta-Llama-3-8B-Instruct,deep_infra,0.5,3,1,seal,second,private,0.1,1299,private_second_price.txt,2026-01-11_21-10-27-646979,21-15-04-379853,"As the first round, my goal is to learn the opponents' bidding patterns. Since I don't have any historical data, I'll start with a conservative bid to minimize potential losses. I'll bid a moderate amount, $20, to gauge the opponents' reactions and gather information for future rounds."
0,Bidder Betty,28,14.0,False,14.0,0,spsb_ipv_llama,V10,meta-llama/Meta-Llama-3-8B-Instruct,deep_infra,0.5,3,1,seal,second,private,0.1,1299,private_second_price.txt,2026-01-11_21-10-27-646979,21-15-04-379853,"Since this is the first round, I'll start by bidding a moderate amount to gather information about the other bidders. With a private value of $28, I'll bid $14 to keep my options open and see how the other bidders react."
0,Bidder Charles,22,10.0,False,14.0,0,spsb_ipv_llama,V10,meta-llama/Meta-Llama-3-8B-Instruct,deep_infra,0.5,3,1,seal,second,private,0.1,1299,private_second_price.txt,2026-01-11_21-10-27-646979,21-15-04-379853,"Since this is the first round, I'll start with a cautious bid to gauge the competition. I'll bid $10, which is a relatively low value. This will give me an opportunity to learn more about the other bidders' strategies and adjust my bidding accordingly in future rounds."
0,Bidder Andy,30,20.0,True,14.0,16.0,spsb_ipv_llama,V10,meta-llama/Meta-Llama-3-8B-Instruct,deep_infra,0.5,3,1,seal,second,private,0.1,1299,private_second_price.txt,2026-01-11_21-10-27-646979,21-15-14-770282,"As the first round, my goal is to learn the opponents' bidding patterns. Since I don't have any historical data, I'll start with a conservative bid to minimize potential losses. I'll bid a moderate amount, $20, to gauge the opponents' reactions and gather information for future rounds."
0,Bidder Betty,28,14.0,False,14.0,0,spsb_ipv_llama,V10,meta-llama/Meta-Llama-3-8B-Instruct,deep_infra,0.5,3,1,seal,second,private,0.1,1299,private_second_price.txt,2026-01-11_21-10-27-646979,21-15-14-770282,"Since this is the first round, I'll start by bidding a moderate amount to gather information about the other bidders. With a private value of $28, I'll bid $14 to keep my options open and see how the other bidders react."
0,Bidder Charles,24,10.0,False,14.0,0,spsb_ipv_llama,V10,meta-llama/Meta-Llama-3-8B-Instruct,deep_infra,0.5,3,1,seal,second,private,0.1,1299,private_second_price.txt,2026-01-11_21-10-27-646979,21-15-14-770282,"Since this is the first round, I'll start by bidding a moderate amount to gauge the competition. Given my private value of $24, I'll bid $10 to minimize potential loss. I'll observe the bids and adjust my strategy accordingly in subsequent rounds."
0,Bidder Andy,48,44.0,True,20.0,28.0,spsb_ipv_llama,V10,meta-llama/Meta-Llama-3-8B-Instruct,deep_infra,0.5,3,1,seal,second,private,0.1,1299,private_second_price.txt,2026-01-11_21-10-27-646979,21-15-25-208707,"Considering my private value of $48, I will aim to maximize my profit by bidding high enough to win, but not so high that I end up paying more than my value. I will bid $44, a strategic amount that balances risk and reward."
0,Bidder Betty,38,20.0,False,20.0,0,spsb_ipv_llama,V10,meta-llama/Meta-Llama-3-8B-Instruct,deep_infra,0.5,3,1,seal,second,private,0.1,1299,private_second_price.txt,2026-01-11_21-10-27-646979,21-15-25-208707,"Since this is the first round, I'll start by bidding a moderate amount to test the competition. Given my private value of $38, I'll bid $20, which is below my value but above the minimum bid. This will allow me to gauge Bidder Andy and Bidder Charles's bidding patterns and adjust accordingly in future rounds."
0,Bidder Charles,12,6.0,False,20.0,0,spsb_ipv_llama,V10,meta-llama/Meta-Llama-3-8B-Instruct,deep_infra,0.5,3,1,seal,second,private,0.1,1299,private_second_price.txt,2026-01-11_21-10-27-646979,21-15-25-208707,"Since this is the first round, I will start by bidding a moderate amount, considering the prize's value is $12. I will bid $6, which is slightly higher than the expected value to account for the possibility of other bidders bidding aggressively. This strategy aims to maximize my profit in the long run by minimizing the risk of overbidding."
0,Bidder Andy,14,7.0,False,24.0,0,spsb_ipv_llama,V10,meta-llama/Meta-Llama-3-8B-Instruct,deep_infra,0.5,3,1,seal,second,private,0.1,1299,private_second_price.txt,2026-01-11_21-10-27-646979,21-16-37-484202,"Since this is the first round, I will start by bidding a moderate amount, taking into account my private value of $14. I will bid $7, aiming to maximize my expected profit while keeping an eye on the competition."
0,Bidder Betty,34,24.0,False,24.0,0,spsb_ipv_llama,V10,meta-llama/Meta-Llama-3-8B-Instruct,deep_infra,0.5,3,1,seal,second,private,0.1,1299,private_second_price.txt,2026-01-11_21-10-27-646979,21-16-37-484202,"Since this is the first round, I will start by bidding a moderate amount, $24, to get a sense of the competition. I will also take note of the other bidders' bids to adjust my strategy accordingly."
0,Bidder Charles,33,29.0,True,24.0,9.0,spsb_ipv_llama,V10,meta-llama/Meta-Llama-3-8B-Instruct,deep_infra,0.5,3,1,seal,second,private,0.1,1299,private_second_price.txt,2026-01-11_21-10-27-646979,21-16-37-484202,"Since this is the first round, I'll start by bidding a moderate amount to gauge the competition. Since my private value is $33, I'll bid slightly above the midpoint of the possible range ($24.5) to account for potential overbidding. I'll aim for a bid of $29, hoping to win the prize without overpaying."
0,Bidder Andy,9,24.9,False,24.9,0,spsb_ipv_llama,V10,meta-llama/Meta-Llama-3-8B-Instruct,deep_infra,0.5,3,1,seal,second,private,0.1,1299,private_second_price.txt,2026-01-11_21-10-27-646979,21-19-14-135004,"Since it's the first round and I don't have any historical data to learn from, I'll start by bidding a moderate amount, slightly above the midpoint of the bid range. This will give me a good chance of winning while minimizing my potential loss if I don't win. I'll bid $24.90, which is 50% of the maximum bid range."
0,Bidder Betty,40,41.0,True,24.9,15.100000000000001,spsb_ipv_llama,V10,meta-llama/Meta-Llama-3-8B-Instruct,deep_infra,0.5,3,1,seal,second,private,0.1,1299,private_second_price.txt,2026-01-11_21-10-27-646979,21-19-14-135004,"As this is the first round, I will start by bidding aggressively to maximize my chances of winning. Since my private value is $40, I will bid $41, which is slightly above my value to ensure I win, but not so high that I risk losing to the other bidders."
0,Bidder Charles,32,20.0,False,24.9,0,spsb_ipv_llama,V10,meta-llama/Meta-Llama-3-8B-Instruct,deep_infra,0.5,3,1,seal,second,private,0.1,1299,private_second_price.txt,2026-01-11_21-10-27-646979,21-19-14-135004,"Since this is the first round, I'll start by bidding a moderate amount, taking into account the possibility of my value being low. I'll bid $20, which is higher than the minimum but not too aggressive, allowing me to learn from the other bidders' strategies and adjust for future rounds."
0,Bidder Andy,25,10.0,False,10.0,0,spsb_ipv_llama,V10,meta-llama/Meta-Llama-3-8B-Instruct,deep_infra,0.5,3,1,seal,second,private,0.1,1299,private_second_price.txt,2026-01-11_21-10-27-646979,21-19-24-610841,"Since this is the first round, I will start with a conservative bid to gauge the competition. I will bid $10, which is below my private value, to minimize losses if I don't win. If I win, I will increase my earnings by $25, and if I lose, I will remain unchanged."
0,Bidder Betty,31,20.0,True,10.0,21.0,spsb_ipv_llama,V10,meta-llama/Meta-Llama-3-8B-Instruct,deep_infra,0.5,3,1,seal,second,private,0.1,1299,private_second_price.txt,2026-01-11_21-10-27-646979,21-19-24-610841,"Since this is the first round, I'll start by bidding a moderate amount to gauge the competition. Given my private value is $31, I'll bid $20 to ensure I have a chance to win while keeping my expected loss minimal. I'll observe the other bidders' moves and adjust my strategy accordingly in subsequent rounds."
0,Bidder Charles,9,4.1,False,10.0,0,spsb_ipv_llama,V10,meta-llama/Meta-Llama-3-8B-Instruct,deep_infra,0.5,3,1,seal,second,private,0.1,1299,private_second_price.txt,2026-01-11_21-10-27-646979,21-19-24-610841,"As it's the first round, I'll start by bidding a moderate amount to gauge the competition. Since my private value is $9, I'll bid $4.10, which is slightly above the minimum bid but not too aggressive. This will give me a good starting point for future rounds."
0,Bidder Andy,22,11.0,True,7.0,15.0,spsb_ipv_llama,V10,meta-llama/Meta-Llama-3-8B-Instruct,deep_infra,0.5,3,1,seal,second,private,0.1,1299,private_second_price.txt,2026-01-11_21-10-27-646979,21-19-35-344263,"Since it's the first round, I'll start with a conservative bid to minimize losses. I'll bid $11, which is a safe distance from my private value of $22. This will allow me to learn more about the other bidders' strategies and adjust my bidding accordingly."
0,Bidder Betty,15,7.0,False,7.0,0,spsb_ipv_llama,V10,meta-llama/Meta-Llama-3-8B-Instruct,deep_infra,0.5,3,1,seal,second,private,0.1,1299,private_second_price.txt,2026-01-11_21-10-27-646979,21-19-35-344263,"Since this is the first round, I'll start by bidding a moderate amount to gauge the competition. Considering my value is $15, I'll bid $7 to increase my chances of winning while minimizing potential losses."
0,Bidder Charles,10,5.0,False,7.0,0,spsb_ipv_llama,V10,meta-llama/Meta-Llama-3-8B-Instruct,deep_infra,0.5,3,1,seal,second,private,0.1,1299,private_second_price.txt,2026-01-11_21-10-27-646979,21-19-35-344263,"Since this is the first round, I'll bid strategically to maximize profit. I'll start with a moderate bid to gauge the competition. Given my private value of $10, I'll bid $5 to keep my options open and observe the other bidders' moves."
0,Bidder Andy,36,20.0,False,20.0,0,spsb_ipv_llama,V10,meta-llama/Meta-Llama-3-8B-Instruct,deep_infra,0.5,3,1,seal,second,private,0.1,1299,private_second_price.txt,2026-01-11_21-10-27-646979,21-19-45-932443,"As this is the first round, I will start by bidding a moderate amount to gather information about the other bidders. Since my private value is $36, I will bid $20 to leave room for potential bidding wars."
0,Bidder Betty,33,20.0,True,20.0,13.0,spsb_ipv_llama,V10,meta-llama/Meta-Llama-3-8B-Instruct,deep_infra,0.5,3,1,seal,second,private,0.1,1299,private_second_price.txt,2026-01-11_21-10-27-646979,21-19-45-932443,"Since this is the first round, I'll start by bidding a moderate amount to gauge the competition. Given my private value of $33, I'll bid $20, which is less than my value but not too low to lose the prize. I'll observe the other bidders' strategies and adjust my bidding accordingly in future rounds."
0,Bidder Charles,31,20.0,False,20.0,0,spsb_ipv_llama,V10,meta-llama/Meta-Llama-3-8B-Instruct,deep_infra,0.5,3,1,seal,second,private,0.1,1299,private_second_price.txt,2026-01-11_21-10-27-646979,21-19-45-932443,"Since this is the first round, I will start by bidding a moderate amount to get a sense of the other bidders' strategies. I will bid $20, which is slightly higher than the average value of the prize. This will allow me to gauge the competition and adjust my strategy accordingly."
0,Bidder Andy,3,3.0,False,5.0,0,spsb_ipv_llama,V10,meta-llama/Meta-Llama-3-8B-Instruct,deep_infra,0.5,3,1,seal,second,private,0.1,1299,private_second_price.txt,2026-01-11_21-10-27-646979,21-19-56-533417,"Since this is the first round, I will bid based on my private value. I will bid $3, which is my value for the prize. This ensures I maximize my profit if I win, and I don't risk paying more than my value if I don't win."
0,Bidder Betty,24,15.0,True,5.0,19.0,spsb_ipv_llama,V10,meta-llama/Meta-Llama-3-8B-Instruct,deep_infra,0.5,3,1,seal,second,private,0.1,1299,private_second_price.txt,2026-01-11_21-10-27-646979,21-19-56-533417,"Since this is the first round, I'll start by bidding a moderate amount to gauge the competition. Considering my private value is $24, I'll bid $15 to leave room for potential improvement in future rounds. I'll also keep an eye on the other bidders' strategies to adjust my approach accordingly."
0,Bidder Charles,11,5.0,False,5.0,0,spsb_ipv_llama,V10,meta-llama/Meta-Llama-3-8B-Instruct,deep_infra,0.5,3,1,seal,second,private,0.1,1299,private_second_price.txt,2026-01-11_21-10-27-646979,21-19-56-533417,"As the first round, I will bid conservatively to learn more about the other bidders' strategies. Since my private value is $11, I will bid $5 to minimize the risk of losing and to gather information for future rounds. I will also keep an eye on the other bidders' bids to adjust my strategy accordingly."
0,Bidder Andy,31,20.0,True,20.0,11.0,spsb_ipv_llama,V10,meta-llama/Meta-Llama-3-8B-Instruct,deep_infra,0.5,3,1,seal,second,private,0.1,1299,private_second_price.txt,2026-01-11_21-10-27-646979,21-20-07-351364,"Since this is the first round, I will start by bidding a moderate amount to gauge the competition. I will bid $20, which is higher than the minimum but lower than the maximum. This will give me a good starting point to adjust my strategy in subsequent rounds if needed."
0,Bidder Betty,22,20.0,False,20.0,0,spsb_ipv_llama,V10,meta-llama/Meta-Llama-3-8B-Instruct,deep_infra,0.5,3,1,seal,second,private,0.1,1299,private_second_price.txt,2026-01-11_21-10-27-646979,21-20-07-351364,"As this is the first round, I will start by bidding a moderate amount to gauge the competition. Given my private value of $22, I will bid $20 to leave some room for negotiation and observe the other bidders' strategies."
0,Bidder Charles,40,20.0,False,20.0,0,spsb_ipv_llama,V10,meta-llama/Meta-Llama-3-8B-Instruct,deep_infra,0.5,3,1,seal,second,private,0.1,1299,private_second_price.txt,2026-01-11_21-10-27-646979,21-20-07-351364,"Since this is the first round, I will start by bidding a moderate amount to get a sense of the other bidders' behavior. Given my value of $40, I will bid $20 to maximize my profit in case I win. If I don't win, I will still have a good chance of winning in future rounds."
0,Bidder Andy,42,22.0,False,22.0,0,spsb_ipv_llama,V10,meta-llama/Meta-Llama-3-8B-Instruct,deep_infra,0.5,3,1,seal,second,private,0.1,1299,private_second_price.txt,2026-01-11_21-10-27-646979,21-20-18-119999,"Since this is the first round, I'll start by bidding a moderate amount to gauge the competition. I'll bid $22, which is slightly higher than the midpoint of the possible bid range. This should give me a good chance of winning without overcommitting."
0,Bidder Betty,29,14.0,False,22.0,0,spsb_ipv_llama,V10,meta-llama/Meta-Llama-3-8B-Instruct,deep_infra,0.5,3,1,seal,second,private,0.1,1299,private_second_price.txt,2026-01-11_21-10-27-646979,21-20-18-119999,"Since this is the first round, I will start by bidding a moderate amount to gauge the competition. I will bid $14, which is slightly above the expected value of $10, but still relatively low. This will allow me to gather information about the other bidders' values and adjust my strategy accordingly."
0,Bidder Charles,48,24.9,True,22.0,26.0,spsb_ipv_llama,V10,meta-llama/Meta-Llama-3-8B-Instruct,deep_infra,0.5,3,1,seal,second,private,0.1,1299,private_second_price.txt,2026-01-11_21-10-27-646979,21-20-18-119999,"As this is the first round, I'll start by bidding a moderate amount to gauge the competition. Since my private value is $48, I'll bid slightly below to minimize losses. I'll also keep an eye on Bidder Andy and Bidder Betty's bids to adjust my strategy accordingly. I'll aim for a bid that balances risk and potential profit."
0,Bidder Andy,47,25.0,True,20.0,27.0,spsb_ipv_llama,V10,meta-llama/Meta-Llama-3-8B-Instruct,deep_infra,0.5,3,1,seal,second,private,0.1,1299,private_second_price.txt,2026-01-11_21-10-27-646979,21-20-28-618509,"As this is the first round, I'll adopt a conservative strategy. Since my value is $47, I'll bid just above the midpoint ($24.5) to minimize the risk of losing and maximize potential earnings. I'll bid $25, aiming to win and earn a profit of $22 ($47 - $25)."
0,Bidder Betty,33,20.0,False,20.0,0,spsb_ipv_llama,V10,meta-llama/Meta-Llama-3-8B-Instruct,deep_infra,0.5,3,1,seal,second,private,0.1,1299,private_second_price.txt,2026-01-11_21-10-27-646979,21-20-28-618509,"Since this is the first round, I'll start by bidding a moderate amount to gauge the competition. Given my private value of $33, I'll bid $20, which is less than my value but not too low to lose the prize. I'll observe the other bidders' strategies and adjust my bidding accordingly in future rounds."
0,Bidder Charles,36,19.0,False,20.0,0,spsb_ipv_llama,V10,meta-llama/Meta-Llama-3-8B-Instruct,deep_infra,0.5,3,1,seal,second,private,0.1,1299,private_second_price.txt,2026-01-11_21-10-27-646979,21-20-28-618509,"Since this is the first round, I will start by bidding a moderate amount, taking into account the uncertainty of the other bidders' values. I will bid $19, which is a reasonable starting point and allows me to learn more about the other bidders' strategies in the next round."
0,Bidder Andy,32,20.0,True,15.0,17.0,spsb_ipv_llama,V10,meta-llama/Meta-Llama-3-8B-Instruct,deep_infra,0.5,3,1,seal,second,private,0.1,1299,private_second_price.txt,2026-01-11_21-10-27-646979,21-20-39-222641,"As this is the first round, I will start by bidding a moderate amount, taking into account my private value of $32. I will bid $20, which is below my value but still competitive. This will allow me to gather information about the other bidders' behavior and adjust my strategy accordingly."
0,Bidder Betty,6,4.0,False,15.0,0,spsb_ipv_llama,V10,meta-llama/Meta-Llama-3-8B-Instruct,deep_infra,0.5,3,1,seal,second,private,0.1,1299,private_second_price.txt,2026-01-11_21-10-27-646979,21-20-39-222641,"My bidding strategy is to bid a value that is slightly higher than the expected value of the other bidders. Since this is the first round, I don't have any historical data to rely on. I will bid a moderate amount, $4, to test the waters and gauge the competition."
0,Bidder Charles,17,15.0,False,15.0,0,spsb_ipv_llama,V10,meta-llama/Meta-Llama-3-8B-Instruct,deep_infra,0.5,3,1,seal,second,private,0.1,1299,private_second_price.txt,2026-01-11_21-10-27-646979,21-20-39-222641,"Since this is the first round, I'll start by bidding a moderate amount to gauge the competition. I'll bid $15, which is below my private value of $17, to minimize losses in case I don't win. This also gives me a chance to observe the other bidders' behavior and adjust my strategy accordingly."
0,Bidder Andy,39,23.0,False,23.0,0,spsb_ipv_llama,V10,meta-llama/Meta-Llama-3-8B-Instruct,deep_infra,0.5,3,1,seal,second,private,0.1,1299,private_second_price.txt,2026-01-11_21-10-27-646979,21-23-10-954951,"My plan is to bid strategically to maximize profit. Since this is the first round, I'll start by bidding a moderate amount, considering the private value of $39. I'll aim to win the prize without overpaying, taking into account the unknown bids from other players."
0,Bidder Betty,34,24.0,True,23.0,11.0,spsb_ipv_llama,V10,meta-llama/Meta-Llama-3-8B-Instruct,deep_infra,0.5,3,1,seal,second,private,0.1,1299,private_second_price.txt,2026-01-11_21-10-27-646979,21-23-10-954951,"Since this is the first round, I'll start by bidding a moderate amount to gauge the competition. I'll bid $24, which is slightly above the expected average value but not too aggressive. This will give me an idea of the other bidders' strategies and allow me to adjust for future rounds."
0,Bidder Charles,45,20.0,False,23.0,0,spsb_ipv_llama,V10,meta-llama/Meta-Llama-3-8B-Instruct,deep_infra,0.5,3,1,seal,second,private,0.1,1299,private_second_price.txt,2026-01-11_21-10-27-646979,21-23-10-954951,"Since this is the first round, I'll start by bidding a moderate amount to gauge the competition. Given my private value of $45, I'll bid $20 to leave room for potential bidding wars. I'll also keep an eye on the other bidders' strategies to adjust my bidding accordingly."
0,Bidder Andy,49,49.0,True,20.0,29.0,spsb_ipv_llama,V10,meta-llama/Meta-Llama-3-8B-Instruct,deep_infra,0.5,3,1,seal,second,private,0.1,1299,private_second_price.txt,2026-01-11_21-10-27-646979,21-23-21-774679,"Since this is the first round, I don't have any historical data to learn from. However, I know that my private value is $49, which is the highest possible value. To maximize my profit, I will bid aggressively to ensure I win the prize. I will bid the maximum possible amount, $49."
0,Bidder Betty,44,20.0,False,20.0,0,spsb_ipv_llama,V10,meta-llama/Meta-Llama-3-8B-Instruct,deep_infra,0.5,3,1,seal,second,private,0.1,1299,private_second_price.txt,2026-01-11_21-10-27-646979,21-23-21-774679,"Since this is the first round, I'll start by bidding a moderate amount to gauge the competition. Given my value of $44, I'll bid $20 to maximize my expected profit. This bid is low enough to potentially win, but high enough to deter Bidder Andy and Bidder Charles from bidding too aggressively."
0,Bidder Charles,22,10.0,False,20.0,0,spsb_ipv_llama,V10,meta-llama/Meta-Llama-3-8B-Instruct,deep_infra,0.5,3,1,seal,second,private,0.1,1299,private_second_price.txt,2026-01-11_21-10-27-646979,21-23-21-774679,"Since this is the first round, I'll start with a cautious bid to gauge the competition. I'll bid $10, which is a relatively low value. This will give me an opportunity to learn more about the other bidders' strategies and adjust my bidding accordingly in future rounds."
0,Bidder Andy,40,35.0,True,15.0,25.0,spsb_ipv_llama,V10,meta-llama/Meta-Llama-3-8B-Instruct,deep_infra,0.5,3,1,seal,second,private,0.1,1299,private_second_price.txt,2026-01-11_21-10-27-646979,21-23-32-822050,"As the first round, I'll start by bidding aggressively to maximize my expected profit. Since my private value is $40, I'll bid above the expected average value of $24.75. I'll place a bid of $35, which is a reasonable compromise between being too aggressive and too conservative."
0,Bidder Betty,13,6.1,False,15.0,0,spsb_ipv_llama,V10,meta-llama/Meta-Llama-3-8B-Instruct,deep_infra,0.5,3,1,seal,second,private,0.1,1299,private_second_price.txt,2026-01-11_21-10-27-646979,21-23-32-822050,"Since this is the first round, I'll start by bidding a moderate amount to gauge the competition. Considering my value is $13, I'll bid $6.10, which is a reasonable starting point. I'll observe the other bidders' bids and adjust my strategy accordingly for the next round."
0,Bidder Charles,17,15.0,False,15.0,0,spsb_ipv_llama,V10,meta-llama/Meta-Llama-3-8B-Instruct,deep_infra,0.5,3,1,seal,second,private,0.1,1299,private_second_price.txt,2026-01-11_21-10-27-646979,21-23-32-822050,"Since this is the first round, I'll start by bidding a moderate amount to gauge the competition. I'll bid $15, which is below my private value of $17, to minimize losses in case I don't win. This also gives me a chance to observe the other bidders' behavior and adjust my strategy accordingly."
0,Bidder Andy,22,11.0,False,11.0,0,spsb_ipv_llama,V10,meta-llama/Meta-Llama-3-8B-Instruct,deep_infra,0.5,3,1,seal,second,private,0.1,1299,private_second_price.txt,2026-01-11_21-10-27-646979,21-23-43-322676,"Since it's the first round, I'll start with a conservative bid to minimize losses. I'll bid $11, which is a safe distance from my private value of $22. This will allow me to learn more about the other bidders' strategies and adjust my bidding accordingly."
0,Bidder Betty,34,24.0,True,11.0,23.0,spsb_ipv_llama,V10,meta-llama/Meta-Llama-3-8B-Instruct,deep_infra,0.5,3,1,seal,second,private,0.1,1299,private_second_price.txt,2026-01-11_21-10-27-646979,21-23-43-322676,"Since this is the first round, I'll start by bidding a moderate amount to gauge the competition. I'll bid $24, which is slightly above the expected average value but not too aggressive. This will give me an idea of the other bidders' strategies and allow me to adjust for future rounds."
0,Bidder Charles,10,5.0,False,11.0,0,spsb_ipv_llama,V10,meta-llama/Meta-Llama-3-8B-Instruct,deep_infra,0.5,3,1,seal,second,private,0.1,1299,private_second_price.txt,2026-01-11_21-10-27-646979,21-23-43-322676,"Since this is the first round, I'll bid strategically to maximize profit. I'll start with a moderate bid to gauge the competition. Given my private value of $10, I'll bid $5 to keep my options open and observe the other bidders' moves."
0,Bidder Andy,28,14.0,False,19.0,0,spsb_ipv_llama,V10,meta-llama/Meta-Llama-3-8B-Instruct,deep_infra,0.5,3,1,seal,second,private,0.1,1299,private_second_price.txt,2026-01-11_21-10-27-646979,21-23-53-814304,"Since this is the first round, I'll start by bidding a moderate amount to gauge the competition's behavior. I'll bid $14, which is slightly above the midpoint of the possible bids. This allows me to observe the other bidders' strategies while keeping my options open for future rounds."
0,Bidder Betty,23,25.0,True,19.0,4.0,spsb_ipv_llama,V10,meta-llama/Meta-Llama-3-8B-Instruct,deep_infra,0.5,3,1,seal,second,private,0.1,1299,private_second_price.txt,2026-01-11_21-10-27-646979,21-23-53-814304,"Since this is the first round, I'll play it safe and bid a moderate amount, considering the prize value is randomly drawn. I'll aim to win the prize, but not overbid. I'll bid slightly higher than the expected value of $23, which is $25."
0,Bidder Charles,36,19.0,False,19.0,0,spsb_ipv_llama,V10,meta-llama/Meta-Llama-3-8B-Instruct,deep_infra,0.5,3,1,seal,second,private,0.1,1299,private_second_price.txt,2026-01-11_21-10-27-646979,21-23-53-814304,"Since this is the first round, I will start by bidding a moderate amount, taking into account the uncertainty of the other bidders' values. I will bid $19, which is a reasonable starting point and allows me to learn more about the other bidders' strategies in the next round."
0,Bidder Andy,4,4.1,False,20.0,0,spsb_ipv_llama,V10,meta-llama/Meta-Llama-3-8B-Instruct,deep_infra,0.5,3,1,seal,second,private,0.1,1299,private_second_price.txt,2026-01-11_21-10-27-646979,21-24-04-329682,"Given that this is the first round, I will start by bidding a moderate amount to test the competition. Since my private value is $4, I will bid $4.10, which is close to my value but still within the range of possible values for the other bidders."
0,Bidder Betty,23,25.0,True,20.0,3.0,spsb_ipv_llama,V10,meta-llama/Meta-Llama-3-8B-Instruct,deep_infra,0.5,3,1,seal,second,private,0.1,1299,private_second_price.txt,2026-01-11_21-10-27-646979,21-24-04-329682,"Since this is the first round, I'll play it safe and bid a moderate amount, considering the prize value is randomly drawn. I'll aim to win the prize, but not overbid. I'll bid slightly higher than the expected value of $23, which is $25."
0,Bidder Charles,32,20.0,False,20.0,0,spsb_ipv_llama,V10,meta-llama/Meta-Llama-3-8B-Instruct,deep_infra,0.5,3,1,seal,second,private,0.1,1299,private_second_price.txt,2026-01-11_21-10-27-646979,21-24-04-329682,"Since this is the first round, I'll start by bidding a moderate amount, taking into account the possibility of my value being low. I'll bid $20, which is higher than the minimum but not too aggressive, allowing me to learn from the other bidders' strategies and adjust for future rounds."
0,Bidder Andy,21,15.0,False,15.0,0,spsb_ipv_llama,V10,meta-llama/Meta-Llama-3-8B-Instruct,deep_infra,0.5,3,1,seal,second,private,0.1,1299,private_second_price.txt,2026-01-11_21-10-27-646979,21-24-14-994737,"As this is the first round, I will start by bidding a moderate amount to test the competition and learn more about their bidding strategies. Since my private value is $21, I will bid $15, which is below my value and should not attract too much attention. This will allow me to gather information about the other bidders' values and adjust my strategy accordingly."
0,Bidder Betty,22,20.0,True,15.0,7.0,spsb_ipv_llama,V10,meta-llama/Meta-Llama-3-8B-Instruct,deep_infra,0.5,3,1,seal,second,private,0.1,1299,private_second_price.txt,2026-01-11_21-10-27-646979,21-24-14-994737,"As this is the first round, I will start by bidding a moderate amount to gauge the competition. Given my private value of $22, I will bid $20 to leave some room for negotiation and observe the other bidders' strategies."
0,Bidder Charles,13,1.0,False,15.0,0,spsb_ipv_llama,V10,meta-llama/Meta-Llama-3-8B-Instruct,deep_infra,0.5,3,1,seal,second,private,0.1,1299,private_second_price.txt,2026-01-11_21-10-27-646979,21-24-14-994737,"Since this is the first round, I'll start by bidding conservatively to minimize losses. Given my private value is $13, I'll aim to win the auction while keeping the second-highest bid as low as possible. I'll bid $1, which is a relatively low starting point."
0,Bidder Andy,26,13.0,False,13.0,0,spsb_ipv_llama,V10,meta-llama/Meta-Llama-3-8B-Instruct,deep_infra,0.5,3,1,seal,second,private,0.1,1299,private_second_price.txt,2026-01-11_21-10-27-646979,21-24-25-589099,"As this is the first round, I will start by bidding a moderate amount, $13, to gauge the competition and get a sense of the other bidders' strategies. Since my private value is $26, I have a good chance of winning and increasing my earnings."
0,Bidder Betty,31,20.0,True,13.0,18.0,spsb_ipv_llama,V10,meta-llama/Meta-Llama-3-8B-Instruct,deep_infra,0.5,3,1,seal,second,private,0.1,1299,private_second_price.txt,2026-01-11_21-10-27-646979,21-24-25-589099,"Since this is the first round, I'll start by bidding a moderate amount to gauge the competition. Given my private value is $31, I'll bid $20 to ensure I have a chance to win while keeping my expected loss minimal. I'll observe the other bidders' moves and adjust my strategy accordingly in subsequent rounds."
0,Bidder Charles,24,10.0,False,13.0,0,spsb_ipv_llama,V10,meta-llama/Meta-Llama-3-8B-Instruct,deep_infra,0.5,3,1,seal,second,private,0.1,1299,private_second_price.txt,2026-01-11_21-10-27-646979,21-24-25-589099,"Since this is the first round, I'll start by bidding a moderate amount to gauge the competition. Given my private value of $24, I'll bid $10 to minimize potential loss. I'll observe the bids and adjust my strategy accordingly in subsequent rounds."
0,Bidder Andy,6,3.1,False,20.0,0,spsb_ipv_llama,V10,meta-llama/Meta-Llama-3-8B-Instruct,deep_infra,0.5,3,1,seal,second,private,0.1,1299,private_second_price.txt,2026-01-11_21-10-27-646979,21-24-36-246442,"Given my private value of $6, I will aim to maximize my profit by bidding strategically. Since this is the first round, I will start with a moderate bid to gauge the competition. I will bid $3.10, which is slightly above the midpoint of the possible bid range, to balance risk and potential reward."
0,Bidder Betty,40,41.0,True,20.0,20.0,spsb_ipv_llama,V10,meta-llama/Meta-Llama-3-8B-Instruct,deep_infra,0.5,3,1,seal,second,private,0.1,1299,private_second_price.txt,2026-01-11_21-10-27-646979,21-24-36-246442,"As this is the first round, I will start by bidding aggressively to maximize my chances of winning. Since my private value is $40, I will bid $41, which is slightly above my value to ensure I win, but not so high that I risk losing to the other bidders."
0,Bidder Charles,28,20.0,False,20.0,0,spsb_ipv_llama,V10,meta-llama/Meta-Llama-3-8B-Instruct,deep_infra,0.5,3,1,seal,second,private,0.1,1299,private_second_price.txt,2026-01-11_21-10-27-646979,21-24-36-246442,"As the first round, I will start by bidding conservatively, aiming to win the prize without overpaying. Since my value is $28, I will bid $20, which is a reasonable starting point. This will allow me to assess the competition's bidding behavior and adjust my strategy accordingly."
0,Bidder Andy,19,10.0,False,20.0,0,spsb_ipv_llama,V10,meta-llama/Meta-Llama-3-8B-Instruct,deep_infra,0.5,3,1,seal,second,private,0.1,1299,private_second_price.txt,2026-01-11_21-10-27-646979,21-24-48-060389,"As this is the first round, I will start by bidding a moderate amount to gauge the competition. Since my private value is $19, I will bid $10 to leave room for improvement in future rounds while still being competitive. I will observe the bids of the other players and adjust my strategy accordingly."
0,Bidder Betty,44,20.0,False,20.0,0,spsb_ipv_llama,V10,meta-llama/Meta-Llama-3-8B-Instruct,deep_infra,0.5,3,1,seal,second,private,0.1,1299,private_second_price.txt,2026-01-11_21-10-27-646979,21-24-48-060389,"Since this is the first round, I'll start by bidding a moderate amount to gauge the competition. Given my value of $44, I'll bid $20 to maximize my expected profit. This bid is low enough to potentially win, but high enough to deter Bidder Andy and Bidder Charles from bidding too aggressively."
0,Bidder Charles,43,43.0,True,20.0,23.0,spsb_ipv_llama,V10,meta-llama/Meta-Llama-3-8B-Instruct,deep_infra,0.5,3,1,seal,second,private,0.1,1299,private_second_price.txt,2026-01-11_21-10-27-646979,21-24-48-060389,"Since this is the first round, I'll start by bidding aggressively to maximize profit. I'll bid $43, which is my private value. This will give me the best chance to win and earn a profit if I do."
0,Bidder Andy,31,20.0,False,24.5,0,spsb_ipv_llama,V10,meta-llama/Meta-Llama-3-8B-Instruct,deep_infra,0.5,3,1,seal,second,private,0.1,1299,private_second_price.txt,2026-01-11_21-10-27-646979,21-24-59-038575,"Since this is the first round, I will start by bidding a moderate amount to gauge the competition. I will bid $20, which is higher than the minimum but lower than the maximum. This will give me a good starting point to adjust my strategy in subsequent rounds if needed."
0,Bidder Betty,46,25.0,True,24.5,21.5,spsb_ipv_llama,V10,meta-llama/Meta-Llama-3-8B-Instruct,deep_infra,0.5,3,1,seal,second,private,0.1,1299,private_second_price.txt,2026-01-11_21-10-27-646979,21-24-59-038575,"Since this is the first round, I will start by bidding a moderate amount, considering my private value of $46. I will bid $25, aiming to win the prize and maximize my profit. I will analyze the outcome to adjust my strategy for the next round."
0,Bidder Charles,35,24.5,False,24.5,0,spsb_ipv_llama,V10,meta-llama/Meta-Llama-3-8B-Instruct,deep_infra,0.5,3,1,seal,second,private,0.1,1299,private_second_price.txt,2026-01-11_21-10-27-646979,21-24-59-038575,"As this is the first round, I will start with a conservative bid to learn more about the other bidders' strategies. I will bid slightly above the midpoint of the possible range, $24.50, to test the waters and gauge the competition. This bid is also close enough to my private value to ensure a decent profit if I win."
0,Bidder Andy,24,10.0,True,4.1,19.9,spsb_ipv_llama,V10,meta-llama/Meta-Llama-3-8B-Instruct,deep_infra,0.5,3,1,seal,second,private,0.1,1299,private_second_price.txt,2026-01-11_21-10-27-646979,21-25-09-773633,"Given my private value of $24, I will bid strategically to maximize my profit. Since this is the first round, I will start with a conservative bid to gauge the competition. I will bid $10, a relatively low amount that still shows my interest in the prize."
0,Bidder Betty,9,4.1,False,4.1,0,spsb_ipv_llama,V10,meta-llama/Meta-Llama-3-8B-Instruct,deep_infra,0.5,3,1,seal,second,private,0.1,1299,private_second_price.txt,2026-01-11_21-10-27-646979,21-25-09-773633,"Since this is the first round, I'll start by bidding a moderate amount, $4.10, to test the waters and gauge the competition. Given my private value of $9, I'm willing to pay up to $4.10 to win, which will give me a profit of $4.90 if I win."
0,Bidder Charles,13,1.0,False,4.1,0,spsb_ipv_llama,V10,meta-llama/Meta-Llama-3-8B-Instruct,deep_infra,0.5,3,1,seal,second,private,0.1,1299,private_second_price.txt,2026-01-11_21-10-27-646979,21-25-09-773633,"Since this is the first round, I'll start by bidding conservatively to minimize losses. Given my private value is $13, I'll aim to win the auction while keeping the second-highest bid as low as possible. I'll bid $1, which is a relatively low starting point."
0,Bidder Andy,0,0.1,False,10.0,0,spsb_ipv_llama,V10,meta-llama/Meta-Llama-3-8B-Instruct,deep_infra,0.5,3,1,seal,second,private,0.1,1299,private_second_price.txt,2026-01-11_21-10-27-646979,21-25-21-332510,"Since my private value is $0, I will bid strategically to maximize profit. I will bid $0.1 to minimize loss, as I won't gain anything from winning. This is a conservative approach, but it ensures I don't lose more than necessary. I'll observe the other bidders' actions and adjust my strategy accordingly."
0,Bidder Betty,18,10.0,False,10.0,0,spsb_ipv_llama,V10,meta-llama/Meta-Llama-3-8B-Instruct,deep_infra,0.5,3,1,seal,second,private,0.1,1299,private_second_price.txt,2026-01-11_21-10-27-646979,21-25-21-332510,"As it's the first round, I'll start by bidding a moderate amount to gauge the competition. Since my private value is $18, I'll bid $10, which is below my value but still competitive. This will help me understand the other bidders' behavior and adjust my strategy accordingly."
0,Bidder Charles,39,20.0,True,10.0,29.0,spsb_ipv_llama,V10,meta-llama/Meta-Llama-3-8B-Instruct,deep_infra,0.5,3,1,seal,second,private,0.1,1299,private_second_price.txt,2026-01-11_21-10-27-646979,21-25-21-332510,"Since it's the first round, I'll start by bidding a moderate amount to gauge the competition. I'll bid $20, which is low enough to have a good chance of winning, but not so low that I'll lose to the other bidders. I'll observe the bids and adjust my strategy accordingly in future rounds."
0,Bidder Andy,31,20.0,False,20.0,0,spsb_ipv_llama,V10,meta-llama/Meta-Llama-3-8B-Instruct,deep_infra,0.5,3,1,seal,second,private,0.1,1299,private_second_price.txt,2026-01-11_21-10-27-646979,21-25-32-051269,"Since this is the first round, I will start by bidding a moderate amount to gauge the competition. I will bid $20, which is higher than the minimum but lower than the maximum. This will give me a good starting point to adjust my strategy in subsequent rounds if needed."
0,Bidder Betty,47,25.0,True,20.0,27.0,spsb_ipv_llama,V10,meta-llama/Meta-Llama-3-8B-Instruct,deep_infra,0.5,3,1,seal,second,private,0.1,1299,private_second_price.txt,2026-01-11_21-10-27-646979,21-25-32-051269,"As it's the first round, I'll adopt a conservative approach to maximize my expected profit. I'll bid just above the midpoint of the possible range, which is $24.5, to minimize the risk of not winning. Since my private value is $47, I'll bid $25 to ensure a decent chance of winning."
0,Bidder Charles,1,11.0,False,20.0,0,spsb_ipv_llama,V10,meta-llama/Meta-Llama-3-8B-Instruct,deep_infra,0.5,3,1,seal,second,private,0.1,1299,private_second_price.txt,2026-01-11_21-10-27-646979,21-25-32-051269,"Since this is the first round, I will adopt a conservative strategy to gather information. I will bid $11, which is slightly above the average value of $0.50. This will allow me to gain insight into the other bidders' behavior and adjust my strategy accordingly."
0,Bidder Andy,10,1.0,False,1.0,0,spsb_ipv_llama,V10,meta-llama/Meta-Llama-3-8B-Instruct,deep_infra,0.5,3,1,seal,second,private,0.1,1299,private_second_price.txt,2026-01-11_21-10-27-646979,21-25-42-696349,"As the first round, I'll bid conservatively to learn more about the other bidders' strategies. Since my value is $10, I'll bid $1 to minimize potential losses and maximize potential gains. I'll observe the other bidders' bids to adjust my strategy for the next round."
0,Bidder Betty,6,4.0,True,1.0,5.0,spsb_ipv_llama,V10,meta-llama/Meta-Llama-3-8B-Instruct,deep_infra,0.5,3,1,seal,second,private,0.1,1299,private_second_price.txt,2026-01-11_21-10-27-646979,21-25-42-696349,"My bidding strategy is to bid a value that is slightly higher than the expected value of the other bidders. Since this is the first round, I don't have any historical data to rely on. I will bid a moderate amount, $4, to test the waters and gauge the competition."
0,Bidder Charles,4,0.1,False,1.0,0,spsb_ipv_llama,V10,meta-llama/Meta-Llama-3-8B-Instruct,deep_infra,0.5,3,1,seal,second,private,0.1,1299,private_second_price.txt,2026-01-11_21-10-27-646979,21-25-42-696349,"As the first round, I'll start with a conservative bid to minimize losses. Since my private value is $4, I'll bid $0.1 to increase the chances of winning while keeping the potential loss low. I'll observe the other bidders' strategies and adjust my bidding approach accordingly in subsequent rounds."
0,Bidder Andy,19,10.0,False,10.0,0,spsb_ipv_llama,V10,meta-llama/Meta-Llama-3-8B-Instruct,deep_infra,0.5,3,1,seal,second,private,0.1,1299,private_second_price.txt,2026-01-11_21-10-27-646979,21-26-04-204359,"As this is the first round, I will start by bidding a moderate amount to gauge the competition. Since my private value is $19, I will bid $10 to leave room for improvement in future rounds while still being competitive. I will observe the bids of the other players and adjust my strategy accordingly."
0,Bidder Betty,28,14.0,True,10.0,18.0,spsb_ipv_llama,V10,meta-llama/Meta-Llama-3-8B-Instruct,deep_infra,0.5,3,1,seal,second,private,0.1,1299,private_second_price.txt,2026-01-11_21-10-27-646979,21-26-04-204359,"Since this is the first round, I'll start by bidding a moderate amount to gather information about the other bidders. With a private value of $28, I'll bid $14 to keep my options open and see how the other bidders react."
0,Bidder Charles,2,4.0,False,10.0,0,spsb_ipv_llama,V10,meta-llama/Meta-Llama-3-8B-Instruct,deep_infra,0.5,3,1,seal,second,private,0.1,1299,private_second_price.txt,2026-01-11_21-10-27-646979,21-26-04-204359,"Since this is the first round, I'll start by bidding a moderate amount to gauge the competition. Considering my private value is $2, I'll bid $4. This will allow me to learn more about the other bidders' strategies and adjust my bid accordingly in the next round (if available)."
0,Bidder Andy,13,10.0,False,20.0,0,spsb_ipv_llama,V10,meta-llama/Meta-Llama-3-8B-Instruct,deep_infra,0.5,3,1,seal,second,private,0.1,1299,private_second_price.txt,2026-01-11_21-10-27-646979,21-26-14-895887,"Since this is the first round, I will start by bidding a moderate amount to get a sense of the competition. Given my private value of $13, I will bid $10 to minimize the risk of losing and maximize the potential gain. I will observe the bids and adjust my strategy accordingly in future rounds."
0,Bidder Betty,38,20.0,False,20.0,0,spsb_ipv_llama,V10,meta-llama/Meta-Llama-3-8B-Instruct,deep_infra,0.5,3,1,seal,second,private,0.1,1299,private_second_price.txt,2026-01-11_21-10-27-646979,21-26-14-895887,"Since this is the first round, I'll start by bidding a moderate amount to test the competition. Given my private value of $38, I'll bid $20, which is below my value but above the minimum bid. This will allow me to gauge Bidder Andy and Bidder Charles's bidding patterns and adjust accordingly in future rounds."
0,Bidder Charles,43,43.0,True,20.0,23.0,spsb_ipv_llama,V10,meta-llama/Meta-Llama-3-8B-Instruct,deep_infra,0.5,3,1,seal,second,private,0.1,1299,private_second_price.txt,2026-01-11_21-10-27-646979,21-26-14-895887,"Since this is the first round, I'll start by bidding aggressively to maximize profit. I'll bid $43, which is my private value. This will give me the best chance to win and earn a profit if I do."
0,Bidder Andy,34,25.0,True,3.1,30.9,spsb_ipv_llama,V10,meta-llama/Meta-Llama-3-8B-Instruct,deep_infra,0.5,3,1,seal,second,private,0.1,1299,private_second_price.txt,2026-01-11_21-10-27-646979,21-26-25-371736,"Since this is the first round, I will start with a conservative bid to minimize losses. I will bid slightly above the midpoint of the possible range ($24.5) to account for the uncertainty of the other bidders' values. This strategy allows me to balance the risk of losing with the potential reward of winning."
0,Bidder Betty,7,3.1,False,3.1,0,spsb_ipv_llama,V10,meta-llama/Meta-Llama-3-8B-Instruct,deep_infra,0.5,3,1,seal,second,private,0.1,1299,private_second_price.txt,2026-01-11_21-10-27-646979,21-26-25-371736,"Since it's the first round, I'll start by bidding a moderate amount to gauge the competition. Considering my value is $7, I'll bid $3.10, which is slightly above the minimum bid but not too aggressive. This will give me an idea of the other bidders' strategies and allow me to adjust for future rounds."
0,Bidder Charles,13,1.0,False,3.1,0,spsb_ipv_llama,V10,meta-llama/Meta-Llama-3-8B-Instruct,deep_infra,0.5,3,1,seal,second,private,0.1,1299,private_second_price.txt,2026-01-11_21-10-27-646979,21-26-25-371736,"Since this is the first round, I'll start by bidding conservatively to minimize losses. Given my private value is $13, I'll aim to win the auction while keeping the second-highest bid as low as possible. I'll bid $1, which is a relatively low starting point."
0,Bidder Andy,43,24.0,False,24.0,0,spsb_ipv_llama,V10,meta-llama/Meta-Llama-3-8B-Instruct,deep_infra,0.5,3,1,seal,second,private,0.1,1299,private_second_price.txt,2026-01-11_21-10-27-646979,21-26-36-088197,"Since this is the first round, I will start by bidding a moderate amount, taking into account the possibility of other bidders bidding high. I will bid $24, which is a reasonable starting point, allowing me to gain an understanding of the other bidders' strategies. This bid also gives me a chance to win the prize if the other bidders bid low."
0,Bidder Betty,23,25.0,True,24.0,-1.0,spsb_ipv_llama,V10,meta-llama/Meta-Llama-3-8B-Instruct,deep_infra,0.5,3,1,seal,second,private,0.1,1299,private_second_price.txt,2026-01-11_21-10-27-646979,21-26-36-088197,"Since this is the first round, I'll play it safe and bid a moderate amount, considering the prize value is randomly drawn. I'll aim to win the prize, but not overbid. I'll bid slightly higher than the expected value of $23, which is $25."
0,Bidder Charles,9,4.1,False,24.0,0,spsb_ipv_llama,V10,meta-llama/Meta-Llama-3-8B-Instruct,deep_infra,0.5,3,1,seal,second,private,0.1,1299,private_second_price.txt,2026-01-11_21-10-27-646979,21-26-36-088197,"As it's the first round, I'll start by bidding a moderate amount to gauge the competition. Since my private value is $9, I'll bid $4.10, which is slightly above the minimum bid but not too aggressive. This will give me a good starting point for future rounds."
0,Bidder Andy,15,10.0,False,20.0,0,spsb_ipv_llama,V10,meta-llama/Meta-Llama-3-8B-Instruct,deep_infra,0.5,3,1,seal,second,private,0.1,1299,private_second_price.txt,2026-01-11_21-10-27-646979,21-26-46-711652,"Since it's the first round, I'll start by bidding a moderate amount to gauge the competition. Considering my private value is $15, I'll bid $10 to leave room for potential adjustments in future rounds. I'll also observe the bids of Bidder Betty and Bidder Charles to refine my strategy for the next round."
0,Bidder Betty,48,24.0,True,20.0,28.0,spsb_ipv_llama,V10,meta-llama/Meta-Llama-3-8B-Instruct,deep_infra,0.5,3,1,seal,second,private,0.1,1299,private_second_price.txt,2026-01-11_21-10-27-646979,21-26-46-711652,"Since this is the first round, I'll start by bidding conservatively to minimize losses while still having a chance to win. I'll bid $24, which is slightly above the expected value of the auction. This will allow me to gauge the competition and adjust my strategy accordingly."
0,Bidder Charles,42,20.0,False,20.0,0,spsb_ipv_llama,V10,meta-llama/Meta-Llama-3-8B-Instruct,deep_infra,0.5,3,1,seal,second,private,0.1,1299,private_second_price.txt,2026-01-11_21-10-27-646979,21-26-46-711652,"Since this is the first round, I will start by bidding a moderate amount to gauge the competition. Given my private value of $42, I will bid $20 to leave room for future adjustments. This bid is also close enough to the midpoint of the possible range to minimize the risk of overbidding."
0,Bidder Andy,36,20.0,True,15.0,21.0,spsb_ipv_llama,V10,meta-llama/Meta-Llama-3-8B-Instruct,deep_infra,0.5,3,1,seal,second,private,0.1,1299,private_second_price.txt,2026-01-11_21-10-27-646979,21-26-57-202125,"As this is the first round, I will start by bidding a moderate amount to gather information about the other bidders. Since my private value is $36, I will bid $20 to leave room for potential bidding wars."
0,Bidder Betty,27,14.0,False,15.0,0,spsb_ipv_llama,V10,meta-llama/Meta-Llama-3-8B-Instruct,deep_infra,0.5,3,1,seal,second,private,0.1,1299,private_second_price.txt,2026-01-11_21-10-27-646979,21-26-57-202125,"Since this is the first round, I'll start by bidding a moderate amount to gauge the competition. Considering my private value is $27, I'll bid $14, which is slightly above the midpoint of the possible bids. This will allow me to observe the other bidders' behavior and adjust my strategy accordingly."
0,Bidder Charles,25,15.0,False,15.0,0,spsb_ipv_llama,V10,meta-llama/Meta-Llama-3-8B-Instruct,deep_infra,0.5,3,1,seal,second,private,0.1,1299,private_second_price.txt,2026-01-11_21-10-27-646979,21-26-57-202125,"Since this is the first round, I'll start by bidding a moderate amount to gauge the competition. I'll bid $15, which is slightly above the midpoint of the possible bids. This will allow me to gather information about the other bidders' values while keeping my costs low. If I win, I'll aim to maximize my profit by bidding higher in subsequent rounds."
0,Bidder Andy,0,0.1,False,4.5,0,spsb_ipv_llama,V10,meta-llama/Meta-Llama-3-8B-Instruct,deep_infra,0.5,3,1,seal,second,private,0.1,1299,private_second_price.txt,2026-01-11_21-10-27-646979,21-27-07-703802,"Since my private value is $0, I will bid strategically to maximize profit. I will bid $0.1 to minimize loss, as I won't gain anything from winning. This is a conservative approach, but it ensures I don't lose more than necessary. I'll observe the other bidders' actions and adjust my strategy accordingly."
0,Bidder Betty,43,10.0,True,4.5,38.5,spsb_ipv_llama,V10,meta-llama/Meta-Llama-3-8B-Instruct,deep_infra,0.5,3,1,seal,second,private,0.1,1299,private_second_price.txt,2026-01-11_21-10-27-646979,21-27-07-703802,"Since this is the first round, I'll start with a conservative bid to gauge the competition. I'll bid $10, which is low enough to have a good chance of winning but high enough to signal my interest in the prize. I'll observe the bids and adjust my strategy accordingly in subsequent rounds."
0,Bidder Charles,5,4.5,False,4.5,0,spsb_ipv_llama,V10,meta-llama/Meta-Llama-3-8B-Instruct,deep_infra,0.5,3,1,seal,second,private,0.1,1299,private_second_price.txt,2026-01-11_21-10-27-646979,21-27-07-703802,"Since this is the first round, I'll start with a conservative bid to minimize potential losses. Given my private value of $5, I'll aim to win the prize while keeping the second-highest bid as low as possible. I'll bid slightly above the expected average bid to account for the other bidders' values."
0,Bidder Andy,30,20.0,True,7.0,23.0,spsb_ipv_llama,V10,meta-llama/Meta-Llama-3-8B-Instruct,deep_infra,0.5,3,1,seal,second,private,0.1,1299,private_second_price.txt,2026-01-11_21-10-27-646979,21-27-18-282954,"As the first round, my goal is to learn the opponents' bidding patterns. Since I don't have any historical data, I'll start with a conservative bid to minimize potential losses. I'll bid a moderate amount, $20, to gauge the opponents' reactions and gather information for future rounds."
0,Bidder Betty,15,7.0,False,7.0,0,spsb_ipv_llama,V10,meta-llama/Meta-Llama-3-8B-Instruct,deep_infra,0.5,3,1,seal,second,private,0.1,1299,private_second_price.txt,2026-01-11_21-10-27-646979,21-27-18-282954,"Since this is the first round, I'll start by bidding a moderate amount to gauge the competition. Considering my value is $15, I'll bid $7 to increase my chances of winning while minimizing potential losses."
0,Bidder Charles,6,4.1,False,7.0,0,spsb_ipv_llama,V10,meta-llama/Meta-Llama-3-8B-Instruct,deep_infra,0.5,3,1,seal,second,private,0.1,1299,private_second_price.txt,2026-01-11_21-10-27-646979,21-27-18-282954,"Since this is the first round, I'll start by bidding a moderate amount to gauge the competition. Given my private value of $6, I'll bid $4.10, which is slightly above the minimum bid but not too aggressive. This will allow me to get a sense of the other bidders' behavior and adjust my strategy accordingly."
0,Bidder Andy,40,35.0,True,20.0,20.0,spsb_ipv_llama,V10,meta-llama/Meta-Llama-3-8B-Instruct,deep_infra,0.5,3,1,seal,second,private,0.1,1299,private_second_price.txt,2026-01-11_21-10-27-646979,21-27-28-806093,"As the first round, I'll start by bidding aggressively to maximize my expected profit. Since my private value is $40, I'll bid above the expected average value of $24.75. I'll place a bid of $35, which is a reasonable compromise between being too aggressive and too conservative."
0,Bidder Betty,13,6.1,False,20.0,0,spsb_ipv_llama,V10,meta-llama/Meta-Llama-3-8B-Instruct,deep_infra,0.5,3,1,seal,second,private,0.1,1299,private_second_price.txt,2026-01-11_21-10-27-646979,21-27-28-806093,"Since this is the first round, I'll start by bidding a moderate amount to gauge the competition. Considering my value is $13, I'll bid $6.10, which is a reasonable starting point. I'll observe the other bidders' bids and adjust my strategy accordingly for the next round."
0,Bidder Charles,29,20.0,False,20.0,0,spsb_ipv_llama,V10,meta-llama/Meta-Llama-3-8B-Instruct,deep_infra,0.5,3,1,seal,second,private,0.1,1299,private_second_price.txt,2026-01-11_21-10-27-646979,21-27-28-806093,"Since this is the first round, I will start by bidding a moderate amount to gauge the competition. I will bid $20, which is slightly above the average value of the prize. This will give me an idea of the other bidders' values and allow me to adjust my strategy accordingly."
0,Bidder Andy,7,4.0,False,19.0,0,spsb_ipv_llama,V10,meta-llama/Meta-Llama-3-8B-Instruct,deep_infra,0.5,3,1,seal,second,private,0.1,1299,private_second_price.txt,2026-01-11_21-10-27-646979,21-27-39-457346,"Since this is the first round, I'll start by bidding a conservative amount to gauge the competition. I'll bid $4, which is a relatively low value to minimize potential losses. This will also allow me to observe the other bidders' behavior and adjust my strategy accordingly."
0,Bidder Betty,16,20.0,True,19.0,-3.0,spsb_ipv_llama,V10,meta-llama/Meta-Llama-3-8B-Instruct,deep_infra,0.5,3,1,seal,second,private,0.1,1299,private_second_price.txt,2026-01-11_21-10-27-646979,21-27-39-457346,"Since this is the first round, I'll start by bidding a moderate amount, taking into account the possibility of both bidders bidding high or low. I'll aim to win the prize while keeping the second-highest bid reasonable. Given my value is $16, I'll bid $20, a safe and moderate amount."
0,Bidder Charles,21,19.0,False,19.0,0,spsb_ipv_llama,V10,meta-llama/Meta-Llama-3-8B-Instruct,deep_infra,0.5,3,1,seal,second,private,0.1,1299,private_second_price.txt,2026-01-11_21-10-27-646979,21-27-39-457346,"Since this is the first round, I'll start by bidding a moderate amount to gauge the competition. Given my private value of $21, I'll aim to bid around $15-$20 to leave room for potential future rounds. I'll also keep an eye on the other bidders' behavior to adjust my strategy accordingly."
0,Bidder Andy,3,3.0,False,24.9,0,spsb_ipv_llama,V10,meta-llama/Meta-Llama-3-8B-Instruct,deep_infra,0.5,3,1,seal,second,private,0.1,1299,private_second_price.txt,2026-01-11_21-10-27-646979,21-27-50-009432,"Since this is the first round, I will bid based on my private value. I will bid $3, which is my value for the prize. This ensures I maximize my profit if I win, and I don't risk paying more than my value if I don't win."
0,Bidder Betty,45,44.0,True,24.9,20.1,spsb_ipv_llama,V10,meta-llama/Meta-Llama-3-8B-Instruct,deep_infra,0.5,3,1,seal,second,private,0.1,1299,private_second_price.txt,2026-01-11_21-10-27-646979,21-27-50-009432,"As the first round, I'll bid strategically to maximize my profit. Since I don't have any historical data, I'll bid aggressively to increase my chances of winning. I'll bid $44, which is just below my private value of $45, to minimize my potential loss if I don't win."
0,Bidder Charles,48,24.9,False,24.9,0,spsb_ipv_llama,V10,meta-llama/Meta-Llama-3-8B-Instruct,deep_infra,0.5,3,1,seal,second,private,0.1,1299,private_second_price.txt,2026-01-11_21-10-27-646979,21-27-50-009432,"As this is the first round, I'll start by bidding a moderate amount to gauge the competition. Since my private value is $48, I'll bid slightly below to minimize losses. I'll also keep an eye on Bidder Andy and Bidder Betty's bids to adjust my strategy accordingly. I'll aim for a bid that balances risk and potential profit."
0,Bidder Andy,12,10.0,False,10.0,0,spsb_ipv_llama,V10,meta-llama/Meta-Llama-3-8B-Instruct,deep_infra,0.5,3,1,seal,second,private,0.1,1299,private_second_price.txt,2026-01-11_21-10-27-646979,21-28-00-556927,"Given my private value of $12, I will aim to maximize my profit by bidding below the expected value of the other bidders. I will place a bid that is slightly above my private value to account for the possibility of others bidding similarly. I will start with a bid of $10, which is a reasonable compromise between my value and the expected value of the other bidders."
0,Bidder Betty,45,44.0,True,10.0,35.0,spsb_ipv_llama,V10,meta-llama/Meta-Llama-3-8B-Instruct,deep_infra,0.5,3,1,seal,second,private,0.1,1299,private_second_price.txt,2026-01-11_21-10-27-646979,21-28-00-556927,"As the first round, I'll bid strategically to maximize my profit. Since I don't have any historical data, I'll bid aggressively to increase my chances of winning. I'll bid $44, which is just below my private value of $45, to minimize my potential loss if I don't win."
0,Bidder Charles,5,4.5,False,10.0,0,spsb_ipv_llama,V10,meta-llama/Meta-Llama-3-8B-Instruct,deep_infra,0.5,3,1,seal,second,private,0.1,1299,private_second_price.txt,2026-01-11_21-10-27-646979,21-28-00-556927,"Since this is the first round, I'll start with a conservative bid to minimize potential losses. Given my private value of $5, I'll aim to win the prize while keeping the second-highest bid as low as possible. I'll bid slightly above the expected average bid to account for the other bidders' values."
0,Bidder Andy,48,44.0,True,5.0,43.0,spsb_ipv_llama,V10,meta-llama/Meta-Llama-3-8B-Instruct,deep_infra,0.5,3,1,seal,second,private,0.1,1299,private_second_price.txt,2026-01-11_21-10-27-646979,21-28-12-028682,"Considering my private value of $48, I will aim to maximize my profit by bidding high enough to win, but not so high that I end up paying more than my value. I will bid $44, a strategic amount that balances risk and reward."
0,Bidder Betty,11,5.0,False,5.0,0,spsb_ipv_llama,V10,meta-llama/Meta-Llama-3-8B-Instruct,deep_infra,0.5,3,1,seal,second,private,0.1,1299,private_second_price.txt,2026-01-11_21-10-27-646979,21-28-12-028682,"Given my private value is $11, I will bid aggressively to maximize my profit. Since this is the first round, I don't have any historical data to inform my decision. I will start with a bid of $5, which is a relatively low bid to test the competition. If I don't win, I will adjust my bid strategy accordingly in the next round."
0,Bidder Charles,10,5.0,False,5.0,0,spsb_ipv_llama,V10,meta-llama/Meta-Llama-3-8B-Instruct,deep_infra,0.5,3,1,seal,second,private,0.1,1299,private_second_price.txt,2026-01-11_21-10-27-646979,21-28-12-028682,"Since this is the first round, I'll bid strategically to maximize profit. I'll start with a moderate bid to gauge the competition. Given my private value of $10, I'll bid $5 to keep my options open and observe the other bidders' moves."
0,Bidder Andy,31,20.0,True,20.0,11.0,spsb_ipv_llama,V10,meta-llama/Meta-Llama-3-8B-Instruct,deep_infra,0.5,3,1,seal,second,private,0.1,1299,private_second_price.txt,2026-01-11_21-10-27-646979,21-28-22-863309,"Since this is the first round, I will start by bidding a moderate amount to gauge the competition. I will bid $20, which is higher than the minimum but lower than the maximum. This will give me a good starting point to adjust my strategy in subsequent rounds if needed."
0,Bidder Betty,16,20.0,False,20.0,0,spsb_ipv_llama,V10,meta-llama/Meta-Llama-3-8B-Instruct,deep_infra,0.5,3,1,seal,second,private,0.1,1299,private_second_price.txt,2026-01-11_21-10-27-646979,21-28-22-863309,"Since this is the first round, I'll start by bidding a moderate amount, taking into account the possibility of both bidders bidding high or low. I'll aim to win the prize while keeping the second-highest bid reasonable. Given my value is $16, I'll bid $20, a safe and moderate amount."
0,Bidder Charles,28,20.0,False,20.0,0,spsb_ipv_llama,V10,meta-llama/Meta-Llama-3-8B-Instruct,deep_infra,0.5,3,1,seal,second,private,0.1,1299,private_second_price.txt,2026-01-11_21-10-27-646979,21-28-22-863309,"As the first round, I will start by bidding conservatively, aiming to win the prize without overpaying. Since my value is $28, I will bid $20, which is a reasonable starting point. This will allow me to assess the competition's bidding behavior and adjust my strategy accordingly."
0,Bidder Andy,33,20.0,False,20.0,0,spsb_ipv_llama,V10,meta-llama/Meta-Llama-3-8B-Instruct,deep_infra,0.5,3,1,seal,second,private,0.1,1299,private_second_price.txt,2026-01-11_21-10-27-646979,21-28-33-395577,"As the first round, I'll focus on learning the other bidders' behavior. Since I don't have any historical data, I'll bid conservatively, aiming to win the prize without overpaying. I'll bid $20, a moderate amount that should give me a good chance of winning without committing too much."
0,Bidder Betty,15,7.0,False,20.0,0,spsb_ipv_llama,V10,meta-llama/Meta-Llama-3-8B-Instruct,deep_infra,0.5,3,1,seal,second,private,0.1,1299,private_second_price.txt,2026-01-11_21-10-27-646979,21-28-33-395577,"Since this is the first round, I'll start by bidding a moderate amount to gauge the competition. Considering my value is $15, I'll bid $7 to increase my chances of winning while minimizing potential losses."
0,Bidder Charles,33,25.0,True,20.0,13.0,spsb_ipv_llama,V10,meta-llama/Meta-Llama-3-8B-Instruct,deep_infra,0.5,3,1,seal,second,private,0.1,1299,private_second_price.txt,2026-01-11_21-10-27-646979,21-28-33-395577,"Since this is the first round, I'll start by bidding a moderate amount to gauge the competition. Given my value is $33, I'll aim to bid above the average value to increase my chances of winning. I'll bid $25, which is a reasonable starting point to observe the other bidders' strategies."
0,Bidder Andy,26,13.0,True,10.0,16.0,spsb_ipv_llama,V10,meta-llama/Meta-Llama-3-8B-Instruct,deep_infra,0.5,3,1,seal,second,private,0.1,1299,private_second_price.txt,2026-01-11_21-10-27-646979,21-28-44-078633,"As this is the first round, I will start by bidding a moderate amount, $13, to gauge the competition and get a sense of the other bidders' strategies. Since my private value is $26, I have a good chance of winning and increasing my earnings."
0,Bidder Betty,36,10.0,False,10.0,0,spsb_ipv_llama,V10,meta-llama/Meta-Llama-3-8B-Instruct,deep_infra,0.5,3,1,seal,second,private,0.1,1299,private_second_price.txt,2026-01-11_21-10-27-646979,21-28-44-078633,"Since this is the first round, I'll start with a conservative bid to minimize losses. I'll bid $10, which is a relatively low bid but still a decent chance to win. This will allow me to learn more about the other bidders' strategies and adjust my bid accordingly in the next round. If I win, I'll make a profit of $36 - $10 = $26."
0,Bidder Charles,6,4.1,False,10.0,0,spsb_ipv_llama,V10,meta-llama/Meta-Llama-3-8B-Instruct,deep_infra,0.5,3,1,seal,second,private,0.1,1299,private_second_price.txt,2026-01-11_21-10-27-646979,21-28-44-078633,"Since this is the first round, I'll start by bidding a moderate amount to gauge the competition. Given my private value of $6, I'll bid $4.10, which is slightly above the minimum bid but not too aggressive. This will allow me to get a sense of the other bidders' behavior and adjust my strategy accordingly."
0,Bidder Andy,13,10.0,False,10.0,0,spsb_ipv_llama,V10,meta-llama/Meta-Llama-3-8B-Instruct,deep_infra,0.5,3,1,seal,second,private,0.1,1299,private_second_price.txt,2026-01-11_21-10-27-646979,21-28-54-912666,"Since this is the first round, I will start by bidding a moderate amount to get a sense of the competition. Given my private value of $13, I will bid $10 to minimize the risk of losing and maximize the potential gain. I will observe the bids and adjust my strategy accordingly in future rounds."
0,Bidder Betty,12,10.0,False,10.0,0,spsb_ipv_llama,V10,meta-llama/Meta-Llama-3-8B-Instruct,deep_infra,0.5,3,1,seal,second,private,0.1,1299,private_second_price.txt,2026-01-11_21-10-27-646979,21-28-54-912666,"Since this is the first round, I'll start by bidding a moderate amount to gauge the competition. I'll bid $10, slightly below my private value, to observe how the other bidders react. This will help me adjust my strategy for the next round, if any."
0,Bidder Charles,37,25.0,True,10.0,27.0,spsb_ipv_llama,V10,meta-llama/Meta-Llama-3-8B-Instruct,deep_infra,0.5,3,1,seal,second,private,0.1,1299,private_second_price.txt,2026-01-11_21-10-27-646979,21-28-54-912666,"Since this is the first round, I will start by bidding a moderate amount to get a sense of the competition. Given my private value of $37, I will bid $25 to minimize the risk of overbidding and maximize the potential profit."
0,Bidder Andy,37,10.0,False,20.0,0,spsb_ipv_llama,V10,meta-llama/Meta-Llama-3-8B-Instruct,deep_infra,0.5,3,1,seal,second,private,0.1,1299,private_second_price.txt,2026-01-11_21-10-27-646979,21-29-05-576444,"Since this is the first round, I will start by bidding a conservative amount to gauge the competition. I will bid $10, which is a relatively low amount that is likely to be acceptable to the other bidders. This will allow me to gather information about their bidding strategies and adjust my bids accordingly in subsequent rounds."
0,Bidder Betty,44,20.0,False,20.0,0,spsb_ipv_llama,V10,meta-llama/Meta-Llama-3-8B-Instruct,deep_infra,0.5,3,1,seal,second,private,0.1,1299,private_second_price.txt,2026-01-11_21-10-27-646979,21-29-05-576444,"Since this is the first round, I'll start by bidding a moderate amount to gauge the competition. Given my value of $44, I'll bid $20 to maximize my expected profit. This bid is low enough to potentially win, but high enough to deter Bidder Andy and Bidder Charles from bidding too aggressively."
0,Bidder Charles,18,22.0,True,20.0,-2.0,spsb_ipv_llama,V10,meta-llama/Meta-Llama-3-8B-Instruct,deep_infra,0.5,3,1,seal,second,private,0.1,1299,private_second_price.txt,2026-01-11_21-10-27-646979,21-29-05-576444,"Since it's the first round, I'll start by bidding a moderate amount to gauge the competition. Given my private value is $18, I'll aim to bid slightly above the expected average value. I'll bid $22, which is a reasonable starting point to test the waters and get a sense of the other bidders' strategies."
0,Bidder Andy,41,42.0,True,24.9,16.1,spsb_ipv_llama,V10,meta-llama/Meta-Llama-3-8B-Instruct,deep_infra,0.5,3,1,seal,second,private,0.1,1299,private_second_price.txt,2026-01-11_21-10-27-646979,21-29-16-226334,"Since this is the first round, I'll start by bidding a moderate amount to gauge the competition. Considering my private value of $41, I'll aim to bid around 40-42 to maximize my chances of winning while keeping the second-highest bid low. I'll monitor the bids and adjust my strategy accordingly in subsequent rounds if necessary."
0,Bidder Betty,39,24.9,False,24.9,0,spsb_ipv_llama,V10,meta-llama/Meta-Llama-3-8B-Instruct,deep_infra,0.5,3,1,seal,second,private,0.1,1299,private_second_price.txt,2026-01-11_21-10-27-646979,21-29-16-226334,"Since this is the first round, I will start by bidding strategically to maximize my profit. I will bid a moderate amount, considering my private value of $39. I will aim to win the prize while keeping the second-highest bid low. I will bid $24.90, which is slightly below the midpoint of the possible range."
0,Bidder Charles,16,10.0,False,24.9,0,spsb_ipv_llama,V10,meta-llama/Meta-Llama-3-8B-Instruct,deep_infra,0.5,3,1,seal,second,private,0.1,1299,private_second_price.txt,2026-01-11_21-10-27-646979,21-29-16-226334,"Since it's the first round, I'll start by bidding a moderate amount to gauge the competition. Given my private value of $16, I'll bid $10, which is below my value and likely to be a competitive bid. This will allow me to observe the other bidders' behavior and adjust my strategy accordingly."
0,Bidder Andy,42,22.0,False,22.0,0,spsb_ipv_llama,V10,meta-llama/Meta-Llama-3-8B-Instruct,deep_infra,0.5,3,1,seal,second,private,0.1,1299,private_second_price.txt,2026-01-11_21-10-27-646979,21-29-26-685739,"Since this is the first round, I'll start by bidding a moderate amount to gauge the competition. I'll bid $22, which is slightly higher than the midpoint of the possible bid range. This should give me a good chance of winning without overcommitting."
0,Bidder Betty,26,27.0,True,22.0,4.0,spsb_ipv_llama,V10,meta-llama/Meta-Llama-3-8B-Instruct,deep_infra,0.5,3,1,seal,second,private,0.1,1299,private_second_price.txt,2026-01-11_21-10-27-646979,21-29-26-685739,"Since this is the first round, I'll start by bidding a moderate amount to gauge the competition. Given my private value of $26, I'll aim to bid slightly above the expected average value, which is $24.5. I'll bid $27, trying to balance my potential earnings with the risk of losing to the other bidders."
0,Bidder Charles,21,19.0,False,22.0,0,spsb_ipv_llama,V10,meta-llama/Meta-Llama-3-8B-Instruct,deep_infra,0.5,3,1,seal,second,private,0.1,1299,private_second_price.txt,2026-01-11_21-10-27-646979,21-29-26-685739,"Since this is the first round, I'll start by bidding a moderate amount to gauge the competition. Given my private value of $21, I'll aim to bid around $15-$20 to leave room for potential future rounds. I'll also keep an eye on the other bidders' behavior to adjust my strategy accordingly."
0,Bidder Andy,45,1.0,False,4.0,0,spsb_ipv_llama,V10,meta-llama/Meta-Llama-3-8B-Instruct,deep_infra,0.5,3,1,seal,second,private,0.1,1299,private_second_price.txt,2026-01-11_21-10-27-646979,21-29-37-158921,"As it's the first round, I'll start with a conservative bid to gather information. Since my value is $45, I'll bid $1 to minimize losses if I don't win. If I win, I'll aim to maximize my profit by bidding slightly above the expected equilibrium bid. I'll monitor the bids and adjust my strategy accordingly."
0,Bidder Betty,6,4.0,False,4.0,0,spsb_ipv_llama,V10,meta-llama/Meta-Llama-3-8B-Instruct,deep_infra,0.5,3,1,seal,second,private,0.1,1299,private_second_price.txt,2026-01-11_21-10-27-646979,21-29-37-158921,"My bidding strategy is to bid a value that is slightly higher than the expected value of the other bidders. Since this is the first round, I don't have any historical data to rely on. I will bid a moderate amount, $4, to test the waters and gauge the competition."
0,Bidder Charles,43,43.0,True,4.0,39.0,spsb_ipv_llama,V10,meta-llama/Meta-Llama-3-8B-Instruct,deep_infra,0.5,3,1,seal,second,private,0.1,1299,private_second_price.txt,2026-01-11_21-10-27-646979,21-29-37-158921,"Since this is the first round, I'll start by bidding aggressively to maximize profit. I'll bid $43, which is my private value. This will give me the best chance to win and earn a profit if I do."
0,Bidder Andy,2,0.1,False,5.0,0,spsb_ipv_llama,V10,meta-llama/Meta-Llama-3-8B-Instruct,deep_infra,0.5,3,1,seal,second,private,0.1,1299,private_second_price.txt,2026-01-11_21-10-27-646979,21-29-58-211967,"Given my private value of $2, I will bid strategically to maximize my profit. Since this is the first round, I will start with a low bid to gather information. I will bid $0.1 to minimize my potential loss if I don't win, while keeping an eye on the competition's bids."
0,Bidder Betty,11,5.0,False,5.0,0,spsb_ipv_llama,V10,meta-llama/Meta-Llama-3-8B-Instruct,deep_infra,0.5,3,1,seal,second,private,0.1,1299,private_second_price.txt,2026-01-11_21-10-27-646979,21-29-58-211967,"Given my private value is $11, I will bid aggressively to maximize my profit. Since this is the first round, I don't have any historical data to inform my decision. I will start with a bid of $5, which is a relatively low bid to test the competition. If I don't win, I will adjust my bid strategy accordingly in the next round."
0,Bidder Charles,14,17.0,True,5.0,9.0,spsb_ipv_llama,V10,meta-llama/Meta-Llama-3-8B-Instruct,deep_infra,0.5,3,1,seal,second,private,0.1,1299,private_second_price.txt,2026-01-11_21-10-27-646979,21-29-58-211967,"Since this is the first round, I will start by bidding a moderate amount to gain an understanding of the other bidders' behavior. Considering my private value is $14, I will bid $17, which is slightly above my value to account for the uncertainty of the other bidders' values. This bid is also close enough to the minimum increment of $0.1 to avoid being undercut."
0,Bidder Andy,0,0.1,False,28.0,0,spsb_ipv_llama,V10,meta-llama/Meta-Llama-3-8B-Instruct,deep_infra,0.5,3,1,seal,second,private,0.1,1299,private_second_price.txt,2026-01-11_21-10-27-646979,21-30-13-236821,"Since my private value is $0, I will bid strategically to maximize profit. I will bid $0.1 to minimize loss, as I won't gain anything from winning. This is a conservative approach, but it ensures I don't lose more than necessary. I'll observe the other bidders' actions and adjust my strategy accordingly."
0,Bidder Betty,40,41.0,True,28.0,12.0,spsb_ipv_llama,V10,meta-llama/Meta-Llama-3-8B-Instruct,deep_infra,0.5,3,1,seal,second,private,0.1,1299,private_second_price.txt,2026-01-11_21-10-27-646979,21-30-13-236821,"As this is the first round, I will start by bidding aggressively to maximize my chances of winning. Since my private value is $40, I will bid $41, which is slightly above my value to ensure I win, but not so high that I risk losing to the other bidders."
0,Bidder Charles,27,28.0,False,28.0,0,spsb_ipv_llama,V10,meta-llama/Meta-Llama-3-8B-Instruct,deep_infra,0.5,3,1,seal,second,private,0.1,1299,private_second_price.txt,2026-01-11_21-10-27-646979,21-30-13-236821,"As it's the first round, I'll bid based on my private value. Since my value is $27, I'll bid a little higher to increase my chances of winning. I'll bid $28, which is a good compromise between my value and the risk of losing."
0,Bidder Andy,3,3.0,False,3.0,0,spsb_ipv_llama,V10,meta-llama/Meta-Llama-3-8B-Instruct,deep_infra,0.5,3,1,seal,second,private,0.1,1299,private_second_price.txt,2026-01-11_21-10-27-646979,21-30-23-697706,"Since this is the first round, I will bid based on my private value. I will bid $3, which is my value for the prize. This ensures I maximize my profit if I win, and I don't risk paying more than my value if I don't win."
0,Bidder Betty,26,27.0,True,3.0,23.0,spsb_ipv_llama,V10,meta-llama/Meta-Llama-3-8B-Instruct,deep_infra,0.5,3,1,seal,second,private,0.1,1299,private_second_price.txt,2026-01-11_21-10-27-646979,21-30-23-697706,"Since this is the first round, I'll start by bidding a moderate amount to gauge the competition. Given my private value of $26, I'll aim to bid slightly above the expected average value, which is $24.5. I'll bid $27, trying to balance my potential earnings with the risk of losing to the other bidders."
0,Bidder Charles,3,1.0,False,3.0,0,spsb_ipv_llama,V10,meta-llama/Meta-Llama-3-8B-Instruct,deep_infra,0.5,3,1,seal,second,private,0.1,1299,private_second_price.txt,2026-01-11_21-10-27-646979,21-30-23-697706,"Since this is the first round, I'll start with a conservative bid to minimize potential losses. Given my private value of $3, I'll bid $1 to keep my options open and gather information for future rounds. This bid is also low enough to be a reasonable starting point for future negotiations."
0,Bidder Andy,29,10.0,False,14.0,0,spsb_ipv_llama,V10,meta-llama/Meta-Llama-3-8B-Instruct,deep_infra,0.5,3,1,seal,second,private,0.1,1299,private_second_price.txt,2026-01-11_21-10-27-646979,21-30-34-235834,"Since this is the first round, I'll start with a conservative bid to learn more about the other bidders' behavior. I'll bid $10, which is low enough to be competitive but high enough to make it difficult for others to bid lower. I'll observe the other bidders' bids and adjust my strategy accordingly in subsequent rounds."
0,Bidder Betty,29,14.0,False,14.0,0,spsb_ipv_llama,V10,meta-llama/Meta-Llama-3-8B-Instruct,deep_infra,0.5,3,1,seal,second,private,0.1,1299,private_second_price.txt,2026-01-11_21-10-27-646979,21-30-34-235834,"Since this is the first round, I will start by bidding a moderate amount to gauge the competition. I will bid $14, which is slightly above the expected value of $10, but still relatively low. This will allow me to gather information about the other bidders' values and adjust my strategy accordingly."
0,Bidder Charles,17,15.0,True,14.0,3.0,spsb_ipv_llama,V10,meta-llama/Meta-Llama-3-8B-Instruct,deep_infra,0.5,3,1,seal,second,private,0.1,1299,private_second_price.txt,2026-01-11_21-10-27-646979,21-30-34-235834,"Since this is the first round, I'll start by bidding a moderate amount to gauge the competition. I'll bid $15, which is below my private value of $17, to minimize losses in case I don't win. This also gives me a chance to observe the other bidders' behavior and adjust my strategy accordingly."
0,Bidder Andy,9,24.9,False,24.9,0,spsb_ipv_llama,V10,meta-llama/Meta-Llama-3-8B-Instruct,deep_infra,0.5,3,1,seal,second,private,0.1,1299,private_second_price.txt,2026-01-11_21-10-27-646979,21-30-49-216919,"Since it's the first round and I don't have any historical data to learn from, I'll start by bidding a moderate amount, slightly above the midpoint of the bid range. This will give me a good chance of winning while minimizing my potential loss if I don't win. I'll bid $24.90, which is 50% of the maximum bid range."
0,Bidder Betty,45,44.0,True,24.9,20.1,spsb_ipv_llama,V10,meta-llama/Meta-Llama-3-8B-Instruct,deep_infra,0.5,3,1,seal,second,private,0.1,1299,private_second_price.txt,2026-01-11_21-10-27-646979,21-30-49-216919,"As the first round, I'll bid strategically to maximize my profit. Since I don't have any historical data, I'll bid aggressively to increase my chances of winning. I'll bid $44, which is just below my private value of $45, to minimize my potential loss if I don't win."
0,Bidder Charles,0,1.0,False,24.9,0,spsb_ipv_llama,V10,meta-llama/Meta-Llama-3-8B-Instruct,deep_infra,0.5,3,1,seal,second,private,0.1,1299,private_second_price.txt,2026-01-11_21-10-27-646979,21-30-49-216919,"Since my private value is $0, I will bid strategically to maximize my profit. I will bid $1 to minimize my loss, as the expected value of the prize is $0. I will observe the other bidders' bids to adjust my strategy in future rounds."
0,Bidder Andy,0,0.1,False,4.1,0,spsb_ipv_llama,V10,meta-llama/Meta-Llama-3-8B-Instruct,deep_infra,0.5,3,1,seal,second,private,0.1,1299,private_second_price.txt,2026-01-11_21-10-27-646979,21-30-59-725533,"Since my private value is $0, I will bid strategically to maximize profit. I will bid $0.1 to minimize loss, as I won't gain anything from winning. This is a conservative approach, but it ensures I don't lose more than necessary. I'll observe the other bidders' actions and adjust my strategy accordingly."
0,Bidder Betty,10,4.1,False,4.1,0,spsb_ipv_llama,V10,meta-llama/Meta-Llama-3-8B-Instruct,deep_infra,0.5,3,1,seal,second,private,0.1,1299,private_second_price.txt,2026-01-11_21-10-27-646979,21-30-59-725533,"Since this is the first round, I will start by bidding a moderate amount, $4.10, to test the waters and get a sense of the other bidders' strategies. I will also take note of their bids to adjust my strategy accordingly in future rounds, if any."
0,Bidder Charles,28,20.0,True,4.1,23.9,spsb_ipv_llama,V10,meta-llama/Meta-Llama-3-8B-Instruct,deep_infra,0.5,3,1,seal,second,private,0.1,1299,private_second_price.txt,2026-01-11_21-10-27-646979,21-30-59-725533,"As the first round, I will start by bidding conservatively, aiming to win the prize without overpaying. Since my value is $28, I will bid $20, which is a reasonable starting point. This will allow me to assess the competition's bidding behavior and adjust my strategy accordingly."
0,Bidder Andy,45,1.0,False,4.1,0,spsb_ipv_llama,V10,meta-llama/Meta-Llama-3-8B-Instruct,deep_infra,0.5,3,1,seal,second,private,0.1,1299,private_second_price.txt,2026-01-11_21-10-27-646979,21-31-14-826290,"As it's the first round, I'll start with a conservative bid to gather information. Since my value is $45, I'll bid $1 to minimize losses if I don't win. If I win, I'll aim to maximize my profit by bidding slightly above the expected equilibrium bid. I'll monitor the bids and adjust my strategy accordingly."
0,Bidder Betty,41,4.1,False,4.1,0,spsb_ipv_llama,V10,meta-llama/Meta-Llama-3-8B-Instruct,deep_infra,0.5,3,1,seal,second,private,0.1,1299,private_second_price.txt,2026-01-11_21-10-27-646979,21-31-14-826290,"Since this is the first round, I'll start with a conservative bid to minimize losses. I'll bid $4.10, which is 10% of my value, to gauge the competition. This bid is low enough to potentially win, but high enough to signal my interest in the prize."
0,Bidder Charles,16,10.0,True,4.1,11.9,spsb_ipv_llama,V10,meta-llama/Meta-Llama-3-8B-Instruct,deep_infra,0.5,3,1,seal,second,private,0.1,1299,private_second_price.txt,2026-01-11_21-10-27-646979,21-31-14-826290,"Since it's the first round, I'll start by bidding a moderate amount to gauge the competition. Given my private value of $16, I'll bid $10, which is below my value and likely to be a competitive bid. This will allow me to observe the other bidders' behavior and adjust my strategy accordingly."
0,Bidder Andy,41,42.0,True,25.0,16.0,spsb_ipv_llama,V10,meta-llama/Meta-Llama-3-8B-Instruct,deep_infra,0.5,3,1,seal,second,private,0.1,1299,private_second_price.txt,2026-01-11_21-10-27-646979,21-31-25-640524,"Since this is the first round, I'll start by bidding a moderate amount to gauge the competition. Considering my private value of $41, I'll aim to bid around 40-42 to maximize my chances of winning while keeping the second-highest bid low. I'll monitor the bids and adjust my strategy accordingly in subsequent rounds if necessary."
0,Bidder Betty,37,20.0,False,25.0,0,spsb_ipv_llama,V10,meta-llama/Meta-Llama-3-8B-Instruct,deep_infra,0.5,3,1,seal,second,private,0.1,1299,private_second_price.txt,2026-01-11_21-10-27-646979,21-31-25-640524,"Given my private value of $37, I will bid a value that maximizes my profit. Since this is the first round, I don't have any historical data to rely on. I will start by bidding a moderate value, $20, to gauge the competition. This bid is high enough to potentially win, but low enough to minimize losses if I don't win."
0,Bidder Charles,37,25.0,False,25.0,0,spsb_ipv_llama,V10,meta-llama/Meta-Llama-3-8B-Instruct,deep_infra,0.5,3,1,seal,second,private,0.1,1299,private_second_price.txt,2026-01-11_21-10-27-646979,21-31-25-640524,"Since this is the first round, I will start by bidding a moderate amount to get a sense of the competition. Given my private value of $37, I will bid $25 to minimize the risk of overbidding and maximize the potential profit."
0,Bidder Andy,36,20.0,False,44.0,0,spsb_ipv_llama,V10,meta-llama/Meta-Llama-3-8B-Instruct,deep_infra,0.5,3,1,seal,second,private,0.1,1299,private_second_price.txt,2026-01-11_21-10-27-646979,21-31-36-488953,"As this is the first round, I will start by bidding a moderate amount to gather information about the other bidders. Since my private value is $36, I will bid $20 to leave room for potential bidding wars."
0,Bidder Betty,45,44.0,False,44.0,0,spsb_ipv_llama,V10,meta-llama/Meta-Llama-3-8B-Instruct,deep_infra,0.5,3,1,seal,second,private,0.1,1299,private_second_price.txt,2026-01-11_21-10-27-646979,21-31-36-488953,"As the first round, I'll bid strategically to maximize my profit. Since I don't have any historical data, I'll bid aggressively to increase my chances of winning. I'll bid $44, which is just below my private value of $45, to minimize my potential loss if I don't win."
0,Bidder Charles,49,49.0,True,44.0,5.0,spsb_ipv_llama,V10,meta-llama/Meta-Llama-3-8B-Instruct,deep_infra,0.5,3,1,seal,second,private,0.1,1299,private_second_price.txt,2026-01-11_21-10-27-646979,21-31-36-488953,"Since this is the first round, I will bid based on my private value of $49. I will bid the highest possible amount to maximize my earnings. I will bid $49, hoping to win the prize and earn $49 minus the second-highest bid."
0,Bidder Andy,42,22.0,False,22.0,0,spsb_ipv_llama,V10,meta-llama/Meta-Llama-3-8B-Instruct,deep_infra,0.5,3,1,seal,second,private,0.1,1299,private_second_price.txt,2026-01-11_21-10-27-646979,21-31-47-411723,"Since this is the first round, I'll start by bidding a moderate amount to gauge the competition. I'll bid $22, which is slightly higher than the midpoint of the possible bid range. This should give me a good chance of winning without overcommitting."
0,Bidder Betty,26,27.0,True,22.0,4.0,spsb_ipv_llama,V10,meta-llama/Meta-Llama-3-8B-Instruct,deep_infra,0.5,3,1,seal,second,private,0.1,1299,private_second_price.txt,2026-01-11_21-10-27-646979,21-31-47-411723,"Since this is the first round, I'll start by bidding a moderate amount to gauge the competition. Given my private value of $26, I'll aim to bid slightly above the expected average value, which is $24.5. I'll bid $27, trying to balance my potential earnings with the risk of losing to the other bidders."
0,Bidder Charles,42,20.0,False,22.0,0,spsb_ipv_llama,V10,meta-llama/Meta-Llama-3-8B-Instruct,deep_infra,0.5,3,1,seal,second,private,0.1,1299,private_second_price.txt,2026-01-11_21-10-27-646979,21-31-47-411723,"Since this is the first round, I will start by bidding a moderate amount to gauge the competition. Given my private value of $42, I will bid $20 to leave room for future adjustments. This bid is also close enough to the midpoint of the possible range to minimize the risk of overbidding."
0,Bidder Andy,7,4.0,False,10.0,0,spsb_ipv_llama,V10,meta-llama/Meta-Llama-3-8B-Instruct,deep_infra,0.5,3,1,seal,second,private,0.1,1299,private_second_price.txt,2026-01-11_21-10-27-646979,21-31-58-100080,"Since this is the first round, I'll start by bidding a conservative amount to gauge the competition. I'll bid $4, which is a relatively low value to minimize potential losses. This will also allow me to observe the other bidders' behavior and adjust my strategy accordingly."
0,Bidder Betty,18,10.0,False,10.0,0,spsb_ipv_llama,V10,meta-llama/Meta-Llama-3-8B-Instruct,deep_infra,0.5,3,1,seal,second,private,0.1,1299,private_second_price.txt,2026-01-11_21-10-27-646979,21-31-58-100080,"As it's the first round, I'll start by bidding a moderate amount to gauge the competition. Since my private value is $18, I'll bid $10, which is below my value but still competitive. This will help me understand the other bidders' behavior and adjust my strategy accordingly."
0,Bidder Charles,44,20.0,True,10.0,34.0,spsb_ipv_llama,V10,meta-llama/Meta-Llama-3-8B-Instruct,deep_infra,0.5,3,1,seal,second,private,0.1,1299,private_second_price.txt,2026-01-11_21-10-27-646979,21-31-58-100080,"Since this is the first round, I will start by bidding conservatively, taking into account the unpredictability of the values. I will bid $20, which is a moderate amount that should be competitive but not too high. This will allow me to gauge the other bidders' strategies and adjust my approach accordingly."
0,Bidder Andy,19,10.0,False,10.0,0,spsb_ipv_llama,V10,meta-llama/Meta-Llama-3-8B-Instruct,deep_infra,0.5,3,1,seal,second,private,0.1,1299,private_second_price.txt,2026-01-11_21-10-27-646979,21-32-08-772309,"As this is the first round, I will start by bidding a moderate amount to gauge the competition. Since my private value is $19, I will bid $10 to leave room for improvement in future rounds while still being competitive. I will observe the bids of the other players and adjust my strategy accordingly."
0,Bidder Betty,3,0.3,False,10.0,0,spsb_ipv_llama,V10,meta-llama/Meta-Llama-3-8B-Instruct,deep_infra,0.5,3,1,seal,second,private,0.1,1299,private_second_price.txt,2026-01-11_21-10-27-646979,21-32-08-772309,"Since this is the first round, I'll start with a conservative bid to minimize potential losses. Given my private value is $3, I'll bid $0.3 to maximize potential profit. This bid is low enough to potentially win but not so low that I'll lose out to the other bidders. I'll observe their bids and adjust my strategy accordingly in subsequent rounds."
0,Bidder Charles,47,24.9,True,10.0,37.0,spsb_ipv_llama,V10,meta-llama/Meta-Llama-3-8B-Instruct,deep_infra,0.5,3,1,seal,second,private,0.1,1299,private_second_price.txt,2026-01-11_21-10-27-646979,21-32-08-772309,"Since this is the first round, I will start by bidding a moderate amount, taking into account my private value of $47. I will bid $24.90, which is slightly above the midpoint of the bidding range. This will give me a good chance of winning while minimizing my potential loss if I don't win."
0,Bidder Andy,9,24.9,True,1.0,8.0,spsb_ipv_llama,V10,meta-llama/Meta-Llama-3-8B-Instruct,deep_infra,0.5,3,1,seal,second,private,0.1,1299,private_second_price.txt,2026-01-11_21-10-27-646979,21-32-20-625415,"Since it's the first round and I don't have any historical data to learn from, I'll start by bidding a moderate amount, slightly above the midpoint of the bid range. This will give me a good chance of winning while minimizing my potential loss if I don't win. I'll bid $24.90, which is 50% of the maximum bid range."
0,Bidder Betty,0,1.0,False,1.0,0,spsb_ipv_llama,V10,meta-llama/Meta-Llama-3-8B-Instruct,deep_infra,0.5,3,1,seal,second,private,0.1,1299,private_second_price.txt,2026-01-11_21-10-27-646979,21-32-20-625415,"Since my private value is $0, I will bid strategically to minimize losses. I will observe the bids of other bidders and bid $1 to avoid losing to a high bid. This will also give me an opportunity to observe their bidding patterns and adjust my strategy accordingly."
0,Bidder Charles,13,1.0,False,1.0,0,spsb_ipv_llama,V10,meta-llama/Meta-Llama-3-8B-Instruct,deep_infra,0.5,3,1,seal,second,private,0.1,1299,private_second_price.txt,2026-01-11_21-10-27-646979,21-32-20-625415,"Since this is the first round, I'll start by bidding conservatively to minimize losses. Given my private value is $13, I'll aim to win the auction while keeping the second-highest bid as low as possible. I'll bid $1, which is a relatively low starting point."
0,Bidder Andy,37,10.0,False,10.0,0,spsb_ipv_llama,V10,meta-llama/Meta-Llama-3-8B-Instruct,deep_infra,0.5,3,1,seal,second,private,0.1,1299,private_second_price.txt,2026-01-11_21-10-27-646979,21-32-35-747033,"Since this is the first round, I will start by bidding a conservative amount to gauge the competition. I will bid $10, which is a relatively low amount that is likely to be acceptable to the other bidders. This will allow me to gather information about their bidding strategies and adjust my bids accordingly in subsequent rounds."
0,Bidder Betty,11,5.0,False,10.0,0,spsb_ipv_llama,V10,meta-llama/Meta-Llama-3-8B-Instruct,deep_infra,0.5,3,1,seal,second,private,0.1,1299,private_second_price.txt,2026-01-11_21-10-27-646979,21-32-35-747033,"Given my private value is $11, I will bid aggressively to maximize my profit. Since this is the first round, I don't have any historical data to inform my decision. I will start with a bid of $5, which is a relatively low bid to test the competition. If I don't win, I will adjust my bid strategy accordingly in the next round."
0,Bidder Charles,21,19.0,True,10.0,11.0,spsb_ipv_llama,V10,meta-llama/Meta-Llama-3-8B-Instruct,deep_infra,0.5,3,1,seal,second,private,0.1,1299,private_second_price.txt,2026-01-11_21-10-27-646979,21-32-35-747033,"Since this is the first round, I'll start by bidding a moderate amount to gauge the competition. Given my private value of $21, I'll aim to bid around $15-$20 to leave room for potential future rounds. I'll also keep an eye on the other bidders' behavior to adjust my strategy accordingly."
0,Bidder Andy,4,4.1,False,20.0,0,spsb_ipv_llama,V10,meta-llama/Meta-Llama-3-8B-Instruct,deep_infra,0.5,3,1,seal,second,private,0.1,1299,private_second_price.txt,2026-01-11_21-10-27-646979,21-32-46-413623,"Given that this is the first round, I will start by bidding a moderate amount to test the competition. Since my private value is $4, I will bid $4.10, which is close to my value but still within the range of possible values for the other bidders."
0,Bidder Betty,40,41.0,True,20.0,20.0,spsb_ipv_llama,V10,meta-llama/Meta-Llama-3-8B-Instruct,deep_infra,0.5,3,1,seal,second,private,0.1,1299,private_second_price.txt,2026-01-11_21-10-27-646979,21-32-46-413623,"As this is the first round, I will start by bidding aggressively to maximize my chances of winning. Since my private value is $40, I will bid $41, which is slightly above my value to ensure I win, but not so high that I risk losing to the other bidders."
0,Bidder Charles,32,20.0,False,20.0,0,spsb_ipv_llama,V10,meta-llama/Meta-Llama-3-8B-Instruct,deep_infra,0.5,3,1,seal,second,private,0.1,1299,private_second_price.txt,2026-01-11_21-10-27-646979,21-32-46-413623,"Since this is the first round, I'll start by bidding a moderate amount, taking into account the possibility of my value being low. I'll bid $20, which is higher than the minimum but not too aggressive, allowing me to learn from the other bidders' strategies and adjust for future rounds."
0,Bidder Andy,37,10.0,False,20.0,0,spsb_ipv_llama,V10,meta-llama/Meta-Llama-3-8B-Instruct,deep_infra,0.5,3,1,seal,second,private,0.1,1299,private_second_price.txt,2026-01-11_21-10-27-646979,21-32-56-915563,"Since this is the first round, I will start by bidding a conservative amount to gauge the competition. I will bid $10, which is a relatively low amount that is likely to be acceptable to the other bidders. This will allow me to gather information about their bidding strategies and adjust my bids accordingly in subsequent rounds."
0,Bidder Betty,49,49.0,True,20.0,29.0,spsb_ipv_llama,V10,meta-llama/Meta-Llama-3-8B-Instruct,deep_infra,0.5,3,1,seal,second,private,0.1,1299,private_second_price.txt,2026-01-11_21-10-27-646979,21-32-56-915563,"As the first round, I'll bid my private value of $49 to maximize my profit. Since I don't have any historical data to learn from, I'll rely on my initial value to make an informed decision. I'll aim to win the prize and pay the second-highest bid, which will be $0."
0,Bidder Charles,40,20.0,False,20.0,0,spsb_ipv_llama,V10,meta-llama/Meta-Llama-3-8B-Instruct,deep_infra,0.5,3,1,seal,second,private,0.1,1299,private_second_price.txt,2026-01-11_21-10-27-646979,21-32-56-915563,"Since this is the first round, I will start by bidding a moderate amount to get a sense of the other bidders' behavior. Given my value of $40, I will bid $20 to maximize my profit in case I win. If I don't win, I will still have a good chance of winning in future rounds."
0,Bidder Andy,3,3.0,False,5.0,0,spsb_ipv_llama,V10,meta-llama/Meta-Llama-3-8B-Instruct,deep_infra,0.5,3,1,seal,second,private,0.1,1299,private_second_price.txt,2026-01-11_21-10-27-646979,21-33-07-446939,"Since this is the first round, I will bid based on my private value. I will bid $3, which is my value for the prize. This ensures I maximize my profit if I win, and I don't risk paying more than my value if I don't win."
0,Bidder Betty,34,24.0,True,5.0,29.0,spsb_ipv_llama,V10,meta-llama/Meta-Llama-3-8B-Instruct,deep_infra,0.5,3,1,seal,second,private,0.1,1299,private_second_price.txt,2026-01-11_21-10-27-646979,21-33-07-446939,"Since this is the first round, I'll start by bidding a moderate amount to gauge the competition. I'll bid $24, which is slightly above the expected average value but not too aggressive. This will give me an idea of the other bidders' strategies and allow me to adjust for future rounds."
0,Bidder Charles,10,5.0,False,5.0,0,spsb_ipv_llama,V10,meta-llama/Meta-Llama-3-8B-Instruct,deep_infra,0.5,3,1,seal,second,private,0.1,1299,private_second_price.txt,2026-01-11_21-10-27-646979,21-33-07-446939,"Since this is the first round, I'll bid strategically to maximize profit. I'll start with a moderate bid to gauge the competition. Given my private value of $10, I'll bid $5 to keep my options open and observe the other bidders' moves."
0,Bidder Andy,5,4.5,True,4.1,0.9000000000000004,spsb_ipv_llama,V10,meta-llama/Meta-Llama-3-8B-Instruct,deep_infra,0.5,3,1,seal,second,private,0.1,1299,private_second_price.txt,2026-01-11_21-10-27-646979,21-33-17-828093,"Since this is the first round, I'll start by bidding a moderate amount to test the competition. Given my private value is $5, I'll bid $4.50 to maximize my potential earnings while minimizing the risk of losing to the other bidders."
0,Bidder Betty,6,4.0,False,4.1,0,spsb_ipv_llama,V10,meta-llama/Meta-Llama-3-8B-Instruct,deep_infra,0.5,3,1,seal,second,private,0.1,1299,private_second_price.txt,2026-01-11_21-10-27-646979,21-33-17-828093,"My bidding strategy is to bid a value that is slightly higher than the expected value of the other bidders. Since this is the first round, I don't have any historical data to rely on. I will bid a moderate amount, $4, to test the waters and gauge the competition."
0,Bidder Charles,6,4.1,False,4.1,0,spsb_ipv_llama,V10,meta-llama/Meta-Llama-3-8B-Instruct,deep_infra,0.5,3,1,seal,second,private,0.1,1299,private_second_price.txt,2026-01-11_21-10-27-646979,21-33-17-828093,"Since this is the first round, I'll start by bidding a moderate amount to gauge the competition. Given my private value of $6, I'll bid $4.10, which is slightly above the minimum bid but not too aggressive. This will allow me to get a sense of the other bidders' behavior and adjust my strategy accordingly."
0,Bidder Andy,8,4.0,False,20.0,0,spsb_ipv_llama,V10,meta-llama/Meta-Llama-3-8B-Instruct,deep_infra,0.5,3,1,seal,second,private,0.1,1299,private_second_price.txt,2026-01-11_21-10-27-646979,21-33-39-024885,"Since this is the first round, I will start with a conservative bid to minimize losses. I will bid $4, which is below my private value of $8. This will allow me to learn more about the other bidders' behavior and adjust my strategy accordingly."
0,Bidder Betty,32,20.0,False,20.0,0,spsb_ipv_llama,V10,meta-llama/Meta-Llama-3-8B-Instruct,deep_infra,0.5,3,1,seal,second,private,0.1,1299,private_second_price.txt,2026-01-11_21-10-27-646979,21-33-39-024885,"Since this is the first round, I'll start by bidding a moderate amount to gauge the competition. I'll bid $20, which is slightly above the midpoint of the possible bids. This will allow me to observe the other bidders' behavior and adjust my strategy accordingly."
0,Bidder Charles,38,24.0,True,20.0,18.0,spsb_ipv_llama,V10,meta-llama/Meta-Llama-3-8B-Instruct,deep_infra,0.5,3,1,seal,second,private,0.1,1299,private_second_price.txt,2026-01-11_21-10-27-646979,21-33-39-024885,"Since this is the first round, I will start by bidding aggressively to maximize my chances of winning. I will bid a moderate amount, taking into account the random nature of the values and the competition. I will bid $24.00, aiming to win while keeping the second-highest bid relatively low."
0,Bidder Andy,16,10.0,False,10.0,0,spsb_ipv_llama,V10,meta-llama/Meta-Llama-3-8B-Instruct,deep_infra,0.5,3,1,seal,second,private,0.1,1299,private_second_price.txt,2026-01-11_21-10-27-646979,21-33-49-657834,"Since this is the first round, I will start by bidding a moderate amount to gauge the competition. I will bid $10, which is low enough to have a good chance of winning, but high enough to signal my interest in the prize. I will observe the bids and adjust my strategy accordingly in subsequent rounds."
0,Bidder Betty,28,14.0,True,10.0,18.0,spsb_ipv_llama,V10,meta-llama/Meta-Llama-3-8B-Instruct,deep_infra,0.5,3,1,seal,second,private,0.1,1299,private_second_price.txt,2026-01-11_21-10-27-646979,21-33-49-657834,"Since this is the first round, I'll start by bidding a moderate amount to gather information about the other bidders. With a private value of $28, I'll bid $14 to keep my options open and see how the other bidders react."
0,Bidder Charles,7,4.1,False,10.0,0,spsb_ipv_llama,V10,meta-llama/Meta-Llama-3-8B-Instruct,deep_infra,0.5,3,1,seal,second,private,0.1,1299,private_second_price.txt,2026-01-11_21-10-27-646979,21-33-49-657834,"Since this is the first round, I'll start by bidding conservatively. With a private value of $7, I'll aim to win the prize while minimizing my losses. I'll start with a bid of $4.1, which is slightly above the expected average value of $2.5. This will give me a good chance of winning while keeping my losses low."
0,Bidder Andy,24,10.0,False,10.0,0,spsb_ipv_llama,V10,meta-llama/Meta-Llama-3-8B-Instruct,deep_infra,0.5,3,1,seal,second,private,0.1,1299,private_second_price.txt,2026-01-11_21-10-27-646979,21-34-00-131260,"Given my private value of $24, I will bid strategically to maximize my profit. Since this is the first round, I will start with a conservative bid to gauge the competition. I will bid $10, a relatively low amount that still shows my interest in the prize."
0,Bidder Betty,48,24.0,True,10.0,38.0,spsb_ipv_llama,V10,meta-llama/Meta-Llama-3-8B-Instruct,deep_infra,0.5,3,1,seal,second,private,0.1,1299,private_second_price.txt,2026-01-11_21-10-27-646979,21-34-00-131260,"Since this is the first round, I'll start by bidding conservatively to minimize losses while still having a chance to win. I'll bid $24, which is slightly above the expected value of the auction. This will allow me to gauge the competition and adjust my strategy accordingly."
0,Bidder Charles,22,10.0,False,10.0,0,spsb_ipv_llama,V10,meta-llama/Meta-Llama-3-8B-Instruct,deep_infra,0.5,3,1,seal,second,private,0.1,1299,private_second_price.txt,2026-01-11_21-10-27-646979,21-34-00-131260,"Since this is the first round, I'll start with a cautious bid to gauge the competition. I'll bid $10, which is a relatively low value. This will give me an opportunity to learn more about the other bidders' strategies and adjust my bidding accordingly in future rounds."
0,Bidder Andy,25,10.0,False,10.0,0,spsb_ipv_llama,V10,meta-llama/Meta-Llama-3-8B-Instruct,deep_infra,0.5,3,1,seal,second,private,0.1,1299,private_second_price.txt,2026-01-11_21-10-27-646979,21-34-10-748523,"Since this is the first round, I will start with a conservative bid to gauge the competition. I will bid $10, which is below my private value, to minimize losses if I don't win. If I win, I will increase my earnings by $25, and if I lose, I will remain unchanged."
0,Bidder Betty,11,5.0,False,10.0,0,spsb_ipv_llama,V10,meta-llama/Meta-Llama-3-8B-Instruct,deep_infra,0.5,3,1,seal,second,private,0.1,1299,private_second_price.txt,2026-01-11_21-10-27-646979,21-34-10-748523,"Given my private value is $11, I will bid aggressively to maximize my profit. Since this is the first round, I don't have any historical data to inform my decision. I will start with a bid of $5, which is a relatively low bid to test the competition. If I don't win, I will adjust my bid strategy accordingly in the next round."
0,Bidder Charles,28,20.0,True,10.0,18.0,spsb_ipv_llama,V10,meta-llama/Meta-Llama-3-8B-Instruct,deep_infra,0.5,3,1,seal,second,private,0.1,1299,private_second_price.txt,2026-01-11_21-10-27-646979,21-34-10-748523,"As the first round, I will start by bidding conservatively, aiming to win the prize without overpaying. Since my value is $28, I will bid $20, which is a reasonable starting point. This will allow me to assess the competition's bidding behavior and adjust my strategy accordingly."
0,Bidder Andy,42,22.0,True,10.0,32.0,spsb_ipv_llama,V10,meta-llama/Meta-Llama-3-8B-Instruct,deep_infra,0.5,3,1,seal,second,private,0.1,1299,private_second_price.txt,2026-01-11_21-10-27-646979,21-34-21-357812,"Since this is the first round, I'll start by bidding a moderate amount to gauge the competition. I'll bid $22, which is slightly higher than the midpoint of the possible bid range. This should give me a good chance of winning without overcommitting."
0,Bidder Betty,6,4.0,False,10.0,0,spsb_ipv_llama,V10,meta-llama/Meta-Llama-3-8B-Instruct,deep_infra,0.5,3,1,seal,second,private,0.1,1299,private_second_price.txt,2026-01-11_21-10-27-646979,21-34-21-357812,"My bidding strategy is to bid a value that is slightly higher than the expected value of the other bidders. Since this is the first round, I don't have any historical data to rely on. I will bid a moderate amount, $4, to test the waters and gauge the competition."
0,Bidder Charles,16,10.0,False,10.0,0,spsb_ipv_llama,V10,meta-llama/Meta-Llama-3-8B-Instruct,deep_infra,0.5,3,1,seal,second,private,0.1,1299,private_second_price.txt,2026-01-11_21-10-27-646979,21-34-21-357812,"Since it's the first round, I'll start by bidding a moderate amount to gauge the competition. Given my private value of $16, I'll bid $10, which is below my value and likely to be a competitive bid. This will allow me to observe the other bidders' behavior and adjust my strategy accordingly."
0,Bidder Andy,4,4.1,False,20.0,0,spsb_ipv_llama,V10,meta-llama/Meta-Llama-3-8B-Instruct,deep_infra,0.5,3,1,seal,second,private,0.1,1299,private_second_price.txt,2026-01-11_21-10-27-646979,21-34-42-721893,"Given that this is the first round, I will start by bidding a moderate amount to test the competition. Since my private value is $4, I will bid $4.10, which is close to my value but still within the range of possible values for the other bidders."
0,Bidder Betty,31,20.0,False,20.0,0,spsb_ipv_llama,V10,meta-llama/Meta-Llama-3-8B-Instruct,deep_infra,0.5,3,1,seal,second,private,0.1,1299,private_second_price.txt,2026-01-11_21-10-27-646979,21-34-42-721893,"Since this is the first round, I'll start by bidding a moderate amount to gauge the competition. Given my private value is $31, I'll bid $20 to ensure I have a chance to win while keeping my expected loss minimal. I'll observe the other bidders' moves and adjust my strategy accordingly in subsequent rounds."
0,Bidder Charles,47,24.9,True,20.0,27.0,spsb_ipv_llama,V10,meta-llama/Meta-Llama-3-8B-Instruct,deep_infra,0.5,3,1,seal,second,private,0.1,1299,private_second_price.txt,2026-01-11_21-10-27-646979,21-34-42-721893,"Since this is the first round, I will start by bidding a moderate amount, taking into account my private value of $47. I will bid $24.90, which is slightly above the midpoint of the bidding range. This will give me a good chance of winning while minimizing my potential loss if I don't win."
0,Bidder Andy,4,4.1,False,4.1,0,spsb_ipv_llama,V10,meta-llama/Meta-Llama-3-8B-Instruct,deep_infra,0.5,3,1,seal,second,private,0.1,1299,private_second_price.txt,2026-01-11_21-10-27-646979,21-34-53-800963,"Given that this is the first round, I will start by bidding a moderate amount to test the competition. Since my private value is $4, I will bid $4.10, which is close to my value but still within the range of possible values for the other bidders."
0,Bidder Betty,20,10.0,True,4.1,15.9,spsb_ipv_llama,V10,meta-llama/Meta-Llama-3-8B-Instruct,deep_infra,0.5,3,1,seal,second,private,0.1,1299,private_second_price.txt,2026-01-11_21-10-27-646979,21-34-53-800963,"Since this is the first round, I will start by bidding a moderate amount, considering my private value of $20. I will bid $10, which is a relatively low bid to gauge the competition and avoid overbidding."
0,Bidder Charles,13,1.0,False,4.1,0,spsb_ipv_llama,V10,meta-llama/Meta-Llama-3-8B-Instruct,deep_infra,0.5,3,1,seal,second,private,0.1,1299,private_second_price.txt,2026-01-11_21-10-27-646979,21-34-53-800963,"Since this is the first round, I'll start by bidding conservatively to minimize losses. Given my private value is $13, I'll aim to win the auction while keeping the second-highest bid as low as possible. I'll bid $1, which is a relatively low starting point."
0,Bidder Andy,21,15.0,False,15.0,0,spsb_ipv_llama,V10,meta-llama/Meta-Llama-3-8B-Instruct,deep_infra,0.5,3,1,seal,second,private,0.1,1299,private_second_price.txt,2026-01-11_21-10-27-646979,21-35-04-615482,"As this is the first round, I will start by bidding a moderate amount to test the competition and learn more about their bidding strategies. Since my private value is $21, I will bid $15, which is below my value and should not attract too much attention. This will allow me to gather information about the other bidders' values and adjust my strategy accordingly."
0,Bidder Betty,20,10.0,False,15.0,0,spsb_ipv_llama,V10,meta-llama/Meta-Llama-3-8B-Instruct,deep_infra,0.5,3,1,seal,second,private,0.1,1299,private_second_price.txt,2026-01-11_21-10-27-646979,21-35-04-615482,"Since this is the first round, I will start by bidding a moderate amount, considering my private value of $20. I will bid $10, which is a relatively low bid to gauge the competition and avoid overbidding."
0,Bidder Charles,48,24.9,True,15.0,33.0,spsb_ipv_llama,V10,meta-llama/Meta-Llama-3-8B-Instruct,deep_infra,0.5,3,1,seal,second,private,0.1,1299,private_second_price.txt,2026-01-11_21-10-27-646979,21-35-04-615482,"As this is the first round, I'll start by bidding a moderate amount to gauge the competition. Since my private value is $48, I'll bid slightly below to minimize losses. I'll also keep an eye on Bidder Andy and Bidder Betty's bids to adjust my strategy accordingly. I'll aim for a bid that balances risk and potential profit."
