round,player_name,player_value,bid,is_winner,final_price,profit,experiment_name,version,model,service_name,temperature,number_agents,total_rounds,seal_clock,price_order,private_value,increment,seed_base,special_name,timestamp,repetition_id,plan
0,Bidder Andy,20,10.0,False,22.5,-10.0,all_pay_ipv_gemini,V10,meta-llama/Meta-Llama-3-8B-Instruct,deep_infra,0.5,3,1,seal,allpay,private,0.1,1299,private_all_pay_v2.txt,2026-01-13_00-22-40-447998,00-22-40-458176,"Since this is the first round, I will start by bidding a moderate amount, $10, to gauge the competition and leave room for future bidding. I will observe the other bidders' bids and adjust my strategy accordingly in subsequent rounds."
0,Bidder Betty,29,15.0,False,22.5,-15.0,all_pay_ipv_gemini,V10,meta-llama/Meta-Llama-3-8B-Instruct,deep_infra,0.5,3,1,seal,allpay,private,0.1,1299,private_all_pay_v2.txt,2026-01-13_00-22-40-447998,00-22-40-458176,"I will bid a value that is slightly higher than the average bid, taking into account that the other bidders may also have a value around $29. This will increase the likelihood of winning while minimizing the potential loss if I lose. I will bid $15."
0,Bidder Charles,45,22.5,True,22.5,22.5,all_pay_ipv_gemini,V10,meta-llama/Meta-Llama-3-8B-Instruct,deep_infra,0.5,3,1,seal,allpay,private,0.1,1299,private_all_pay_v2.txt,2026-01-13_00-22-40-447998,00-22-40-458176,"Since this is the first round, I'll start by bidding a moderate amount to gauge the competition. I'll bid $22.50, which is slightly above the midpoint of the possible bids. This will allow me to observe the other bidders' strategies and adjust accordingly for the next round."
0,Bidder Andy,23,20.0,True,20.0,3.0,all_pay_ipv_gemini,V10,meta-llama/Meta-Llama-3-8B-Instruct,deep_infra,0.5,3,1,seal,allpay,private,0.1,1299,private_all_pay_v2.txt,2026-01-13_00-22-40-447998,00-23-01-130856,"With no prior history, I will bid a moderate amount to maximize my chances of winning while minimizing my potential loss. Since my private value is $23, I will bid $20, which is slightly below my value to ensure a decent profit if I win."
0,Bidder Betty,18,9.5,False,20.0,-9.5,all_pay_ipv_gemini,V10,meta-llama/Meta-Llama-3-8B-Instruct,deep_infra,0.5,3,1,seal,allpay,private,0.1,1299,private_all_pay_v2.txt,2026-01-13_00-22-40-447998,00-23-01-130856,"Since this is the first round, I'll start by bidding a moderate amount to gauge the competition. Considering my private value is $18, I'll aim to win with a bid slightly above the expected average. I'll bid $9.50."
0,Bidder Charles,25,15.0,False,20.0,-15.0,all_pay_ipv_gemini,V10,meta-llama/Meta-Llama-3-8B-Instruct,deep_infra,0.5,3,1,seal,allpay,private,0.1,1299,private_all_pay_v2.txt,2026-01-13_00-22-40-447998,00-23-01-130856,"Given my private value of $25, I will bid strategically to maximize my profit. I will observe the bids of Bidder Andy and Bidder Betty to gauge their bidding behavior. Since this is the first round, I will start with a moderate bid of $15 to test the waters and avoid overbidding. I will also keep an eye on the bids of the other bidders to adjust my strategy accordingly."
0,Bidder Andy,27,14.0,False,35.0,-14.0,all_pay_ipv_gemini,V10,meta-llama/Meta-Llama-3-8B-Instruct,deep_infra,0.5,3,1,seal,allpay,private,0.1,1299,private_all_pay_v2.txt,2026-01-13_00-22-40-447998,00-23-15-986213,"Since this is the first round, I'll start by bidding a moderate amount to gather information about the other bidders. I'll bid $14, which is a relatively low but not extremely low bid. This will allow me to learn more about the other bidders' values and adjust my strategy accordingly."
0,Bidder Betty,31,35.0,True,35.0,-4.0,all_pay_ipv_gemini,V10,meta-llama/Meta-Llama-3-8B-Instruct,deep_infra,0.5,3,1,seal,allpay,private,0.1,1299,private_all_pay_v2.txt,2026-01-13_00-22-40-447998,00-23-15-986213,"Since this is the first round, I will start by bidding aggressively to maximize my chances of winning. I will bid a value that is slightly higher than my private value, but not too high to ensure I don't lose to other bidders. I will bid $35."
0,Bidder Charles,20,10.0,False,35.0,-10.0,all_pay_ipv_gemini,V10,meta-llama/Meta-Llama-3-8B-Instruct,deep_infra,0.5,3,1,seal,allpay,private,0.1,1299,private_all_pay_v2.txt,2026-01-13_00-22-40-447998,00-23-15-986213,"Since it's the first round, I'll start by bidding a moderate amount to gauge the competition. I'll bid $10, which is low enough to have a good chance of winning, but high enough to give me a decent chance of getting the prize at a reasonable price. I'll observe the other bidders' strategies and adjust my bidding accordingly in future rounds."
0,Bidder Andy,30,25.0,True,25.0,5.0,all_pay_ipv_gemini,V10,meta-llama/Meta-Llama-3-8B-Instruct,deep_infra,0.5,3,1,seal,allpay,private,0.1,1299,private_all_pay_v2.txt,2026-01-13_00-22-40-447998,00-23-26-440909,"Since this is the first round, I'll start by bidding strategically to maximize my profit. I'll bid a moderate amount, taking into account my private value of $30. I'll aim to bid just above the midpoint of the possible bid range to increase my chances of winning while minimizing my potential loss. I'll bid $25."
0,Bidder Betty,7,14.0,False,25.0,-14.0,all_pay_ipv_gemini,V10,meta-llama/Meta-Llama-3-8B-Instruct,deep_infra,0.5,3,1,seal,allpay,private,0.1,1299,private_all_pay_v2.txt,2026-01-13_00-22-40-447998,00-23-26-440909,"Since this is the first round, I will start by bidding a moderate amount to gather information about the other bidders' values. I will bid $14, which is slightly above the expected value of $7, but not too high to risk losing. This will give me a chance to observe the other bidders' bids and adjust my strategy accordingly."
0,Bidder Charles,36,20.0,False,25.0,-20.0,all_pay_ipv_gemini,V10,meta-llama/Meta-Llama-3-8B-Instruct,deep_infra,0.5,3,1,seal,allpay,private,0.1,1299,private_all_pay_v2.txt,2026-01-13_00-22-40-447998,00-23-26-440909,"Since this is the first round, I will start by bidding a moderate amount, $20, to gauge the competition. I will observe the bids and adjust my strategy accordingly. If I win, I will aim to maximize my profit by bidding close to my value, $36. If I lose, I will bid low to minimize my loss."
0,Bidder Andy,23,20.0,True,20.0,3.0,all_pay_ipv_gemini,V10,meta-llama/Meta-Llama-3-8B-Instruct,deep_infra,0.5,3,1,seal,allpay,private,0.1,1299,private_all_pay_v2.txt,2026-01-13_00-22-40-447998,00-23-36-828863,"With no prior history, I will bid a moderate amount to maximize my chances of winning while minimizing my potential loss. Since my private value is $23, I will bid $20, which is slightly below my value to ensure a decent profit if I win."
0,Bidder Betty,18,9.5,False,20.0,-9.5,all_pay_ipv_gemini,V10,meta-llama/Meta-Llama-3-8B-Instruct,deep_infra,0.5,3,1,seal,allpay,private,0.1,1299,private_all_pay_v2.txt,2026-01-13_00-22-40-447998,00-23-36-828863,"Since this is the first round, I'll start by bidding a moderate amount to gauge the competition. Considering my private value is $18, I'll aim to win with a bid slightly above the expected average. I'll bid $9.50."
0,Bidder Charles,39,20.0,False,20.0,-20.0,all_pay_ipv_gemini,V10,meta-llama/Meta-Llama-3-8B-Instruct,deep_infra,0.5,3,1,seal,allpay,private,0.1,1299,private_all_pay_v2.txt,2026-01-13_00-22-40-447998,00-23-36-828863,"Since this is the first round, I'll start by bidding a moderate amount to gauge the competition. I'll bid $20, which is higher than the starting bid but not too aggressive. This will help me learn more about the other bidders' behavior and adjust my strategy accordingly."
0,Bidder Andy,25,15.0,False,20.0,-15.0,all_pay_ipv_gemini,V10,meta-llama/Meta-Llama-3-8B-Instruct,deep_infra,0.5,3,1,seal,allpay,private,0.1,1299,private_all_pay_v2.txt,2026-01-13_00-22-40-447998,00-23-47-241658,"Since this is the first round, I'll start by bidding a moderate amount to gauge the competition. Given my private value of $25, I'll bid $15 to maximize my potential profit while minimizing the risk of losing to Bidder Betty or Charles. I'll observe their bids and adjust my strategy accordingly in future rounds."
0,Bidder Betty,17,20.0,True,20.0,-3.0,all_pay_ipv_gemini,V10,meta-llama/Meta-Llama-3-8B-Instruct,deep_infra,0.5,3,1,seal,allpay,private,0.1,1299,private_all_pay_v2.txt,2026-01-13_00-22-40-447998,00-23-47-241658,"As the first round, I'll bid strategically to maximize profit. Since I don't have any historical data, I'll start with a moderate bid to balance the risk of winning or losing. I'll bid $20, which is slightly above the expected value of $17, but not too high to avoid overpaying."
0,Bidder Charles,39,20.0,False,20.0,-20.0,all_pay_ipv_gemini,V10,meta-llama/Meta-Llama-3-8B-Instruct,deep_infra,0.5,3,1,seal,allpay,private,0.1,1299,private_all_pay_v2.txt,2026-01-13_00-22-40-447998,00-23-47-241658,"Since this is the first round, I'll start by bidding a moderate amount to gauge the competition. I'll bid $20, which is higher than the starting bid but not too aggressive. This will help me learn more about the other bidders' behavior and adjust my strategy accordingly."
0,Bidder Andy,10,4.1,False,20.0,-4.1,all_pay_ipv_gemini,V10,meta-llama/Meta-Llama-3-8B-Instruct,deep_infra,0.5,3,1,seal,allpay,private,0.1,1299,private_all_pay_v2.txt,2026-01-13_00-22-40-447998,00-23-57-691751,"Since it's the first round and I don't have any historical data, I'll start by bidding a moderate amount that balances the potential gain from winning with the potential loss from bidding too high. I'll bid $4.10, which is low enough to have a good chance of winning but not so low that I'm guaranteed to lose."
0,Bidder Betty,30,20.0,True,20.0,10.0,all_pay_ipv_gemini,V10,meta-llama/Meta-Llama-3-8B-Instruct,deep_infra,0.5,3,1,seal,allpay,private,0.1,1299,private_all_pay_v2.txt,2026-01-13_00-22-40-447998,00-23-57-691751,"Given my private value of $30, I will aim to maximize my profit by bidding strategically. Since this is the first round, I will start by bidding a moderate amount to gauge the competition. I will bid $20, leaving room for adjustment in subsequent rounds."
0,Bidder Charles,25,15.0,False,20.0,-15.0,all_pay_ipv_gemini,V10,meta-llama/Meta-Llama-3-8B-Instruct,deep_infra,0.5,3,1,seal,allpay,private,0.1,1299,private_all_pay_v2.txt,2026-01-13_00-22-40-447998,00-23-57-691751,"Given my private value of $25, I will bid strategically to maximize my profit. I will observe the bids of Bidder Andy and Bidder Betty to gauge their bidding behavior. Since this is the first round, I will start with a moderate bid of $15 to test the waters and avoid overbidding. I will also keep an eye on the bids of the other bidders to adjust my strategy accordingly."
0,Bidder Andy,30,25.0,True,25.0,5.0,all_pay_ipv_gemini,V10,meta-llama/Meta-Llama-3-8B-Instruct,deep_infra,0.5,3,1,seal,allpay,private,0.1,1299,private_all_pay_v2.txt,2026-01-13_00-22-40-447998,00-24-08-837898,"Since this is the first round, I'll start by bidding strategically to maximize my profit. I'll bid a moderate amount, taking into account my private value of $30. I'll aim to bid just above the midpoint of the possible bid range to increase my chances of winning while minimizing my potential loss. I'll bid $25."
0,Bidder Betty,35,10.0,False,25.0,-10.0,all_pay_ipv_gemini,V10,meta-llama/Meta-Llama-3-8B-Instruct,deep_infra,0.5,3,1,seal,allpay,private,0.1,1299,private_all_pay_v2.txt,2026-01-13_00-22-40-447998,00-24-08-837898,"Since this is the first round, I will bid conservatively to gather information about the other bidders. I will bid $10, which is a relatively low value, to minimize my potential loss. This will also give me a chance to observe the other bidders' bids and adjust my strategy accordingly."
0,Bidder Charles,6,1.0,False,25.0,-1.0,all_pay_ipv_gemini,V10,meta-llama/Meta-Llama-3-8B-Instruct,deep_infra,0.5,3,1,seal,allpay,private,0.1,1299,private_all_pay_v2.txt,2026-01-13_00-22-40-447998,00-24-08-837898,"Since it's the first round, I'll start with a conservative bid to minimize losses. I'll bid $1, as it's a small amount that's unlikely to deter other bidders. This will allow me to learn more about the other bidders' values while keeping my potential losses low."
0,Bidder Andy,36,14.0,False,20.0,-14.0,all_pay_ipv_gemini,V10,meta-llama/Meta-Llama-3-8B-Instruct,deep_infra,0.5,3,1,seal,allpay,private,0.1,1299,private_all_pay_v2.txt,2026-01-13_00-22-40-447998,00-24-23-664101,"Since this is the first round, I'll start by bidding a moderate amount to gauge the competition. I'll bid $14, which is low enough to potentially win but high enough to signal my interest. I'll observe the other bidders' bids and adjust my strategy accordingly in future rounds."
0,Bidder Betty,8,20.0,True,20.0,-12.0,all_pay_ipv_gemini,V10,meta-llama/Meta-Llama-3-8B-Instruct,deep_infra,0.5,3,1,seal,allpay,private,0.1,1299,private_all_pay_v2.txt,2026-01-13_00-22-40-447998,00-24-23-664101,"Since this is the first round, I'll start by bidding aggressively to maximize my chances of winning. I'll bid a moderate amount, considering my value is relatively low ($8). I'll aim to bid around $20, which is high enough to have a good chance of winning but not so high that I risk losing too much if I don't win."
0,Bidder Charles,44,20.0,False,20.0,-20.0,all_pay_ipv_gemini,V10,meta-llama/Meta-Llama-3-8B-Instruct,deep_infra,0.5,3,1,seal,allpay,private,0.1,1299,private_all_pay_v2.txt,2026-01-13_00-22-40-447998,00-24-23-664101,"Since this is the first round, I'll start by bidding a moderate amount to gauge the competition. Considering my private value is $44, I'll bid $20, which is below my value but high enough to make it competitive. This will allow me to learn more about the other bidders' strategies and adjust accordingly in future rounds."
0,Bidder Andy,31,20.0,False,24.0,-20.0,all_pay_ipv_gemini,V10,meta-llama/Meta-Llama-3-8B-Instruct,deep_infra,0.5,3,1,seal,allpay,private,0.1,1299,private_all_pay_v2.txt,2026-01-13_00-22-40-447998,00-24-38-396216,"Since this is the first round, I will start by bidding a moderate amount, $20, to gauge the competition. As I learn more about the other bidders' strategies, I will adjust my bidding to maximize my profit. I will focus on bidding above the average value to increase my chances of winning."
0,Bidder Betty,37,24.0,True,24.0,13.0,all_pay_ipv_gemini,V10,meta-llama/Meta-Llama-3-8B-Instruct,deep_infra,0.5,3,1,seal,allpay,private,0.1,1299,private_all_pay_v2.txt,2026-01-13_00-22-40-447998,00-24-38-396216,"Since this is the first round, I'll start by bidding a moderate amount to gather information. I'll bid $24, which is roughly the average value of the prize. This will allow me to observe the bids of the other players and adjust my strategy accordingly."
0,Bidder Charles,11,4.5,False,24.0,-4.5,all_pay_ipv_gemini,V10,meta-llama/Meta-Llama-3-8B-Instruct,deep_infra,0.5,3,1,seal,allpay,private,0.1,1299,private_all_pay_v2.txt,2026-01-13_00-22-40-447998,00-24-38-396216,"As the first round, I will bid strategically to maximize my profit. Since I know my private value is $11, I will bid just above the expected average bid to increase my chances of winning. I will bid $4.50, which is slightly above the expected average bid of $4.20. This will give me a good chance of winning while minimizing my potential loss."
0,Bidder Andy,31,20.0,False,35.0,-20.0,all_pay_ipv_gemini,V10,meta-llama/Meta-Llama-3-8B-Instruct,deep_infra,0.5,3,1,seal,allpay,private,0.1,1299,private_all_pay_v2.txt,2026-01-13_00-22-40-447998,00-24-53-105868,"Since this is the first round, I will start by bidding a moderate amount, $20, to gauge the competition. As I learn more about the other bidders' strategies, I will adjust my bidding to maximize my profit. I will focus on bidding above the average value to increase my chances of winning."
0,Bidder Betty,31,35.0,True,35.0,-4.0,all_pay_ipv_gemini,V10,meta-llama/Meta-Llama-3-8B-Instruct,deep_infra,0.5,3,1,seal,allpay,private,0.1,1299,private_all_pay_v2.txt,2026-01-13_00-22-40-447998,00-24-53-105868,"Since this is the first round, I will start by bidding aggressively to maximize my chances of winning. I will bid a value that is slightly higher than my private value, but not too high to ensure I don't lose to other bidders. I will bid $35."
0,Bidder Charles,46,23.0,False,35.0,-23.0,all_pay_ipv_gemini,V10,meta-llama/Meta-Llama-3-8B-Instruct,deep_infra,0.5,3,1,seal,allpay,private,0.1,1299,private_all_pay_v2.txt,2026-01-13_00-22-40-447998,00-24-53-105868,"Since this is the first round, I will start by bidding a moderate amount, $23, to gauge the competition. I will observe the bids and adjust my strategy accordingly. As my private value is $46, I aim to win the prize while minimizing my losses."
0,Bidder Andy,15,10.0,False,21.0,-10.0,all_pay_ipv_gemini,V10,meta-llama/Meta-Llama-3-8B-Instruct,deep_infra,0.5,3,1,seal,allpay,private,0.1,1299,private_all_pay_v2.txt,2026-01-13_00-22-40-447998,00-25-03-446501,"Since this is the first round, I'll start by bidding a moderate amount to gauge the competition. Considering my private value is $15, I'll bid $10, which is below my value but still competitive. This will allow me to learn more about the other bidders' strategies and adjust accordingly in subsequent rounds."
0,Bidder Betty,36,10.0,False,21.0,-10.0,all_pay_ipv_gemini,V10,meta-llama/Meta-Llama-3-8B-Instruct,deep_infra,0.5,3,1,seal,allpay,private,0.1,1299,private_all_pay_v2.txt,2026-01-13_00-22-40-447998,00-25-03-446501,"Given my private value of $36, I will start with a conservative bid to minimize losses. Since this is the first round, I don't have any historical data to inform my strategy. I will bid $10 to keep my options open and prepare for future rounds."
0,Bidder Charles,42,21.0,True,21.0,21.0,all_pay_ipv_gemini,V10,meta-llama/Meta-Llama-3-8B-Instruct,deep_infra,0.5,3,1,seal,allpay,private,0.1,1299,private_all_pay_v2.txt,2026-01-13_00-22-40-447998,00-25-03-446501,"Given my private value of $42, I will bid strategically to maximize my profit. Since this is the first round, I don't have any prior information to learn from. I will bid a moderate amount to balance the risk of losing with the potential reward of winning. I will bid $21, which is a reasonable starting point."
0,Bidder Andy,9,4.9,False,15.0,-4.9,all_pay_ipv_gemini,V10,meta-llama/Meta-Llama-3-8B-Instruct,deep_infra,0.5,3,1,seal,allpay,private,0.1,1299,private_all_pay_v2.txt,2026-01-13_00-22-40-447998,00-25-18-253942,"Since this is the first round, I'll start by bidding a moderate amount to gauge the competition. Given my private value of $9, I'll bid $4.99 to maximize my expected profit and minimize my potential loss."
0,Bidder Betty,20,15.0,True,15.0,5.0,all_pay_ipv_gemini,V10,meta-llama/Meta-Llama-3-8B-Instruct,deep_infra,0.5,3,1,seal,allpay,private,0.1,1299,private_all_pay_v2.txt,2026-01-13_00-22-40-447998,00-25-18-253942,"Since this is the first round, I'll start by bidding a moderate amount to gather information about the other bidders. I'll bid $15, which is below my private value, to minimize my potential loss while still being competitive. I'll observe the other bidders' bids and adjust my strategy accordingly in future rounds."
0,Bidder Charles,20,10.0,False,15.0,-10.0,all_pay_ipv_gemini,V10,meta-llama/Meta-Llama-3-8B-Instruct,deep_infra,0.5,3,1,seal,allpay,private,0.1,1299,private_all_pay_v2.txt,2026-01-13_00-22-40-447998,00-25-18-253942,"Since it's the first round, I'll start by bidding a moderate amount to gauge the competition. I'll bid $10, which is low enough to have a good chance of winning, but high enough to give me a decent chance of getting the prize at a reasonable price. I'll observe the other bidders' strategies and adjust my bidding accordingly in future rounds."
0,Bidder Andy,35,1.0,False,20.0,-1.0,all_pay_ipv_gemini,V10,meta-llama/Meta-Llama-3-8B-Instruct,deep_infra,0.5,3,1,seal,allpay,private,0.1,1299,private_all_pay_v2.txt,2026-01-13_00-22-40-447998,00-25-33-174446,"Since this is the first round, I'll start with a conservative bid to minimize losses. I'll bid $1, as it's a low-risk option that allows me to learn more about the other bidders' strategies. I'll observe their bids and adjust my strategy accordingly in future rounds."
0,Bidder Betty,32,1.0,False,20.0,-1.0,all_pay_ipv_gemini,V10,meta-llama/Meta-Llama-3-8B-Instruct,deep_infra,0.5,3,1,seal,allpay,private,0.1,1299,private_all_pay_v2.txt,2026-01-13_00-22-40-447998,00-25-33-174446,"Since this is the first round, I'll start with a conservative bid to gauge the competition. I'll bid $1 to minimize my potential loss while still having a chance to win. As I learn more about the other bidders' values, I'll adjust my strategy to maximize my profit."
0,Bidder Charles,48,20.0,True,20.0,28.0,all_pay_ipv_gemini,V10,meta-llama/Meta-Llama-3-8B-Instruct,deep_infra,0.5,3,1,seal,allpay,private,0.1,1299,private_all_pay_v2.txt,2026-01-13_00-22-40-447998,00-25-33-174446,"Since this is the first round, I'll start by bidding a moderate amount to gauge the competition. Given my value for the prize is $48, I'll bid $20 to maximize my potential profit while keeping an eye on the other bidders' moves."
0,Bidder Andy,39,20.0,True,20.0,19.0,all_pay_ipv_gemini,V10,meta-llama/Meta-Llama-3-8B-Instruct,deep_infra,0.5,3,1,seal,allpay,private,0.1,1299,private_all_pay_v2.txt,2026-01-13_00-22-40-447998,00-25-43-757760,"Since this is the first round, I will start by bidding a moderate amount to gauge the competition. Given my private value of $39, I will bid $20, which is slightly above the expected value of $19.5. This will allow me to potentially win the prize while minimizing my loss if I lose."
0,Bidder Betty,27,10.0,False,20.0,-10.0,all_pay_ipv_gemini,V10,meta-llama/Meta-Llama-3-8B-Instruct,deep_infra,0.5,3,1,seal,allpay,private,0.1,1299,private_all_pay_v2.txt,2026-01-13_00-22-40-447998,00-25-43-757760,"As the first round, I'll start with a conservative bid to gauge the competition. Since my value is $27, I'll bid $10, a relatively low amount to minimize losses if I lose. This bid also leaves room for adjustments in subsequent rounds."
0,Bidder Charles,13,13.0,False,20.0,-13.0,all_pay_ipv_gemini,V10,meta-llama/Meta-Llama-3-8B-Instruct,deep_infra,0.5,3,1,seal,allpay,private,0.1,1299,private_all_pay_v2.txt,2026-01-13_00-22-40-447998,00-25-43-757760,"As the first round, I will bid strategically to maximize my profit. Since I don't have any historical data, I will bid based on my private value. I will bid $13, which is my private value, to maximize my expected profit."
0,Bidder Andy,25,15.0,True,15.0,10.0,all_pay_ipv_gemini,V10,meta-llama/Meta-Llama-3-8B-Instruct,deep_infra,0.5,3,1,seal,allpay,private,0.1,1299,private_all_pay_v2.txt,2026-01-13_00-22-40-447998,00-25-54-079694,"Since this is the first round, I'll start by bidding a moderate amount to gauge the competition. Given my private value of $25, I'll bid $15 to maximize my potential profit while minimizing the risk of losing to Bidder Betty or Charles. I'll observe their bids and adjust my strategy accordingly in future rounds."
0,Bidder Betty,3,4.0,False,15.0,-4.0,all_pay_ipv_gemini,V10,meta-llama/Meta-Llama-3-8B-Instruct,deep_infra,0.5,3,1,seal,allpay,private,0.1,1299,private_all_pay_v2.txt,2026-01-13_00-22-40-447998,00-25-54-079694,"Since this is the first round, I'll start by bidding a conservative amount to minimize losses. Given my private value of $3, I'll bid $4, which is a small increment above my value. This allows me to gain a decent chance of winning while keeping my potential losses low."
0,Bidder Charles,26,14.0,False,15.0,-14.0,all_pay_ipv_gemini,V10,meta-llama/Meta-Llama-3-8B-Instruct,deep_infra,0.5,3,1,seal,allpay,private,0.1,1299,private_all_pay_v2.txt,2026-01-13_00-22-40-447998,00-25-54-079694,"As this is the first round, I will bid strategically to maximize my profit. Since my private value is $26, I will bid slightly above the expected average value to increase my chances of winning. I will bid $14, which is 54% of my private value, to balance the risk of winning and losing."
0,Bidder Andy,24,12.5,False,25.0,-12.5,all_pay_ipv_gemini,V10,meta-llama/Meta-Llama-3-8B-Instruct,deep_infra,0.5,3,1,seal,allpay,private,0.1,1299,private_all_pay_v2.txt,2026-01-13_00-22-40-447998,00-26-04-458546,"As it's the first round, I'll take a cautious approach. Since my private value is $24, I'll bid slightly above the midpoint to increase my chances of winning. I'll aim for a bid of $12.50, which is close to the optimal bid for a single-round auction. This strategy balances the risk of losing with the potential gain of winning."
0,Bidder Betty,16,14.0,False,25.0,-14.0,all_pay_ipv_gemini,V10,meta-llama/Meta-Llama-3-8B-Instruct,deep_infra,0.5,3,1,seal,allpay,private,0.1,1299,private_all_pay_v2.txt,2026-01-13_00-22-40-447998,00-26-04-458546,"Since this is the first round, I'll start by bidding a moderate amount to gauge the competition. I'll bid $14, which is slightly below my private value of $16. This will allow me to observe the bids of the other players and adjust my strategy accordingly."
0,Bidder Charles,24,25.0,True,25.0,-1.0,all_pay_ipv_gemini,V10,meta-llama/Meta-Llama-3-8B-Instruct,deep_infra,0.5,3,1,seal,allpay,private,0.1,1299,private_all_pay_v2.txt,2026-01-13_00-22-40-447998,00-26-04-458546,"Since this is the first round, I'll start by bidding a moderate amount to gauge the competition. Given my private value of $24, I'll aim to bid just above the midpoint of the possible range, which is $24.50. I'll bid $25, hoping to win and maximize my profit."
0,Bidder Andy,13,10.0,False,20.0,-10.0,all_pay_ipv_gemini,V10,meta-llama/Meta-Llama-3-8B-Instruct,deep_infra,0.5,3,1,seal,allpay,private,0.1,1299,private_all_pay_v2.txt,2026-01-13_00-22-40-447998,00-26-19-334723,"Since this is the first round, I will start by bidding a moderate amount to gauge the competition. Given my private value is $13, I will bid $10 to ensure I don't overpay and to keep my options open for future rounds. I will observe the bids and adjust my strategy accordingly."
0,Bidder Betty,15,10.0,False,20.0,-10.0,all_pay_ipv_gemini,V10,meta-llama/Meta-Llama-3-8B-Instruct,deep_infra,0.5,3,1,seal,allpay,private,0.1,1299,private_all_pay_v2.txt,2026-01-13_00-22-40-447998,00-26-19-334723,"Since this is the first round, I'll start by bidding a moderate amount to gather information about the other bidders' values. Considering my private value is $15, I'll bid $10 to minimize my potential loss and maximize my potential gain. I'll observe the other bidders' bids to adjust my strategy for the next round, if any."
0,Bidder Charles,47,20.0,True,20.0,27.0,all_pay_ipv_gemini,V10,meta-llama/Meta-Llama-3-8B-Instruct,deep_infra,0.5,3,1,seal,allpay,private,0.1,1299,private_all_pay_v2.txt,2026-01-13_00-22-40-447998,00-26-19-334723,"Since this is the first round, I'll start by bidding a moderate amount to gauge the competition. Considering my value is $47, I'll bid $20 to leave room for potential revisions in future rounds. I'll also keep an eye on the other bidders' strategies and adjust accordingly."
0,Bidder Andy,39,20.0,True,20.0,19.0,all_pay_ipv_gemini,V10,meta-llama/Meta-Llama-3-8B-Instruct,deep_infra,0.5,3,1,seal,allpay,private,0.1,1299,private_all_pay_v2.txt,2026-01-13_00-22-40-447998,00-26-34-075728,"Since this is the first round, I will start by bidding a moderate amount to gauge the competition. Given my private value of $39, I will bid $20, which is slightly above the expected value of $19.5. This will allow me to potentially win the prize while minimizing my loss if I lose."
0,Bidder Betty,20,15.0,False,20.0,-15.0,all_pay_ipv_gemini,V10,meta-llama/Meta-Llama-3-8B-Instruct,deep_infra,0.5,3,1,seal,allpay,private,0.1,1299,private_all_pay_v2.txt,2026-01-13_00-22-40-447998,00-26-34-075728,"Since this is the first round, I'll start by bidding a moderate amount to gather information about the other bidders. I'll bid $15, which is below my private value, to minimize my potential loss while still being competitive. I'll observe the other bidders' bids and adjust my strategy accordingly in future rounds."
0,Bidder Charles,20,10.0,False,20.0,-10.0,all_pay_ipv_gemini,V10,meta-llama/Meta-Llama-3-8B-Instruct,deep_infra,0.5,3,1,seal,allpay,private,0.1,1299,private_all_pay_v2.txt,2026-01-13_00-22-40-447998,00-26-34-075728,"Since it's the first round, I'll start by bidding a moderate amount to gauge the competition. I'll bid $10, which is low enough to have a good chance of winning, but high enough to give me a decent chance of getting the prize at a reasonable price. I'll observe the other bidders' strategies and adjust my bidding accordingly in future rounds."
0,Bidder Andy,46,20.0,False,20.0,-20.0,all_pay_ipv_gemini,V10,meta-llama/Meta-Llama-3-8B-Instruct,deep_infra,0.5,3,1,seal,allpay,private,0.1,1299,private_all_pay_v2.txt,2026-01-13_00-22-40-447998,00-26-44-736505,"Since this is the first round, I'll start by bidding a moderate amount to gauge the competition. Given my value of $46, I'll bid $20 to leave room for adjustment in subsequent rounds. This strategy allows me to maximize my profit while being cautious and adaptable."
0,Bidder Betty,17,20.0,True,20.0,-3.0,all_pay_ipv_gemini,V10,meta-llama/Meta-Llama-3-8B-Instruct,deep_infra,0.5,3,1,seal,allpay,private,0.1,1299,private_all_pay_v2.txt,2026-01-13_00-22-40-447998,00-26-44-736505,"As the first round, I'll bid strategically to maximize profit. Since I don't have any historical data, I'll start with a moderate bid to balance the risk of winning or losing. I'll bid $20, which is slightly above the expected value of $17, but not too high to avoid overpaying."
0,Bidder Charles,28,14.0,False,20.0,-14.0,all_pay_ipv_gemini,V10,meta-llama/Meta-Llama-3-8B-Instruct,deep_infra,0.5,3,1,seal,allpay,private,0.1,1299,private_all_pay_v2.txt,2026-01-13_00-22-40-447998,00-26-44-736505,"This is the first round, so I'll start by bidding a moderate amount to gather information. I'll bid $14, which is a relatively low but not extremely low bid. This will allow me to learn more about the other bidders' values while also keeping my potential loss to a minimum."
0,Bidder Andy,25,15.0,False,20.0,-15.0,all_pay_ipv_gemini,V10,meta-llama/Meta-Llama-3-8B-Instruct,deep_infra,0.5,3,1,seal,allpay,private,0.1,1299,private_all_pay_v2.txt,2026-01-13_00-22-40-447998,00-26-59-351628,"Since this is the first round, I'll start by bidding a moderate amount to gauge the competition. Given my private value of $25, I'll bid $15 to maximize my potential profit while minimizing the risk of losing to Bidder Betty or Charles. I'll observe their bids and adjust my strategy accordingly in future rounds."
0,Bidder Betty,18,9.5,False,20.0,-9.5,all_pay_ipv_gemini,V10,meta-llama/Meta-Llama-3-8B-Instruct,deep_infra,0.5,3,1,seal,allpay,private,0.1,1299,private_all_pay_v2.txt,2026-01-13_00-22-40-447998,00-26-59-351628,"Since this is the first round, I'll start by bidding a moderate amount to gauge the competition. Considering my private value is $18, I'll aim to win with a bid slightly above the expected average. I'll bid $9.50."
0,Bidder Charles,31,20.0,True,20.0,11.0,all_pay_ipv_gemini,V10,meta-llama/Meta-Llama-3-8B-Instruct,deep_infra,0.5,3,1,seal,allpay,private,0.1,1299,private_all_pay_v2.txt,2026-01-13_00-22-40-447998,00-26-59-351628,"Since this is the first round, I will start by bidding a moderate amount to gauge the competition. I will bid $20, which is a reasonable starting point. I will observe the bids of Bidder Andy and Bidder Betty to adjust my strategy for the next round, if any."
0,Bidder Andy,9,4.9,False,17.0,-4.9,all_pay_ipv_gemini,V10,meta-llama/Meta-Llama-3-8B-Instruct,deep_infra,0.5,3,1,seal,allpay,private,0.1,1299,private_all_pay_v2.txt,2026-01-13_00-22-40-447998,00-27-14-160184,"Since this is the first round, I'll start by bidding a moderate amount to gauge the competition. Given my private value of $9, I'll bid $4.99 to maximize my expected profit and minimize my potential loss."
0,Bidder Betty,9,4.5,False,17.0,-4.5,all_pay_ipv_gemini,V10,meta-llama/Meta-Llama-3-8B-Instruct,deep_infra,0.5,3,1,seal,allpay,private,0.1,1299,private_all_pay_v2.txt,2026-01-13_00-22-40-447998,00-27-14-160184,"Since this is the first round, I'll start by bidding a moderate amount to get a sense of the competition. Given my private value of $9, I'll aim to bid a price that's slightly higher than the expected value of the prize. I'll start with a bid of $4.50 to test the waters and gauge the competition's response."
0,Bidder Charles,34,17.0,True,17.0,17.0,all_pay_ipv_gemini,V10,meta-llama/Meta-Llama-3-8B-Instruct,deep_infra,0.5,3,1,seal,allpay,private,0.1,1299,private_all_pay_v2.txt,2026-01-13_00-22-40-447998,00-27-14-160184,"Since this is the first round, I will start by bidding a moderate amount, considering the value of $34. I will bid $17, which is a reasonable starting point, allowing me to learn from the other bidders' moves and adjust my strategy accordingly."
0,Bidder Andy,34,20.0,True,20.0,14.0,all_pay_ipv_gemini,V10,meta-llama/Meta-Llama-3-8B-Instruct,deep_infra,0.5,3,1,seal,allpay,private,0.1,1299,private_all_pay_v2.txt,2026-01-13_00-22-40-447998,00-27-28-802349,"Since this is the first round, I'll start by bidding a moderate amount to gauge the competition. I'll bid $20, which is higher than the minimum but lower than the maximum. This will allow me to learn more about the other bidders' strategies and adjust my bidding accordingly in the next round."
0,Bidder Betty,28,14.0,False,20.0,-14.0,all_pay_ipv_gemini,V10,meta-llama/Meta-Llama-3-8B-Instruct,deep_infra,0.5,3,1,seal,allpay,private,0.1,1299,private_all_pay_v2.txt,2026-01-13_00-22-40-447998,00-27-28-802349,"Since this is the first round, I'll start by bidding a moderate amount to gauge the competition. I'll bid $14, which is higher than the minimum but lower than the maximum. This will allow me to observe the other bidders' behavior and adjust my strategy accordingly."
0,Bidder Charles,14,7.0,False,20.0,-7.0,all_pay_ipv_gemini,V10,meta-llama/Meta-Llama-3-8B-Instruct,deep_infra,0.5,3,1,seal,allpay,private,0.1,1299,private_all_pay_v2.txt,2026-01-13_00-22-40-447998,00-27-28-802349,"Since this is the first round, I'll start by bidding a moderate amount to gauge the competition. Given my private value of $14, I'll aim to bid around $7-8 to maximize my expected profit. I'll observe the bids and adjust my strategy accordingly in subsequent rounds."
0,Bidder Andy,26,15.0,True,15.0,11.0,all_pay_ipv_gemini,V10,meta-llama/Meta-Llama-3-8B-Instruct,deep_infra,0.5,3,1,seal,allpay,private,0.1,1299,private_all_pay_v2.txt,2026-01-13_00-22-40-447998,00-27-44-175631,"As this is the first round, I'll start by bidding a moderate amount to gauge the competition. Since my private value is $26, I'll bid $15, which is below my value but still competitive. This will allow me to learn from the other bidders' strategies and adjust my bid accordingly in the next round."
0,Bidder Betty,18,9.5,False,15.0,-9.5,all_pay_ipv_gemini,V10,meta-llama/Meta-Llama-3-8B-Instruct,deep_infra,0.5,3,1,seal,allpay,private,0.1,1299,private_all_pay_v2.txt,2026-01-13_00-22-40-447998,00-27-44-175631,"Since this is the first round, I'll start by bidding a moderate amount to gauge the competition. Considering my private value is $18, I'll aim to win with a bid slightly above the expected average. I'll bid $9.50."
0,Bidder Charles,21,10.0,False,15.0,-10.0,all_pay_ipv_gemini,V10,meta-llama/Meta-Llama-3-8B-Instruct,deep_infra,0.5,3,1,seal,allpay,private,0.1,1299,private_all_pay_v2.txt,2026-01-13_00-22-40-447998,00-27-44-175631,"Given my private value of $21, I will bid strategically to maximize my profit. Since this is the first round, I don't have any historical data to learn from. I'll start with a conservative bid of $10, which is below my value and unlikely to deter the other bidders from bidding higher. This will allow me to win the prize at a low cost, while still earning a decent profit."
0,Bidder Andy,30,25.0,True,25.0,5.0,all_pay_ipv_gemini,V10,meta-llama/Meta-Llama-3-8B-Instruct,deep_infra,0.5,3,1,seal,allpay,private,0.1,1299,private_all_pay_v2.txt,2026-01-13_00-22-40-447998,00-27-59-011467,"Since this is the first round, I'll start by bidding strategically to maximize my profit. I'll bid a moderate amount, taking into account my private value of $30. I'll aim to bid just above the midpoint of the possible bid range to increase my chances of winning while minimizing my potential loss. I'll bid $25."
0,Bidder Betty,28,14.0,False,25.0,-14.0,all_pay_ipv_gemini,V10,meta-llama/Meta-Llama-3-8B-Instruct,deep_infra,0.5,3,1,seal,allpay,private,0.1,1299,private_all_pay_v2.txt,2026-01-13_00-22-40-447998,00-27-59-011467,"Since this is the first round, I'll start by bidding a moderate amount to gauge the competition. I'll bid $14, which is higher than the minimum but lower than the maximum. This will allow me to observe the other bidders' behavior and adjust my strategy accordingly."
0,Bidder Charles,22,11.0,False,25.0,-11.0,all_pay_ipv_gemini,V10,meta-llama/Meta-Llama-3-8B-Instruct,deep_infra,0.5,3,1,seal,allpay,private,0.1,1299,private_all_pay_v2.txt,2026-01-13_00-22-40-447998,00-27-59-011467,"As this is the first round, I will start by bidding a moderate amount, $11, to gauge the competition and allow for some flexibility in future rounds. I will also keep in mind that my private value is $22, so I have room for error."
0,Bidder Andy,30,25.0,True,25.0,5.0,all_pay_ipv_gemini,V10,meta-llama/Meta-Llama-3-8B-Instruct,deep_infra,0.5,3,1,seal,allpay,private,0.1,1299,private_all_pay_v2.txt,2026-01-13_00-22-40-447998,00-28-09-395832,"Since this is the first round, I'll start by bidding strategically to maximize my profit. I'll bid a moderate amount, taking into account my private value of $30. I'll aim to bid just above the midpoint of the possible bid range to increase my chances of winning while minimizing my potential loss. I'll bid $25."
0,Bidder Betty,28,14.0,False,25.0,-14.0,all_pay_ipv_gemini,V10,meta-llama/Meta-Llama-3-8B-Instruct,deep_infra,0.5,3,1,seal,allpay,private,0.1,1299,private_all_pay_v2.txt,2026-01-13_00-22-40-447998,00-28-09-395832,"Since this is the first round, I'll start by bidding a moderate amount to gauge the competition. I'll bid $14, which is higher than the minimum but lower than the maximum. This will allow me to observe the other bidders' behavior and adjust my strategy accordingly."
0,Bidder Charles,24,25.0,False,25.0,-25.0,all_pay_ipv_gemini,V10,meta-llama/Meta-Llama-3-8B-Instruct,deep_infra,0.5,3,1,seal,allpay,private,0.1,1299,private_all_pay_v2.txt,2026-01-13_00-22-40-447998,00-28-09-395832,"Since this is the first round, I'll start by bidding a moderate amount to gauge the competition. Given my private value of $24, I'll aim to bid just above the midpoint of the possible range, which is $24.50. I'll bid $25, hoping to win and maximize my profit."
0,Bidder Andy,48,47.9,True,47.9,0.10000000000000142,all_pay_ipv_gemini,V10,meta-llama/Meta-Llama-3-8B-Instruct,deep_infra,0.5,3,1,seal,allpay,private,0.1,1299,private_all_pay_v2.txt,2026-01-13_00-22-40-447998,00-28-20-056604,"As the first round, I'll bid aggressively to maximize my profit. Since my value is $48, I'll bid just below it to minimize the risk of losing. I'll bid $47.9 to ensure a high chance of winning while keeping my potential loss to a minimum."
0,Bidder Betty,38,20.0,False,47.9,-20.0,all_pay_ipv_gemini,V10,meta-llama/Meta-Llama-3-8B-Instruct,deep_infra,0.5,3,1,seal,allpay,private,0.1,1299,private_all_pay_v2.txt,2026-01-13_00-22-40-447998,00-28-20-056604,"Since this is the first round, I'll start by bidding a moderate amount to gauge the competition. Given my private value of $38, I'll bid $20, which is less than half of my value. This allows me to keep some room for future bids while still being competitive."
0,Bidder Charles,12,6.0,False,47.9,-6.0,all_pay_ipv_gemini,V10,meta-llama/Meta-Llama-3-8B-Instruct,deep_infra,0.5,3,1,seal,allpay,private,0.1,1299,private_all_pay_v2.txt,2026-01-13_00-22-40-447998,00-28-20-056604,"As I'm starting from scratch, I'll aim to maximize my profit by bidding a moderate amount, considering the possibility of being the only bidder. Given my private value of $12, I'll bid $6, which is a reasonable starting point to balance the risk of losing and the potential gain of winning."
0,Bidder Andy,31,20.0,True,20.0,11.0,all_pay_ipv_gemini,V10,meta-llama/Meta-Llama-3-8B-Instruct,deep_infra,0.5,3,1,seal,allpay,private,0.1,1299,private_all_pay_v2.txt,2026-01-13_00-22-40-447998,00-28-30-887209,"Since this is the first round, I will start by bidding a moderate amount, $20, to gauge the competition. As I learn more about the other bidders' strategies, I will adjust my bidding to maximize my profit. I will focus on bidding above the average value to increase my chances of winning."
0,Bidder Betty,6,4.0,False,20.0,-4.0,all_pay_ipv_gemini,V10,meta-llama/Meta-Llama-3-8B-Instruct,deep_infra,0.5,3,1,seal,allpay,private,0.1,1299,private_all_pay_v2.txt,2026-01-13_00-22-40-447998,00-28-30-887209,"Since it's the first round, I'll start by bidding a moderate amount to gauge the competition. Given my private value of $6, I'll bid $4 to minimize my potential loss while keeping an eye on the other bidders' moves."
0,Bidder Charles,0,0.1,False,20.0,-0.1,all_pay_ipv_gemini,V10,meta-llama/Meta-Llama-3-8B-Instruct,deep_infra,0.5,3,1,seal,allpay,private,0.1,1299,private_all_pay_v2.txt,2026-01-13_00-22-40-447998,00-28-30-887209,"Since my private value is $0, I will bid strategically to minimize my loss. I will bid $0.1, as it's the lowest possible bid, to ensure I don't lose more than necessary. This approach will help me maximize my profit in the long run, considering the values are redrawn independently each round."
0,Bidder Andy,14,22.0,True,22.0,-8.0,all_pay_ipv_gemini,V10,meta-llama/Meta-Llama-3-8B-Instruct,deep_infra,0.5,3,1,seal,allpay,private,0.1,1299,private_all_pay_v2.txt,2026-01-13_00-22-40-447998,00-28-41-624656,"Since this is the first round, I'll start by bidding a moderate amount to gauge the competition. Given my private value of $14, I'll aim to bid around $20-25 to balance the risk of losing and maximizing potential earnings. I'll also keep an eye on the other bidders' bids to adjust my strategy accordingly."
0,Bidder Betty,34,20.0,False,22.0,-20.0,all_pay_ipv_gemini,V10,meta-llama/Meta-Llama-3-8B-Instruct,deep_infra,0.5,3,1,seal,allpay,private,0.1,1299,private_all_pay_v2.txt,2026-01-13_00-22-40-447998,00-28-41-624656,"Since this is the first round, I'll start by bidding a moderate amount to gauge the competition. I'll bid $20, which is a reasonable starting point. I'll observe the bids and adjust my strategy accordingly in subsequent rounds."
0,Bidder Charles,33,14.0,False,22.0,-14.0,all_pay_ipv_gemini,V10,meta-llama/Meta-Llama-3-8B-Instruct,deep_infra,0.5,3,1,seal,allpay,private,0.1,1299,private_all_pay_v2.txt,2026-01-13_00-22-40-447998,00-28-41-624656,"As this is the first round, I will start by bidding $14, a conservative bid that gives me a good chance of winning without sacrificing too much profit. I will observe the bids of the other bidders and adjust my strategy accordingly in future rounds."
0,Bidder Andy,9,4.9,False,39.9,-4.9,all_pay_ipv_gemini,V10,meta-llama/Meta-Llama-3-8B-Instruct,deep_infra,0.5,3,1,seal,allpay,private,0.1,1299,private_all_pay_v2.txt,2026-01-13_00-22-40-447998,00-28-52-091354,"Since this is the first round, I'll start by bidding a moderate amount to gauge the competition. Given my private value of $9, I'll bid $4.99 to maximize my expected profit and minimize my potential loss."
0,Bidder Betty,40,39.9,True,39.9,0.10000000000000142,all_pay_ipv_gemini,V10,meta-llama/Meta-Llama-3-8B-Instruct,deep_infra,0.5,3,1,seal,allpay,private,0.1,1299,private_all_pay_v2.txt,2026-01-13_00-22-40-447998,00-28-52-091354,"Since this is the first round, I'll start with a conservative bid to minimize losses. I'll observe the other bidders' bids and adjust my strategy accordingly. I'll aim to win with a bid close to my private value, but not too high to avoid overpaying. I'll keep an eye on the competition and adjust my bid for the next round based on the outcome of this round."
0,Bidder Charles,32,20.0,False,39.9,-20.0,all_pay_ipv_gemini,V10,meta-llama/Meta-Llama-3-8B-Instruct,deep_infra,0.5,3,1,seal,allpay,private,0.1,1299,private_all_pay_v2.txt,2026-01-13_00-22-40-447998,00-28-52-091354,"Since this is the first round, I will start by bidding a moderate amount to get a sense of the other bidders' strategies. I will bid $20, which is a reasonable starting point that should not scare off the other bidders. I will also keep an eye on their bids to adjust my strategy accordingly."
0,Bidder Andy,25,15.0,False,35.0,-15.0,all_pay_ipv_gemini,V10,meta-llama/Meta-Llama-3-8B-Instruct,deep_infra,0.5,3,1,seal,allpay,private,0.1,1299,private_all_pay_v2.txt,2026-01-13_00-22-40-447998,00-29-07-151236,"Since this is the first round, I'll start by bidding a moderate amount to gauge the competition. Given my private value of $25, I'll bid $15 to maximize my potential profit while minimizing the risk of losing to Bidder Betty or Charles. I'll observe their bids and adjust my strategy accordingly in future rounds."
0,Bidder Betty,31,35.0,True,35.0,-4.0,all_pay_ipv_gemini,V10,meta-llama/Meta-Llama-3-8B-Instruct,deep_infra,0.5,3,1,seal,allpay,private,0.1,1299,private_all_pay_v2.txt,2026-01-13_00-22-40-447998,00-29-07-151236,"Since this is the first round, I will start by bidding aggressively to maximize my chances of winning. I will bid a value that is slightly higher than my private value, but not too high to ensure I don't lose to other bidders. I will bid $35."
0,Bidder Charles,9,4.9,False,35.0,-4.9,all_pay_ipv_gemini,V10,meta-llama/Meta-Llama-3-8B-Instruct,deep_infra,0.5,3,1,seal,allpay,private,0.1,1299,private_all_pay_v2.txt,2026-01-13_00-22-40-447998,00-29-07-151236,"Given my private value of $9, I will bid a moderate amount to maximize my profit. Since this is the first round, I don't have any historical data to rely on. I will bid a value that is higher than my private value to increase the chances of winning, but not too high to avoid a loss. I will bid $4.9, which is a reasonable starting point."
0,Bidder Andy,22,15.0,True,15.0,7.0,all_pay_ipv_gemini,V10,meta-llama/Meta-Llama-3-8B-Instruct,deep_infra,0.5,3,1,seal,allpay,private,0.1,1299,private_all_pay_v2.txt,2026-01-13_00-22-40-447998,00-29-18-159934,"Since this is the first round, I will start by bidding a moderate amount to get a sense of the competition. Considering my private value is $22, I will bid $15 to leave room for future adjustments and potential competition."
0,Bidder Betty,15,10.0,False,15.0,-10.0,all_pay_ipv_gemini,V10,meta-llama/Meta-Llama-3-8B-Instruct,deep_infra,0.5,3,1,seal,allpay,private,0.1,1299,private_all_pay_v2.txt,2026-01-13_00-22-40-447998,00-29-18-159934,"Since this is the first round, I'll start by bidding a moderate amount to gather information about the other bidders' values. Considering my private value is $15, I'll bid $10 to minimize my potential loss and maximize my potential gain. I'll observe the other bidders' bids to adjust my strategy for the next round, if any."
0,Bidder Charles,10,5.0,False,15.0,-5.0,all_pay_ipv_gemini,V10,meta-llama/Meta-Llama-3-8B-Instruct,deep_infra,0.5,3,1,seal,allpay,private,0.1,1299,private_all_pay_v2.txt,2026-01-13_00-22-40-447998,00-29-18-159934,"Since this is the first round, I'll start by bidding a moderate amount to gauge the competition. I'll bid $5, which is low enough to minimize losses if I lose, but high enough to have a chance of winning. I'll monitor the bids and adjust my strategy accordingly in future rounds."
0,Bidder Andy,36,14.0,False,20.0,-14.0,all_pay_ipv_gemini,V10,meta-llama/Meta-Llama-3-8B-Instruct,deep_infra,0.5,3,1,seal,allpay,private,0.1,1299,private_all_pay_v2.txt,2026-01-13_00-22-40-447998,00-29-28-778955,"Since this is the first round, I'll start by bidding a moderate amount to gauge the competition. I'll bid $14, which is low enough to potentially win but high enough to signal my interest. I'll observe the other bidders' bids and adjust my strategy accordingly in future rounds."
0,Bidder Betty,33,20.0,True,20.0,13.0,all_pay_ipv_gemini,V10,meta-llama/Meta-Llama-3-8B-Instruct,deep_infra,0.5,3,1,seal,allpay,private,0.1,1299,private_all_pay_v2.txt,2026-01-13_00-22-40-447998,00-29-28-778955,"Since this is the first round and I don't have any historical data, I'll start by bidding a moderate amount to gauge the competition. I'll bid $20, which is a relatively low bid that still shows my interest in the prize. This will allow me to learn more about the other bidders' strategies and adjust my bidding accordingly in the next rounds."
0,Bidder Charles,31,20.0,False,20.0,-20.0,all_pay_ipv_gemini,V10,meta-llama/Meta-Llama-3-8B-Instruct,deep_infra,0.5,3,1,seal,allpay,private,0.1,1299,private_all_pay_v2.txt,2026-01-13_00-22-40-447998,00-29-28-778955,"Since this is the first round, I will start by bidding a moderate amount to gauge the competition. I will bid $20, which is a reasonable starting point. I will observe the bids of Bidder Andy and Bidder Betty to adjust my strategy for the next round, if any."
0,Bidder Andy,3,24.0,True,24.0,-21.0,all_pay_ipv_gemini,V10,meta-llama/Meta-Llama-3-8B-Instruct,deep_infra,0.5,3,1,seal,allpay,private,0.1,1299,private_all_pay_v2.txt,2026-01-13_00-22-40-447998,00-29-39-925170,"Since this is the first round, I'll start by bidding a moderate amount to gather information about the other bidders. I'll bid $24, which is high enough to make it likely I'll win, but low enough to leave room for adjustments in future rounds if necessary."
0,Bidder Betty,24,14.0,False,24.0,-14.0,all_pay_ipv_gemini,V10,meta-llama/Meta-Llama-3-8B-Instruct,deep_infra,0.5,3,1,seal,allpay,private,0.1,1299,private_all_pay_v2.txt,2026-01-13_00-22-40-447998,00-29-39-925170,"Since this is the first round, I'll start by bidding a moderate amount, considering my private value of $24. I'll aim to win the auction while keeping my bid low enough to minimize losses if I lose. I'll bid $14, which is slightly above the expected value of $12.5, but still relatively low to account for the uncertainty."
0,Bidder Charles,11,4.5,False,24.0,-4.5,all_pay_ipv_gemini,V10,meta-llama/Meta-Llama-3-8B-Instruct,deep_infra,0.5,3,1,seal,allpay,private,0.1,1299,private_all_pay_v2.txt,2026-01-13_00-22-40-447998,00-29-39-925170,"As the first round, I will bid strategically to maximize my profit. Since I know my private value is $11, I will bid just above the expected average bid to increase my chances of winning. I will bid $4.50, which is slightly above the expected average bid of $4.20. This will give me a good chance of winning while minimizing my potential loss."
0,Bidder Andy,31,20.0,False,20.0,-20.0,all_pay_ipv_gemini,V10,meta-llama/Meta-Llama-3-8B-Instruct,deep_infra,0.5,3,1,seal,allpay,private,0.1,1299,private_all_pay_v2.txt,2026-01-13_00-22-40-447998,00-29-51-144377,"Since this is the first round, I will start by bidding a moderate amount, $20, to gauge the competition. As I learn more about the other bidders' strategies, I will adjust my bidding to maximize my profit. I will focus on bidding above the average value to increase my chances of winning."
0,Bidder Betty,22,14.0,False,20.0,-14.0,all_pay_ipv_gemini,V10,meta-llama/Meta-Llama-3-8B-Instruct,deep_infra,0.5,3,1,seal,allpay,private,0.1,1299,private_all_pay_v2.txt,2026-01-13_00-22-40-447998,00-29-51-144377,"Since this is the first round, I will start by bidding a moderate amount to gauge the competition. I will bid $14, which is slightly above the expected value of $22, to test the waters. This bid is also low enough to minimize potential losses if I lose."
0,Bidder Charles,40,20.0,True,20.0,20.0,all_pay_ipv_gemini,V10,meta-llama/Meta-Llama-3-8B-Instruct,deep_infra,0.5,3,1,seal,allpay,private,0.1,1299,private_all_pay_v2.txt,2026-01-13_00-22-40-447998,00-29-51-144377,"As this is the first round, I will start by bidding a moderate amount to gather information about the other bidders' values. Since my private value is $40, I will bid $20, which is slightly above the midpoint of the possible bids (0-49). This will allow me to gain insight into the other bidders' strategies and adjust my bidding accordingly in future rounds."
0,Bidder Andy,42,25.0,True,25.0,17.0,all_pay_ipv_gemini,V10,meta-llama/Meta-Llama-3-8B-Instruct,deep_infra,0.5,3,1,seal,allpay,private,0.1,1299,private_all_pay_v2.txt,2026-01-13_00-22-40-447998,00-30-01-942318,"Since this is the first round, I'll start by bidding a moderate amount, taking into account my private value of $42. I'll bid $25, which is a reasonable starting point, allowing me to learn more about the other bidders' strategies and values in future rounds."
0,Bidder Betty,29,15.0,False,25.0,-15.0,all_pay_ipv_gemini,V10,meta-llama/Meta-Llama-3-8B-Instruct,deep_infra,0.5,3,1,seal,allpay,private,0.1,1299,private_all_pay_v2.txt,2026-01-13_00-22-40-447998,00-30-01-942318,"I will bid a value that is slightly higher than the average bid, taking into account that the other bidders may also have a value around $29. This will increase the likelihood of winning while minimizing the potential loss if I lose. I will bid $15."
0,Bidder Charles,48,20.0,False,25.0,-20.0,all_pay_ipv_gemini,V10,meta-llama/Meta-Llama-3-8B-Instruct,deep_infra,0.5,3,1,seal,allpay,private,0.1,1299,private_all_pay_v2.txt,2026-01-13_00-22-40-447998,00-30-01-942318,"Since this is the first round, I'll start by bidding a moderate amount to gauge the competition. Given my value for the prize is $48, I'll bid $20 to maximize my potential profit while keeping an eye on the other bidders' moves."
0,Bidder Andy,47,46.5,True,46.5,0.5,all_pay_ipv_gemini,V10,meta-llama/Meta-Llama-3-8B-Instruct,deep_infra,0.5,3,1,seal,allpay,private,0.1,1299,private_all_pay_v2.txt,2026-01-13_00-22-40-447998,00-30-12-521032,"Since this is the first round, I'll bid based on my private value. I'll bid slightly below my value to leave room for future rounds. I'll bid $46.5, which is $0.5 less than my value to minimize loss if I lose."
0,Bidder Betty,33,20.0,False,46.5,-20.0,all_pay_ipv_gemini,V10,meta-llama/Meta-Llama-3-8B-Instruct,deep_infra,0.5,3,1,seal,allpay,private,0.1,1299,private_all_pay_v2.txt,2026-01-13_00-22-40-447998,00-30-12-521032,"Since this is the first round and I don't have any historical data, I'll start by bidding a moderate amount to gauge the competition. I'll bid $20, which is a relatively low bid that still shows my interest in the prize. This will allow me to learn more about the other bidders' strategies and adjust my bidding accordingly in the next rounds."
0,Bidder Charles,36,20.0,False,46.5,-20.0,all_pay_ipv_gemini,V10,meta-llama/Meta-Llama-3-8B-Instruct,deep_infra,0.5,3,1,seal,allpay,private,0.1,1299,private_all_pay_v2.txt,2026-01-13_00-22-40-447998,00-30-12-521032,"Since this is the first round, I will start by bidding a moderate amount, $20, to gauge the competition. I will observe the bids and adjust my strategy accordingly. If I win, I will aim to maximize my profit by bidding close to my value, $36. If I lose, I will bid low to minimize my loss."
0,Bidder Andy,32,15.0,False,15.0,-15.0,all_pay_ipv_gemini,V10,meta-llama/Meta-Llama-3-8B-Instruct,deep_infra,0.5,3,1,seal,allpay,private,0.1,1299,private_all_pay_v2.txt,2026-01-13_00-22-40-447998,00-30-27-270537,"As this is the first round, I will start with a conservative bid to gather information about the other bidders' values. I will bid $15, which is a relatively low amount, but still high enough to have a chance of winning. This will allow me to learn more about the other bidders' values and adjust my strategy accordingly in future rounds."
0,Bidder Betty,6,4.0,False,15.0,-4.0,all_pay_ipv_gemini,V10,meta-llama/Meta-Llama-3-8B-Instruct,deep_infra,0.5,3,1,seal,allpay,private,0.1,1299,private_all_pay_v2.txt,2026-01-13_00-22-40-447998,00-30-27-270537,"Since it's the first round, I'll start by bidding a moderate amount to gauge the competition. Given my private value of $6, I'll bid $4 to minimize my potential loss while keeping an eye on the other bidders' moves."
0,Bidder Charles,17,15.0,True,15.0,2.0,all_pay_ipv_gemini,V10,meta-llama/Meta-Llama-3-8B-Instruct,deep_infra,0.5,3,1,seal,allpay,private,0.1,1299,private_all_pay_v2.txt,2026-01-13_00-22-40-447998,00-30-27-270537,"Since this is the first round, I'll start by bidding a moderate amount to gauge the competition. Considering my private value is $17, I'll bid $15, leaving room for adjustment in subsequent rounds if needed. This bid should also keep me competitive without overspending."
0,Bidder Andy,39,20.0,False,22.5,-20.0,all_pay_ipv_gemini,V10,meta-llama/Meta-Llama-3-8B-Instruct,deep_infra,0.5,3,1,seal,allpay,private,0.1,1299,private_all_pay_v2.txt,2026-01-13_00-22-40-447998,00-30-37-829824,"Since this is the first round, I will start by bidding a moderate amount to gauge the competition. Given my private value of $39, I will bid $20, which is slightly above the expected value of $19.5. This will allow me to potentially win the prize while minimizing my loss if I lose."
0,Bidder Betty,34,20.0,False,22.5,-20.0,all_pay_ipv_gemini,V10,meta-llama/Meta-Llama-3-8B-Instruct,deep_infra,0.5,3,1,seal,allpay,private,0.1,1299,private_all_pay_v2.txt,2026-01-13_00-22-40-447998,00-30-37-829824,"Since this is the first round, I'll start by bidding a moderate amount to gauge the competition. I'll bid $20, which is a reasonable starting point. I'll observe the bids and adjust my strategy accordingly in subsequent rounds."
0,Bidder Charles,45,22.5,True,22.5,22.5,all_pay_ipv_gemini,V10,meta-llama/Meta-Llama-3-8B-Instruct,deep_infra,0.5,3,1,seal,allpay,private,0.1,1299,private_all_pay_v2.txt,2026-01-13_00-22-40-447998,00-30-37-829824,"Since this is the first round, I'll start by bidding a moderate amount to gauge the competition. I'll bid $22.50, which is slightly above the midpoint of the possible bids. This will allow me to observe the other bidders' strategies and adjust accordingly for the next round."
0,Bidder Andy,49,47.9,True,47.9,1.1000000000000014,all_pay_ipv_gemini,V10,meta-llama/Meta-Llama-3-8B-Instruct,deep_infra,0.5,3,1,seal,allpay,private,0.1,1299,private_all_pay_v2.txt,2026-01-13_00-22-40-447998,00-30-48-397694,"Since this is the first round, I'll start by bidding high to maximize my chances of winning. Since my private value is $49, I'll bid just below it to minimize my potential loss if I lose. A bid of $47.9 will give me a good balance between winning and losing."
0,Bidder Betty,44,1.0,False,47.9,-1.0,all_pay_ipv_gemini,V10,meta-llama/Meta-Llama-3-8B-Instruct,deep_infra,0.5,3,1,seal,allpay,private,0.1,1299,private_all_pay_v2.txt,2026-01-13_00-22-40-447998,00-30-48-397694,"Since this is the first round, I will bid conservatively to minimize potential losses. I will start with a bid of $1, as it is a low-risk and low-reward strategy. This allows me to learn more about the other bidders' behavior and adjust my strategy accordingly in future rounds. With a private value of $44, I can afford to bid low and still have a chance to win."
0,Bidder Charles,22,11.0,False,47.9,-11.0,all_pay_ipv_gemini,V10,meta-llama/Meta-Llama-3-8B-Instruct,deep_infra,0.5,3,1,seal,allpay,private,0.1,1299,private_all_pay_v2.txt,2026-01-13_00-22-40-447998,00-30-48-397694,"As this is the first round, I will start by bidding a moderate amount, $11, to gauge the competition and allow for some flexibility in future rounds. I will also keep in mind that my private value is $22, so I have room for error."
0,Bidder Andy,40,20.0,True,20.0,20.0,all_pay_ipv_gemini,V10,meta-llama/Meta-Llama-3-8B-Instruct,deep_infra,0.5,3,1,seal,allpay,private,0.1,1299,private_all_pay_v2.txt,2026-01-13_00-22-40-447998,00-30-58-837690,"As the first round, I'll start by bidding a moderate amount to gauge the competition. Since my private value is $40, I'll bid $20 to leave room for future adjustments. This strategy allows me to maximize my chances of winning while minimizing potential losses."
0,Bidder Betty,13,1.0,False,20.0,-1.0,all_pay_ipv_gemini,V10,meta-llama/Meta-Llama-3-8B-Instruct,deep_infra,0.5,3,1,seal,allpay,private,0.1,1299,private_all_pay_v2.txt,2026-01-13_00-22-40-447998,00-30-58-837690,"Since this is the first round, I'll start by bidding a conservative amount to minimize losses. Given my private value of $13, I'll bid $1 to gain information about the other bidders' values. This bid is low enough to not be a strong contender, but high enough to participate in the auction."
0,Bidder Charles,17,15.0,False,20.0,-15.0,all_pay_ipv_gemini,V10,meta-llama/Meta-Llama-3-8B-Instruct,deep_infra,0.5,3,1,seal,allpay,private,0.1,1299,private_all_pay_v2.txt,2026-01-13_00-22-40-447998,00-30-58-837690,"Since this is the first round, I'll start by bidding a moderate amount to gauge the competition. Considering my private value is $17, I'll bid $15, leaving room for adjustment in subsequent rounds if needed. This bid should also keep me competitive without overspending."
0,Bidder Andy,22,15.0,False,20.0,-15.0,all_pay_ipv_gemini,V10,meta-llama/Meta-Llama-3-8B-Instruct,deep_infra,0.5,3,1,seal,allpay,private,0.1,1299,private_all_pay_v2.txt,2026-01-13_00-22-40-447998,00-31-09-290890,"Since this is the first round, I will start by bidding a moderate amount to get a sense of the competition. Considering my private value is $22, I will bid $15 to leave room for future adjustments and potential competition."
0,Bidder Betty,34,20.0,True,20.0,14.0,all_pay_ipv_gemini,V10,meta-llama/Meta-Llama-3-8B-Instruct,deep_infra,0.5,3,1,seal,allpay,private,0.1,1299,private_all_pay_v2.txt,2026-01-13_00-22-40-447998,00-31-09-290890,"Since this is the first round, I'll start by bidding a moderate amount to gauge the competition. I'll bid $20, which is a reasonable starting point. I'll observe the bids and adjust my strategy accordingly in subsequent rounds."
0,Bidder Charles,10,5.0,False,20.0,-5.0,all_pay_ipv_gemini,V10,meta-llama/Meta-Llama-3-8B-Instruct,deep_infra,0.5,3,1,seal,allpay,private,0.1,1299,private_all_pay_v2.txt,2026-01-13_00-22-40-447998,00-31-09-290890,"Since this is the first round, I'll start by bidding a moderate amount to gauge the competition. I'll bid $5, which is low enough to minimize losses if I lose, but high enough to have a chance of winning. I'll monitor the bids and adjust my strategy accordingly in future rounds."
0,Bidder Andy,28,20.0,False,20.0,-20.0,all_pay_ipv_gemini,V10,meta-llama/Meta-Llama-3-8B-Instruct,deep_infra,0.5,3,1,seal,allpay,private,0.1,1299,private_all_pay_v2.txt,2026-01-13_00-22-40-447998,00-31-19-620291,"Since this is the first round, I'll start by bidding a moderate amount to gauge the competition. Since my private value is $28, I'll bid $20 to leave room for potential adjustments in future rounds. I'll observe the bids and adjust my strategy accordingly."
0,Bidder Betty,23,20.0,True,20.0,3.0,all_pay_ipv_gemini,V10,meta-llama/Meta-Llama-3-8B-Instruct,deep_infra,0.5,3,1,seal,allpay,private,0.1,1299,private_all_pay_v2.txt,2026-01-13_00-22-40-447998,00-31-19-620291,"Since it's the first round, I'll start by bidding a moderate amount to gauge the competition. Given my private value is $23, I'll aim to bid below it to ensure a decent profit. I'll start with a bid of $20, which is a safe and reasonable starting point. This will allow me to observe the other bidders' strategies and adjust accordingly in subsequent rounds."
0,Bidder Charles,36,20.0,False,20.0,-20.0,all_pay_ipv_gemini,V10,meta-llama/Meta-Llama-3-8B-Instruct,deep_infra,0.5,3,1,seal,allpay,private,0.1,1299,private_all_pay_v2.txt,2026-01-13_00-22-40-447998,00-31-19-620291,"Since this is the first round, I will start by bidding a moderate amount, $20, to gauge the competition. I will observe the bids and adjust my strategy accordingly. If I win, I will aim to maximize my profit by bidding close to my value, $36. If I lose, I will bid low to minimize my loss."
0,Bidder Andy,4,0.1,False,20.0,-0.1,all_pay_ipv_gemini,V10,meta-llama/Meta-Llama-3-8B-Instruct,deep_infra,0.5,3,1,seal,allpay,private,0.1,1299,private_all_pay_v2.txt,2026-01-13_00-22-40-447998,00-31-30-186343,"Given my private value of $4, I will bid strategically to maximize my profit. Since this is the first round, I don't have any historical data to inform my decision. I will start with a conservative bid, $0.1, to minimize my potential losses while still having a chance to win."
0,Bidder Betty,23,20.0,False,20.0,-20.0,all_pay_ipv_gemini,V10,meta-llama/Meta-Llama-3-8B-Instruct,deep_infra,0.5,3,1,seal,allpay,private,0.1,1299,private_all_pay_v2.txt,2026-01-13_00-22-40-447998,00-31-30-186343,"Since it's the first round, I'll start by bidding a moderate amount to gauge the competition. Given my private value is $23, I'll aim to bid below it to ensure a decent profit. I'll start with a bid of $20, which is a safe and reasonable starting point. This will allow me to observe the other bidders' strategies and adjust accordingly in subsequent rounds."
0,Bidder Charles,32,20.0,True,20.0,12.0,all_pay_ipv_gemini,V10,meta-llama/Meta-Llama-3-8B-Instruct,deep_infra,0.5,3,1,seal,allpay,private,0.1,1299,private_all_pay_v2.txt,2026-01-13_00-22-40-447998,00-31-30-186343,"Since this is the first round, I will start by bidding a moderate amount to get a sense of the other bidders' strategies. I will bid $20, which is a reasonable starting point that should not scare off the other bidders. I will also keep an eye on their bids to adjust my strategy accordingly."
0,Bidder Andy,21,14.0,False,14.0,-14.0,all_pay_ipv_gemini,V10,meta-llama/Meta-Llama-3-8B-Instruct,deep_infra,0.5,3,1,seal,allpay,private,0.1,1299,private_all_pay_v2.txt,2026-01-13_00-22-40-447998,00-31-44-891507,"Since this is the first round, I will start by bidding a moderate amount to gauge the competition. I will bid $14, which is slightly above the average value of $21, but not too high to risk losing. This will give me a good starting point for future rounds."
0,Bidder Betty,22,14.0,True,14.0,8.0,all_pay_ipv_gemini,V10,meta-llama/Meta-Llama-3-8B-Instruct,deep_infra,0.5,3,1,seal,allpay,private,0.1,1299,private_all_pay_v2.txt,2026-01-13_00-22-40-447998,00-31-44-891507,"Since this is the first round, I will start by bidding a moderate amount to gauge the competition. I will bid $14, which is slightly above the expected value of $22, to test the waters. This bid is also low enough to minimize potential losses if I lose."
0,Bidder Charles,13,13.0,False,14.0,-13.0,all_pay_ipv_gemini,V10,meta-llama/Meta-Llama-3-8B-Instruct,deep_infra,0.5,3,1,seal,allpay,private,0.1,1299,private_all_pay_v2.txt,2026-01-13_00-22-40-447998,00-31-44-891507,"As the first round, I will bid strategically to maximize my profit. Since I don't have any historical data, I will bid based on my private value. I will bid $13, which is my private value, to maximize my expected profit."
0,Bidder Andy,6,3.1,False,20.0,-3.1,all_pay_ipv_gemini,V10,meta-llama/Meta-Llama-3-8B-Instruct,deep_infra,0.5,3,1,seal,allpay,private,0.1,1299,private_all_pay_v2.txt,2026-01-13_00-22-40-447998,00-32-15-818636,"Since this is the first round, I'll start by bidding a moderate amount to gauge the competition. Given my private value of $6, I'll bid $3.10, which is slightly above the minimum bid but still relatively low. This will allow me to observe the other bidders' behavior and adjust my strategy accordingly."
0,Bidder Betty,40,20.0,True,20.0,20.0,all_pay_ipv_gemini,V10,meta-llama/Meta-Llama-3-8B-Instruct,deep_infra,0.5,3,1,seal,allpay,private,0.1,1299,private_all_pay_v2.txt,2026-01-13_00-22-40-447998,00-32-15-818636,"Since this is the first round, I will start by bidding a moderate amount to gather information about the other bidders' values. Given my private value is $40, I will bid $20 to balance the risk of winning or losing."
0,Bidder Charles,28,14.0,False,20.0,-14.0,all_pay_ipv_gemini,V10,meta-llama/Meta-Llama-3-8B-Instruct,deep_infra,0.5,3,1,seal,allpay,private,0.1,1299,private_all_pay_v2.txt,2026-01-13_00-22-40-447998,00-32-15-818636,"Since this is the first round, I'll start by bidding a moderate amount to gauge the competition. I'll bid $14, which is a reasonable starting point. I'll observe the other bidders' bids and adjust my strategy accordingly in the next round, if any."
0,Bidder Andy,19,15.0,False,20.0,-15.0,all_pay_ipv_gemini,V10,meta-llama/Meta-Llama-3-8B-Instruct,deep_infra,0.5,3,1,seal,allpay,private,0.1,1299,private_all_pay_v2.txt,2026-01-13_00-22-40-447998,00-34-56-417633,"Given my private value of $19, I will bid strategically to maximize my profit. Since this is the first round, I don't have any historical data to rely on. I will start with a moderate bid of $15, hoping to win the prize without overpaying. This bid is close to my value, but not too high to minimize potential losses."
0,Bidder Betty,44,1.0,False,20.0,-1.0,all_pay_ipv_gemini,V10,meta-llama/Meta-Llama-3-8B-Instruct,deep_infra,0.5,3,1,seal,allpay,private,0.1,1299,private_all_pay_v2.txt,2026-01-13_00-22-40-447998,00-34-56-417633,"Since this is the first round, I will bid conservatively to minimize potential losses. I will start with a bid of $1, as it is a low-risk and low-reward strategy. This allows me to learn more about the other bidders' behavior and adjust my strategy accordingly in future rounds. With a private value of $44, I can afford to bid low and still have a chance to win."
0,Bidder Charles,43,20.0,True,20.0,23.0,all_pay_ipv_gemini,V10,meta-llama/Meta-Llama-3-8B-Instruct,deep_infra,0.5,3,1,seal,allpay,private,0.1,1299,private_all_pay_v2.txt,2026-01-13_00-22-40-447998,00-34-56-417633,"Since this is the first round, I'll start by bidding a moderate amount to gauge the competition. Given my private value of $43, I'll bid $20 to ensure I don't overpay and keep my options open for future rounds. I'll observe the other bidders' strategies and adjust my bidding accordingly."
0,Bidder Andy,31,20.0,False,24.0,-20.0,all_pay_ipv_gemini,V10,meta-llama/Meta-Llama-3-8B-Instruct,deep_infra,0.5,3,1,seal,allpay,private,0.1,1299,private_all_pay_v2.txt,2026-01-13_00-22-40-447998,00-35-07-095433,"Since this is the first round, I will start by bidding a moderate amount, $20, to gauge the competition. As I learn more about the other bidders' strategies, I will adjust my bidding to maximize my profit. I will focus on bidding above the average value to increase my chances of winning."
0,Bidder Betty,46,24.0,True,24.0,22.0,all_pay_ipv_gemini,V10,meta-llama/Meta-Llama-3-8B-Instruct,deep_infra,0.5,3,1,seal,allpay,private,0.1,1299,private_all_pay_v2.txt,2026-01-13_00-22-40-447998,00-35-07-095433,"Since this is the first round, I'll start by bidding strategically to maximize my profit. I'll bid $24, which is the midpoint between $0 and $46, my private value. This will give me a good chance of winning while minimizing my potential loss."
0,Bidder Charles,35,20.0,False,24.0,-20.0,all_pay_ipv_gemini,V10,meta-llama/Meta-Llama-3-8B-Instruct,deep_infra,0.5,3,1,seal,allpay,private,0.1,1299,private_all_pay_v2.txt,2026-01-13_00-22-40-447998,00-35-07-095433,"Since this is the first round, I'll start by bidding a moderate amount to gather information about the other bidders' values. I'll bid $20, which is not too high and not too low, to test the waters and gauge the competition. This will also allow me to adjust my strategy for the next round based on the outcome."
0,Bidder Andy,24,12.5,False,13.0,-12.5,all_pay_ipv_gemini,V10,meta-llama/Meta-Llama-3-8B-Instruct,deep_infra,0.5,3,1,seal,allpay,private,0.1,1299,private_all_pay_v2.txt,2026-01-13_00-22-40-447998,00-35-22-058894,"As it's the first round, I'll take a cautious approach. Since my private value is $24, I'll bid slightly above the midpoint to increase my chances of winning. I'll aim for a bid of $12.50, which is close to the optimal bid for a single-round auction. This strategy balances the risk of losing with the potential gain of winning."
0,Bidder Betty,9,4.5,False,13.0,-4.5,all_pay_ipv_gemini,V10,meta-llama/Meta-Llama-3-8B-Instruct,deep_infra,0.5,3,1,seal,allpay,private,0.1,1299,private_all_pay_v2.txt,2026-01-13_00-22-40-447998,00-35-22-058894,"Since this is the first round, I'll start by bidding a moderate amount to get a sense of the competition. Given my private value of $9, I'll aim to bid a price that's slightly higher than the expected value of the prize. I'll start with a bid of $4.50 to test the waters and gauge the competition's response."
0,Bidder Charles,13,13.0,True,13.0,0.0,all_pay_ipv_gemini,V10,meta-llama/Meta-Llama-3-8B-Instruct,deep_infra,0.5,3,1,seal,allpay,private,0.1,1299,private_all_pay_v2.txt,2026-01-13_00-22-40-447998,00-35-22-058894,"As the first round, I will bid strategically to maximize my profit. Since I don't have any historical data, I will bid based on my private value. I will bid $13, which is my private value, to maximize my expected profit."
0,Bidder Andy,0,0.1,False,20.0,-0.1,all_pay_ipv_gemini,V10,meta-llama/Meta-Llama-3-8B-Instruct,deep_infra,0.5,3,1,seal,allpay,private,0.1,1299,private_all_pay_v2.txt,2026-01-13_00-22-40-447998,00-35-32-547683,"Since my private value is $0, I will bid $0.10 to minimize my loss and increase my chances of winning. This strategy is optimal because I have no value for the prize, and bidding $0 ensures I won't lose more than necessary."
0,Bidder Betty,18,9.5,False,20.0,-9.5,all_pay_ipv_gemini,V10,meta-llama/Meta-Llama-3-8B-Instruct,deep_infra,0.5,3,1,seal,allpay,private,0.1,1299,private_all_pay_v2.txt,2026-01-13_00-22-40-447998,00-35-32-547683,"Since this is the first round, I'll start by bidding a moderate amount to gauge the competition. Considering my private value is $18, I'll aim to win with a bid slightly above the expected average. I'll bid $9.50."
0,Bidder Charles,39,20.0,True,20.0,19.0,all_pay_ipv_gemini,V10,meta-llama/Meta-Llama-3-8B-Instruct,deep_infra,0.5,3,1,seal,allpay,private,0.1,1299,private_all_pay_v2.txt,2026-01-13_00-22-40-447998,00-35-32-547683,"Since this is the first round, I'll start by bidding a moderate amount to gauge the competition. I'll bid $20, which is higher than the starting bid but not too aggressive. This will help me learn more about the other bidders' behavior and adjust my strategy accordingly."
0,Bidder Andy,31,20.0,False,20.0,-20.0,all_pay_ipv_gemini,V10,meta-llama/Meta-Llama-3-8B-Instruct,deep_infra,0.5,3,1,seal,allpay,private,0.1,1299,private_all_pay_v2.txt,2026-01-13_00-22-40-447998,00-35-43-055209,"Since this is the first round, I will start by bidding a moderate amount, $20, to gauge the competition. As I learn more about the other bidders' strategies, I will adjust my bidding to maximize my profit. I will focus on bidding above the average value to increase my chances of winning."
0,Bidder Betty,47,20.0,True,20.0,27.0,all_pay_ipv_gemini,V10,meta-llama/Meta-Llama-3-8B-Instruct,deep_infra,0.5,3,1,seal,allpay,private,0.1,1299,private_all_pay_v2.txt,2026-01-13_00-22-40-447998,00-35-43-055209,"Since this is the first round, I will start by bidding a moderate amount to gauge the competition. Given my private value of $47, I will bid $20, which is below my value but high enough to make it worthwhile to participate. I will observe the bids and adjust my strategy accordingly."
0,Bidder Charles,1,5.0,False,20.0,-5.0,all_pay_ipv_gemini,V10,meta-llama/Meta-Llama-3-8B-Instruct,deep_infra,0.5,3,1,seal,allpay,private,0.1,1299,private_all_pay_v2.txt,2026-01-13_00-22-40-447998,00-35-43-055209,"Since this is the first round, I will start by bidding a moderate amount to gauge the competition. Considering my private value is $1, I will bid $5 to minimize potential losses and leave room for adjustments in subsequent rounds."
0,Bidder Andy,10,4.1,False,14.0,-4.1,all_pay_ipv_gemini,V10,meta-llama/Meta-Llama-3-8B-Instruct,deep_infra,0.5,3,1,seal,allpay,private,0.1,1299,private_all_pay_v2.txt,2026-01-13_00-22-40-447998,00-35-58-051333,"Since it's the first round and I don't have any historical data, I'll start by bidding a moderate amount that balances the potential gain from winning with the potential loss from bidding too high. I'll bid $4.10, which is low enough to have a good chance of winning but not so low that I'm guaranteed to lose."
0,Bidder Betty,6,4.0,False,14.0,-4.0,all_pay_ipv_gemini,V10,meta-llama/Meta-Llama-3-8B-Instruct,deep_infra,0.5,3,1,seal,allpay,private,0.1,1299,private_all_pay_v2.txt,2026-01-13_00-22-40-447998,00-35-58-051333,"Since it's the first round, I'll start by bidding a moderate amount to gauge the competition. Given my private value of $6, I'll bid $4 to minimize my potential loss while keeping an eye on the other bidders' moves."
0,Bidder Charles,4,14.0,True,14.0,-10.0,all_pay_ipv_gemini,V10,meta-llama/Meta-Llama-3-8B-Instruct,deep_infra,0.5,3,1,seal,allpay,private,0.1,1299,private_all_pay_v2.txt,2026-01-13_00-22-40-447998,00-35-58-051333,"Since this is the first round, I'll start by bidding a moderate amount to gather information about the other bidders' values. I'll bid $14, which is low enough to have a chance of winning but high enough to make it unlikely that I'll lose too much profit if I lose. I'll observe the other bidders' bids and adjust my strategy accordingly."
0,Bidder Andy,19,15.0,True,15.0,4.0,all_pay_ipv_gemini,V10,meta-llama/Meta-Llama-3-8B-Instruct,deep_infra,0.5,3,1,seal,allpay,private,0.1,1299,private_all_pay_v2.txt,2026-01-13_00-22-40-447998,00-36-13-021920,"Given my private value of $19, I will bid strategically to maximize my profit. Since this is the first round, I don't have any historical data to rely on. I will start with a moderate bid of $15, hoping to win the prize without overpaying. This bid is close to my value, but not too high to minimize potential losses."
0,Bidder Betty,28,14.0,False,15.0,-14.0,all_pay_ipv_gemini,V10,meta-llama/Meta-Llama-3-8B-Instruct,deep_infra,0.5,3,1,seal,allpay,private,0.1,1299,private_all_pay_v2.txt,2026-01-13_00-22-40-447998,00-36-13-021920,"Since this is the first round, I'll start by bidding a moderate amount to gauge the competition. I'll bid $14, which is higher than the minimum but lower than the maximum. This will allow me to observe the other bidders' behavior and adjust my strategy accordingly."
0,Bidder Charles,2,1.0,False,15.0,-1.0,all_pay_ipv_gemini,V10,meta-llama/Meta-Llama-3-8B-Instruct,deep_infra,0.5,3,1,seal,allpay,private,0.1,1299,private_all_pay_v2.txt,2026-01-13_00-22-40-447998,00-36-13-021920,"Since this is the first round, I will start by bidding a moderate amount to gauge the competition. Considering my private value is $2, I will bid $1. This will allow me to learn more about the other bidders' strategies and potentially win the prize at a low cost."
0,Bidder Andy,13,10.0,False,20.0,-10.0,all_pay_ipv_gemini,V10,meta-llama/Meta-Llama-3-8B-Instruct,deep_infra,0.5,3,1,seal,allpay,private,0.1,1299,private_all_pay_v2.txt,2026-01-13_00-22-40-447998,00-36-28-173788,"Since this is the first round, I will start by bidding a moderate amount to gauge the competition. Given my private value is $13, I will bid $10 to ensure I don't overpay and to keep my options open for future rounds. I will observe the bids and adjust my strategy accordingly."
0,Bidder Betty,38,20.0,False,20.0,-20.0,all_pay_ipv_gemini,V10,meta-llama/Meta-Llama-3-8B-Instruct,deep_infra,0.5,3,1,seal,allpay,private,0.1,1299,private_all_pay_v2.txt,2026-01-13_00-22-40-447998,00-36-28-173788,"Since this is the first round, I'll start by bidding a moderate amount to gauge the competition. Given my private value of $38, I'll bid $20, which is less than half of my value. This allows me to keep some room for future bids while still being competitive."
0,Bidder Charles,43,20.0,True,20.0,23.0,all_pay_ipv_gemini,V10,meta-llama/Meta-Llama-3-8B-Instruct,deep_infra,0.5,3,1,seal,allpay,private,0.1,1299,private_all_pay_v2.txt,2026-01-13_00-22-40-447998,00-36-28-173788,"Since this is the first round, I'll start by bidding a moderate amount to gauge the competition. Given my private value of $43, I'll bid $20 to ensure I don't overpay and keep my options open for future rounds. I'll observe the other bidders' strategies and adjust my bidding accordingly."
0,Bidder Andy,34,20.0,True,20.0,14.0,all_pay_ipv_gemini,V10,meta-llama/Meta-Llama-3-8B-Instruct,deep_infra,0.5,3,1,seal,allpay,private,0.1,1299,private_all_pay_v2.txt,2026-01-13_00-22-40-447998,00-36-38-941033,"Since this is the first round, I'll start by bidding a moderate amount to gauge the competition. I'll bid $20, which is higher than the minimum but lower than the maximum. This will allow me to learn more about the other bidders' strategies and adjust my bidding accordingly in the next round."
0,Bidder Betty,7,14.0,False,20.0,-14.0,all_pay_ipv_gemini,V10,meta-llama/Meta-Llama-3-8B-Instruct,deep_infra,0.5,3,1,seal,allpay,private,0.1,1299,private_all_pay_v2.txt,2026-01-13_00-22-40-447998,00-36-38-941033,"Since this is the first round, I will start by bidding a moderate amount to gather information about the other bidders' values. I will bid $14, which is slightly above the expected value of $7, but not too high to risk losing. This will give me a chance to observe the other bidders' bids and adjust my strategy accordingly."
0,Bidder Charles,13,13.0,False,20.0,-13.0,all_pay_ipv_gemini,V10,meta-llama/Meta-Llama-3-8B-Instruct,deep_infra,0.5,3,1,seal,allpay,private,0.1,1299,private_all_pay_v2.txt,2026-01-13_00-22-40-447998,00-36-38-941033,"As the first round, I will bid strategically to maximize my profit. Since I don't have any historical data, I will bid based on my private value. I will bid $13, which is my private value, to maximize my expected profit."
0,Bidder Andy,43,20.0,True,20.0,23.0,all_pay_ipv_gemini,V10,meta-llama/Meta-Llama-3-8B-Instruct,deep_infra,0.5,3,1,seal,allpay,private,0.1,1299,private_all_pay_v2.txt,2026-01-13_00-22-40-447998,00-36-49-618698,"Since this is the first round, I'll start by bidding a moderate amount to gauge the competition. Considering my private value is $43, I'll bid $20 to leave room for improvement in future rounds while not giving away too much information about my value."
0,Bidder Betty,23,20.0,False,20.0,-20.0,all_pay_ipv_gemini,V10,meta-llama/Meta-Llama-3-8B-Instruct,deep_infra,0.5,3,1,seal,allpay,private,0.1,1299,private_all_pay_v2.txt,2026-01-13_00-22-40-447998,00-36-49-618698,"Since it's the first round, I'll start by bidding a moderate amount to gauge the competition. Given my private value is $23, I'll aim to bid below it to ensure a decent profit. I'll start with a bid of $20, which is a safe and reasonable starting point. This will allow me to observe the other bidders' strategies and adjust accordingly in subsequent rounds."
0,Bidder Charles,9,4.9,False,20.0,-4.9,all_pay_ipv_gemini,V10,meta-llama/Meta-Llama-3-8B-Instruct,deep_infra,0.5,3,1,seal,allpay,private,0.1,1299,private_all_pay_v2.txt,2026-01-13_00-22-40-447998,00-36-49-618698,"Given my private value of $9, I will bid a moderate amount to maximize my profit. Since this is the first round, I don't have any historical data to rely on. I will bid a value that is higher than my private value to increase the chances of winning, but not too high to avoid a loss. I will bid $4.9, which is a reasonable starting point."
0,Bidder Andy,36,18.0,True,18.0,18.0,all_pay_ipv_gemini,V10,meta-llama/Meta-Llama-3-8B-Instruct,deep_infra,0.5,3,1,seal,allpay,private,0.1,1299,private_all_pay_v2.txt,2026-01-13_00-22-40-447998,00-37-49-763207,"Since this is the first round, I'll follow a conservative strategy by bidding a moderate amount, considering the value of $36. I'll bid $18, which is less than half of my value, to minimize potential losses while still having a chance to win."
0,Bidder Betty,27,14.0,False,18.0,-14.0,all_pay_ipv_gemini,V10,meta-llama/Meta-Llama-3-8B-Instruct,deep_infra,0.5,3,1,seal,allpay,private,0.1,1299,private_all_pay_v2.txt,2026-01-13_00-22-40-447998,00-37-49-763207,"Since this is the first round, I will start by bidding a moderate amount, taking into account the random nature of the values and the fact that I don't have any historical data to inform my decision. I will bid $14.00, which is slightly above the expected value of $27, but not too high to risk losing."
0,Bidder Charles,25,15.0,False,18.0,-15.0,all_pay_ipv_gemini,V10,meta-llama/Meta-Llama-3-8B-Instruct,deep_infra,0.5,3,1,seal,allpay,private,0.1,1299,private_all_pay_v2.txt,2026-01-13_00-22-40-447998,00-37-49-763207,"Since this is the first round, I will start by bidding a moderate amount to gauge the competition. Given my private value of $25, I will bid $15 to maximize my expected profit. This bid is low enough to have a good chance of winning, but not so low that I risk losing to the other bidders."
0,Bidder Andy,0,0.1,False,20.0,-0.1,all_pay_ipv_gemini,V10,meta-llama/Meta-Llama-3-8B-Instruct,deep_infra,0.5,3,1,seal,allpay,private,0.1,1299,private_all_pay_v2.txt,2026-01-13_00-22-40-447998,00-40-39-081281,"Since my private value is $0, I will bid $0.10 to minimize my loss and increase my chances of winning. This strategy is optimal because I have no value for the prize, and bidding $0 ensures I won't lose more than necessary."
0,Bidder Betty,43,20.0,True,20.0,23.0,all_pay_ipv_gemini,V10,meta-llama/Meta-Llama-3-8B-Instruct,deep_infra,0.5,3,1,seal,allpay,private,0.1,1299,private_all_pay_v2.txt,2026-01-13_00-22-40-447998,00-40-39-081281,"Since this is the first round, I'll start by bidding a moderate amount to gauge the competition. Considering my private value is $43, I'll bid $20 to maximize my profit. This bid is low enough to potentially lose, but high enough to signal my interest in the prize."
0,Bidder Charles,5,1.0,False,20.0,-1.0,all_pay_ipv_gemini,V10,meta-llama/Meta-Llama-3-8B-Instruct,deep_infra,0.5,3,1,seal,allpay,private,0.1,1299,private_all_pay_v2.txt,2026-01-13_00-22-40-447998,00-40-39-081281,"Since this is the first round and I don't have any historical data to learn from, I will start with a conservative bid to minimize my potential loss. I will bid $1, hoping to win the prize and earn a profit of $5 - $1 = $4. This strategy allows me to maximize my potential profit while minimizing my risk."
0,Bidder Andy,30,25.0,True,25.0,5.0,all_pay_ipv_gemini,V10,meta-llama/Meta-Llama-3-8B-Instruct,deep_infra,0.5,3,1,seal,allpay,private,0.1,1299,private_all_pay_v2.txt,2026-01-13_00-22-40-447998,00-40-53-958132,"Since this is the first round, I'll start by bidding strategically to maximize my profit. I'll bid a moderate amount, taking into account my private value of $30. I'll aim to bid just above the midpoint of the possible bid range to increase my chances of winning while minimizing my potential loss. I'll bid $25."
0,Bidder Betty,15,10.0,False,25.0,-10.0,all_pay_ipv_gemini,V10,meta-llama/Meta-Llama-3-8B-Instruct,deep_infra,0.5,3,1,seal,allpay,private,0.1,1299,private_all_pay_v2.txt,2026-01-13_00-22-40-447998,00-40-53-958132,"Since this is the first round, I'll start by bidding a moderate amount to gather information about the other bidders' values. Considering my private value is $15, I'll bid $10 to minimize my potential loss and maximize my potential gain. I'll observe the other bidders' bids to adjust my strategy for the next round, if any."
0,Bidder Charles,6,1.0,False,25.0,-1.0,all_pay_ipv_gemini,V10,meta-llama/Meta-Llama-3-8B-Instruct,deep_infra,0.5,3,1,seal,allpay,private,0.1,1299,private_all_pay_v2.txt,2026-01-13_00-22-40-447998,00-40-53-958132,"Since it's the first round, I'll start with a conservative bid to minimize losses. I'll bid $1, as it's a small amount that's unlikely to deter other bidders. This will allow me to learn more about the other bidders' values while keeping my potential losses low."
0,Bidder Andy,40,20.0,False,20.0,-20.0,all_pay_ipv_gemini,V10,meta-llama/Meta-Llama-3-8B-Instruct,deep_infra,0.5,3,1,seal,allpay,private,0.1,1299,private_all_pay_v2.txt,2026-01-13_00-22-40-447998,00-41-04-778523,"As the first round, I'll start by bidding a moderate amount to gauge the competition. Since my private value is $40, I'll bid $20 to leave room for future adjustments. This strategy allows me to maximize my chances of winning while minimizing potential losses."
0,Bidder Betty,13,1.0,False,20.0,-1.0,all_pay_ipv_gemini,V10,meta-llama/Meta-Llama-3-8B-Instruct,deep_infra,0.5,3,1,seal,allpay,private,0.1,1299,private_all_pay_v2.txt,2026-01-13_00-22-40-447998,00-41-04-778523,"Since this is the first round, I'll start by bidding a conservative amount to minimize losses. Given my private value of $13, I'll bid $1 to gain information about the other bidders' values. This bid is low enough to not be a strong contender, but high enough to participate in the auction."
0,Bidder Charles,29,20.0,True,20.0,9.0,all_pay_ipv_gemini,V10,meta-llama/Meta-Llama-3-8B-Instruct,deep_infra,0.5,3,1,seal,allpay,private,0.1,1299,private_all_pay_v2.txt,2026-01-13_00-22-40-447998,00-41-04-778523,"As this is the first round, I will start with a conservative bid to minimize losses. Since my value is $29, I will bid $20, which is a reasonable starting point. This allows me to set a floor for future bidding while keeping an eye on the competition."
0,Bidder Andy,7,3.0,False,14.0,-3.0,all_pay_ipv_gemini,V10,meta-llama/Meta-Llama-3-8B-Instruct,deep_infra,0.5,3,1,seal,allpay,private,0.1,1299,private_all_pay_v2.txt,2026-01-13_00-22-40-447998,00-41-16-259302,"Since this is the first round, I'll start with a conservative bid to learn more about the other bidders' strategies. I'll bid $3, which is a low value that's unlikely to deter the other bidders but still gives me a decent chance of winning. I'll observe their bids and adjust my strategy accordingly in the next round."
0,Bidder Betty,16,14.0,True,14.0,2.0,all_pay_ipv_gemini,V10,meta-llama/Meta-Llama-3-8B-Instruct,deep_infra,0.5,3,1,seal,allpay,private,0.1,1299,private_all_pay_v2.txt,2026-01-13_00-22-40-447998,00-41-16-259302,"Since this is the first round, I'll start by bidding a moderate amount to gauge the competition. I'll bid $14, which is slightly below my private value of $16. This will allow me to observe the bids of the other players and adjust my strategy accordingly."
0,Bidder Charles,21,10.0,False,14.0,-10.0,all_pay_ipv_gemini,V10,meta-llama/Meta-Llama-3-8B-Instruct,deep_infra,0.5,3,1,seal,allpay,private,0.1,1299,private_all_pay_v2.txt,2026-01-13_00-22-40-447998,00-41-16-259302,"Given my private value of $21, I will bid strategically to maximize my profit. Since this is the first round, I don't have any historical data to learn from. I'll start with a conservative bid of $10, which is below my value and unlikely to deter the other bidders from bidding higher. This will allow me to win the prize at a low cost, while still earning a decent profit."
0,Bidder Andy,3,24.0,False,24.5,-24.0,all_pay_ipv_gemini,V10,meta-llama/Meta-Llama-3-8B-Instruct,deep_infra,0.5,3,1,seal,allpay,private,0.1,1299,private_all_pay_v2.txt,2026-01-13_00-22-40-447998,00-41-31-305529,"Since this is the first round, I'll start by bidding a moderate amount to gather information about the other bidders. I'll bid $24, which is high enough to make it likely I'll win, but low enough to leave room for adjustments in future rounds if necessary."
0,Bidder Betty,45,24.5,True,24.5,20.5,all_pay_ipv_gemini,V10,meta-llama/Meta-Llama-3-8B-Instruct,deep_infra,0.5,3,1,seal,allpay,private,0.1,1299,private_all_pay_v2.txt,2026-01-13_00-22-40-447998,00-41-31-305529,"As this is the first round, I'll start with a conservative bid to gather information. Since my private value is $45, I'll bid just above the midpoint ($24.50) to maximize my expected profit. I'll observe the other bidders' bids and adjust my strategy accordingly for the next round."
0,Bidder Charles,48,20.0,False,24.5,-20.0,all_pay_ipv_gemini,V10,meta-llama/Meta-Llama-3-8B-Instruct,deep_infra,0.5,3,1,seal,allpay,private,0.1,1299,private_all_pay_v2.txt,2026-01-13_00-22-40-447998,00-41-31-305529,"Since this is the first round, I'll start by bidding a moderate amount to gauge the competition. Given my value for the prize is $48, I'll bid $20 to maximize my potential profit while keeping an eye on the other bidders' moves."
0,Bidder Andy,12,10.0,False,24.5,-10.0,all_pay_ipv_gemini,V10,meta-llama/Meta-Llama-3-8B-Instruct,deep_infra,0.5,3,1,seal,allpay,private,0.1,1299,private_all_pay_v2.txt,2026-01-13_00-22-40-447998,00-41-41-797008,"Since this is the first round, I'll start by bidding a moderate amount to gauge the competition. Since my value is $12, I'll bid $10 to maximize my chances of winning while minimizing my losses. I'll observe the other bidders' bids and adjust my strategy accordingly in subsequent rounds."
0,Bidder Betty,45,24.5,True,24.5,20.5,all_pay_ipv_gemini,V10,meta-llama/Meta-Llama-3-8B-Instruct,deep_infra,0.5,3,1,seal,allpay,private,0.1,1299,private_all_pay_v2.txt,2026-01-13_00-22-40-447998,00-41-41-797008,"As this is the first round, I'll start with a conservative bid to gather information. Since my private value is $45, I'll bid just above the midpoint ($24.50) to maximize my expected profit. I'll observe the other bidders' bids and adjust my strategy accordingly for the next round."
0,Bidder Charles,5,1.0,False,24.5,-1.0,all_pay_ipv_gemini,V10,meta-llama/Meta-Llama-3-8B-Instruct,deep_infra,0.5,3,1,seal,allpay,private,0.1,1299,private_all_pay_v2.txt,2026-01-13_00-22-40-447998,00-41-41-797008,"Since this is the first round and I don't have any historical data to learn from, I will start with a conservative bid to minimize my potential loss. I will bid $1, hoping to win the prize and earn a profit of $5 - $1 = $4. This strategy allows me to maximize my potential profit while minimizing my risk."
0,Bidder Andy,48,47.9,True,47.9,0.10000000000000142,all_pay_ipv_gemini,V10,meta-llama/Meta-Llama-3-8B-Instruct,deep_infra,0.5,3,1,seal,allpay,private,0.1,1299,private_all_pay_v2.txt,2026-01-13_00-22-40-447998,00-41-56-623781,"As the first round, I'll bid aggressively to maximize my profit. Since my value is $48, I'll bid just below it to minimize the risk of losing. I'll bid $47.9 to ensure a high chance of winning while keeping my potential loss to a minimum."
0,Bidder Betty,11,10.0,False,47.9,-10.0,all_pay_ipv_gemini,V10,meta-llama/Meta-Llama-3-8B-Instruct,deep_infra,0.5,3,1,seal,allpay,private,0.1,1299,private_all_pay_v2.txt,2026-01-13_00-22-40-447998,00-41-56-623781,"Since this is the first round, I will start by bidding a moderate amount to gauge the competition. I will bid $10, which is slightly below my private value to minimize potential losses. This will also give me a chance to learn from the other bidders' strategies and adjust my bidding accordingly in future rounds."
0,Bidder Charles,10,5.0,False,47.9,-5.0,all_pay_ipv_gemini,V10,meta-llama/Meta-Llama-3-8B-Instruct,deep_infra,0.5,3,1,seal,allpay,private,0.1,1299,private_all_pay_v2.txt,2026-01-13_00-22-40-447998,00-41-56-623781,"Since this is the first round, I'll start by bidding a moderate amount to gauge the competition. I'll bid $5, which is low enough to minimize losses if I lose, but high enough to have a chance of winning. I'll monitor the bids and adjust my strategy accordingly in future rounds."
0,Bidder Andy,31,20.0,True,20.0,11.0,all_pay_ipv_gemini,V10,meta-llama/Meta-Llama-3-8B-Instruct,deep_infra,0.5,3,1,seal,allpay,private,0.1,1299,private_all_pay_v2.txt,2026-01-13_00-22-40-447998,00-42-11-425372,"Since this is the first round, I will start by bidding a moderate amount, $20, to gauge the competition. As I learn more about the other bidders' strategies, I will adjust my bidding to maximize my profit. I will focus on bidding above the average value to increase my chances of winning."
0,Bidder Betty,16,14.0,False,20.0,-14.0,all_pay_ipv_gemini,V10,meta-llama/Meta-Llama-3-8B-Instruct,deep_infra,0.5,3,1,seal,allpay,private,0.1,1299,private_all_pay_v2.txt,2026-01-13_00-22-40-447998,00-42-11-425372,"Since this is the first round, I'll start by bidding a moderate amount to gauge the competition. I'll bid $14, which is slightly below my private value of $16. This will allow me to observe the bids of the other players and adjust my strategy accordingly."
0,Bidder Charles,28,14.0,False,20.0,-14.0,all_pay_ipv_gemini,V10,meta-llama/Meta-Llama-3-8B-Instruct,deep_infra,0.5,3,1,seal,allpay,private,0.1,1299,private_all_pay_v2.txt,2026-01-13_00-22-40-447998,00-42-11-425372,"This is the first round, so I'll start by bidding a moderate amount to gather information. I'll bid $14, which is a relatively low but not extremely low bid. This will allow me to learn more about the other bidders' values while also keeping my potential loss to a minimum."
0,Bidder Andy,33,35.0,True,35.0,-2.0,all_pay_ipv_gemini,V10,meta-llama/Meta-Llama-3-8B-Instruct,deep_infra,0.5,3,1,seal,allpay,private,0.1,1299,private_all_pay_v2.txt,2026-01-13_00-22-40-447998,00-42-21-912414,"As this is the first round, I'll start by bidding a moderate amount to gauge the competition. Since my private value is $33, I'll aim to bid slightly higher to account for the possibility of others bidding similarly. I'll bid $35 to maximize my chances of winning while minimizing potential losses."
0,Bidder Betty,15,10.0,False,35.0,-10.0,all_pay_ipv_gemini,V10,meta-llama/Meta-Llama-3-8B-Instruct,deep_infra,0.5,3,1,seal,allpay,private,0.1,1299,private_all_pay_v2.txt,2026-01-13_00-22-40-447998,00-42-21-912414,"Since this is the first round, I'll start by bidding a moderate amount to gather information about the other bidders' values. Considering my private value is $15, I'll bid $10 to minimize my potential loss and maximize my potential gain. I'll observe the other bidders' bids to adjust my strategy for the next round, if any."
0,Bidder Charles,33,14.0,False,35.0,-14.0,all_pay_ipv_gemini,V10,meta-llama/Meta-Llama-3-8B-Instruct,deep_infra,0.5,3,1,seal,allpay,private,0.1,1299,private_all_pay_v2.txt,2026-01-13_00-22-40-447998,00-42-21-912414,"As this is the first round, I will start by bidding $14, a conservative bid that gives me a good chance of winning without sacrificing too much profit. I will observe the bids of the other bidders and adjust my strategy accordingly in future rounds."
0,Bidder Andy,26,15.0,True,15.0,11.0,all_pay_ipv_gemini,V10,meta-llama/Meta-Llama-3-8B-Instruct,deep_infra,0.5,3,1,seal,allpay,private,0.1,1299,private_all_pay_v2.txt,2026-01-13_00-22-40-447998,00-42-36-684129,"As this is the first round, I'll start by bidding a moderate amount to gauge the competition. Since my private value is $26, I'll bid $15, which is below my value but still competitive. This will allow me to learn from the other bidders' strategies and adjust my bid accordingly in the next round."
0,Bidder Betty,36,10.0,False,15.0,-10.0,all_pay_ipv_gemini,V10,meta-llama/Meta-Llama-3-8B-Instruct,deep_infra,0.5,3,1,seal,allpay,private,0.1,1299,private_all_pay_v2.txt,2026-01-13_00-22-40-447998,00-42-36-684129,"Given my private value of $36, I will start with a conservative bid to minimize losses. Since this is the first round, I don't have any historical data to inform my strategy. I will bid $10 to keep my options open and prepare for future rounds."
0,Bidder Charles,6,1.0,False,15.0,-1.0,all_pay_ipv_gemini,V10,meta-llama/Meta-Llama-3-8B-Instruct,deep_infra,0.5,3,1,seal,allpay,private,0.1,1299,private_all_pay_v2.txt,2026-01-13_00-22-40-447998,00-42-36-684129,"Since it's the first round, I'll start with a conservative bid to minimize losses. I'll bid $1, as it's a small amount that's unlikely to deter other bidders. This will allow me to learn more about the other bidders' values while keeping my potential losses low."
0,Bidder Andy,13,10.0,False,20.0,-10.0,all_pay_ipv_gemini,V10,meta-llama/Meta-Llama-3-8B-Instruct,deep_infra,0.5,3,1,seal,allpay,private,0.1,1299,private_all_pay_v2.txt,2026-01-13_00-22-40-447998,00-42-47-373837,"Since this is the first round, I will start by bidding a moderate amount to gauge the competition. Given my private value is $13, I will bid $10 to ensure I don't overpay and to keep my options open for future rounds. I will observe the bids and adjust my strategy accordingly."
0,Bidder Betty,12,15.0,False,20.0,-15.0,all_pay_ipv_gemini,V10,meta-llama/Meta-Llama-3-8B-Instruct,deep_infra,0.5,3,1,seal,allpay,private,0.1,1299,private_all_pay_v2.txt,2026-01-13_00-22-40-447998,00-42-47-373837,"Since this is the first round, I'll start by bidding a moderate amount to gauge the competition. Given my value is $12, I'll bid $15, which is a reasonable starting point to ensure I don't lose and still have a chance to win. I'll monitor the other bidders' bids and adjust my strategy accordingly in future rounds."
0,Bidder Charles,37,20.0,True,20.0,17.0,all_pay_ipv_gemini,V10,meta-llama/Meta-Llama-3-8B-Instruct,deep_infra,0.5,3,1,seal,allpay,private,0.1,1299,private_all_pay_v2.txt,2026-01-13_00-22-40-447998,00-42-47-373837,"Since this is the first round, I'll start by bidding a moderate amount to gauge the competition. Given my private value of $37, I'll bid $20, which is less than my value but still competitive. This will allow me to gather information about the other bidders' values and adjust my strategy accordingly."
0,Bidder Andy,41,20.0,True,20.0,21.0,all_pay_ipv_gemini,V10,meta-llama/Meta-Llama-3-8B-Instruct,deep_infra,0.5,3,1,seal,allpay,private,0.1,1299,private_all_pay_v2.txt,2026-01-13_00-22-40-447998,00-43-02-598196,"Since this is the first round, I will start by bidding a moderate amount to gauge the competition. I will bid $20, which is a reasonable starting point. I will monitor the bids and adjust my strategy accordingly in subsequent rounds, aiming to maximize my profit."
0,Bidder Betty,39,19.9,False,20.0,-19.9,all_pay_ipv_gemini,V10,meta-llama/Meta-Llama-3-8B-Instruct,deep_infra,0.5,3,1,seal,allpay,private,0.1,1299,private_all_pay_v2.txt,2026-01-13_00-22-40-447998,00-43-02-598196,"As I'm starting from scratch, I'll bid cautiously to minimize losses. Since my value is $39, I'll bid just above the midpoint to maximize expected profit. I'll bid $19.90, hoping to win and earn a profit of $19.10."
0,Bidder Charles,16,12.0,False,20.0,-12.0,all_pay_ipv_gemini,V10,meta-llama/Meta-Llama-3-8B-Instruct,deep_infra,0.5,3,1,seal,allpay,private,0.1,1299,private_all_pay_v2.txt,2026-01-13_00-22-40-447998,00-43-02-598196,"Since this is the first round, I'll start by bidding a moderate amount to get a sense of the market. Given my value is $16, I'll aim to bid a price that's slightly above the expected value of the other bidders. I'll choose a bid that's not too high, but still competitive. I'll bid $12."
0,Bidder Andy,42,25.0,True,25.0,17.0,all_pay_ipv_gemini,V10,meta-llama/Meta-Llama-3-8B-Instruct,deep_infra,0.5,3,1,seal,allpay,private,0.1,1299,private_all_pay_v2.txt,2026-01-13_00-22-40-447998,00-43-13-563687,"Since this is the first round, I'll start by bidding a moderate amount, taking into account my private value of $42. I'll bid $25, which is a reasonable starting point, allowing me to learn more about the other bidders' strategies and values in future rounds."
0,Bidder Betty,26,14.0,False,25.0,-14.0,all_pay_ipv_gemini,V10,meta-llama/Meta-Llama-3-8B-Instruct,deep_infra,0.5,3,1,seal,allpay,private,0.1,1299,private_all_pay_v2.txt,2026-01-13_00-22-40-447998,00-43-13-563687,"Since this is the first round, I'll start by bidding a moderate amount to gather information. I'll bid $14, which is slightly above the midpoint of the possible range. This will allow me to gauge the competition and adjust my strategy accordingly. If I win, I'll earn $26 - $14 = $12. If I lose, I'll pay $14."
0,Bidder Charles,21,10.0,False,25.0,-10.0,all_pay_ipv_gemini,V10,meta-llama/Meta-Llama-3-8B-Instruct,deep_infra,0.5,3,1,seal,allpay,private,0.1,1299,private_all_pay_v2.txt,2026-01-13_00-22-40-447998,00-43-13-563687,"Given my private value of $21, I will bid strategically to maximize my profit. Since this is the first round, I don't have any historical data to learn from. I'll start with a conservative bid of $10, which is below my value and unlikely to deter the other bidders from bidding higher. This will allow me to win the prize at a low cost, while still earning a decent profit."
0,Bidder Andy,45,20.0,False,20.0,-20.0,all_pay_ipv_gemini,V10,meta-llama/Meta-Llama-3-8B-Instruct,deep_infra,0.5,3,1,seal,allpay,private,0.1,1299,private_all_pay_v2.txt,2026-01-13_00-22-40-447998,00-43-24-005824,"Since this is the first round, I'll start by bidding a moderate amount to gauge the competition. I'll bid $20, which is low enough to have a good chance of winning but high enough to test the other bidders' willingness to bid. I'll observe the outcome and adjust my strategy accordingly."
0,Bidder Betty,6,4.0,False,20.0,-4.0,all_pay_ipv_gemini,V10,meta-llama/Meta-Llama-3-8B-Instruct,deep_infra,0.5,3,1,seal,allpay,private,0.1,1299,private_all_pay_v2.txt,2026-01-13_00-22-40-447998,00-43-24-005824,"Since it's the first round, I'll start by bidding a moderate amount to gauge the competition. Given my private value of $6, I'll bid $4 to minimize my potential loss while keeping an eye on the other bidders' moves."
0,Bidder Charles,43,20.0,True,20.0,23.0,all_pay_ipv_gemini,V10,meta-llama/Meta-Llama-3-8B-Instruct,deep_infra,0.5,3,1,seal,allpay,private,0.1,1299,private_all_pay_v2.txt,2026-01-13_00-22-40-447998,00-43-24-005824,"Since this is the first round, I'll start by bidding a moderate amount to gauge the competition. Given my private value of $43, I'll bid $20 to ensure I don't overpay and keep my options open for future rounds. I'll observe the other bidders' strategies and adjust my bidding accordingly."
0,Bidder Andy,2,1.0,False,10.0,-1.0,all_pay_ipv_gemini,V10,meta-llama/Meta-Llama-3-8B-Instruct,deep_infra,0.5,3,1,seal,allpay,private,0.1,1299,private_all_pay_v2.txt,2026-01-13_00-22-40-447998,00-43-34-347155,"Since this is the first round, I'll start by bidding a moderate amount to gauge the competition. Given my private value of $2, I'll bid $1 to minimize my potential loss and keep an eye on the other bidders' strategies."
0,Bidder Betty,11,10.0,True,10.0,1.0,all_pay_ipv_gemini,V10,meta-llama/Meta-Llama-3-8B-Instruct,deep_infra,0.5,3,1,seal,allpay,private,0.1,1299,private_all_pay_v2.txt,2026-01-13_00-22-40-447998,00-43-34-347155,"Since this is the first round, I will start by bidding a moderate amount to gauge the competition. I will bid $10, which is slightly below my private value to minimize potential losses. This will also give me a chance to learn from the other bidders' strategies and adjust my bidding accordingly in future rounds."
0,Bidder Charles,14,7.0,False,10.0,-7.0,all_pay_ipv_gemini,V10,meta-llama/Meta-Llama-3-8B-Instruct,deep_infra,0.5,3,1,seal,allpay,private,0.1,1299,private_all_pay_v2.txt,2026-01-13_00-22-40-447998,00-43-34-347155,"Since this is the first round, I'll start by bidding a moderate amount to gauge the competition. Given my private value of $14, I'll aim to bid around $7-8 to maximize my expected profit. I'll observe the bids and adjust my strategy accordingly in subsequent rounds."
0,Bidder Andy,0,0.1,False,39.9,-0.1,all_pay_ipv_gemini,V10,meta-llama/Meta-Llama-3-8B-Instruct,deep_infra,0.5,3,1,seal,allpay,private,0.1,1299,private_all_pay_v2.txt,2026-01-13_00-22-40-447998,00-43-44-772165,"Since my private value is $0, I will bid $0.10 to minimize my loss and increase my chances of winning. This strategy is optimal because I have no value for the prize, and bidding $0 ensures I won't lose more than necessary."
0,Bidder Betty,40,39.9,True,39.9,0.10000000000000142,all_pay_ipv_gemini,V10,meta-llama/Meta-Llama-3-8B-Instruct,deep_infra,0.5,3,1,seal,allpay,private,0.1,1299,private_all_pay_v2.txt,2026-01-13_00-22-40-447998,00-43-44-772165,"Since this is the first round, I'll start with a conservative bid to minimize losses. I'll observe the other bidders' bids and adjust my strategy accordingly. I'll aim to win with a bid close to my private value, but not too high to avoid overpaying. I'll keep an eye on the competition and adjust my bid for the next round based on the outcome of this round."
0,Bidder Charles,27,29.0,False,39.9,-29.0,all_pay_ipv_gemini,V10,meta-llama/Meta-Llama-3-8B-Instruct,deep_infra,0.5,3,1,seal,allpay,private,0.1,1299,private_all_pay_v2.txt,2026-01-13_00-22-40-447998,00-43-44-772165,"Since this is the first round, I will start by bidding aggressively to maximize my chances of winning. I will bid higher than the other bidders, but not too high, as I don't know their values. I will bid $29, a moderate increase from my private value of $27."
0,Bidder Andy,3,24.0,True,24.0,-21.0,all_pay_ipv_gemini,V10,meta-llama/Meta-Llama-3-8B-Instruct,deep_infra,0.5,3,1,seal,allpay,private,0.1,1299,private_all_pay_v2.txt,2026-01-13_00-22-40-447998,00-43-55-346639,"Since this is the first round, I'll start by bidding a moderate amount to gather information about the other bidders. I'll bid $24, which is high enough to make it likely I'll win, but low enough to leave room for adjustments in future rounds if necessary."
0,Bidder Betty,26,14.0,False,24.0,-14.0,all_pay_ipv_gemini,V10,meta-llama/Meta-Llama-3-8B-Instruct,deep_infra,0.5,3,1,seal,allpay,private,0.1,1299,private_all_pay_v2.txt,2026-01-13_00-22-40-447998,00-43-55-346639,"Since this is the first round, I'll start by bidding a moderate amount to gather information. I'll bid $14, which is slightly above the midpoint of the possible range. This will allow me to gauge the competition and adjust my strategy accordingly. If I win, I'll earn $26 - $14 = $12. If I lose, I'll pay $14."
0,Bidder Charles,3,3.1,False,24.0,-3.1,all_pay_ipv_gemini,V10,meta-llama/Meta-Llama-3-8B-Instruct,deep_infra,0.5,3,1,seal,allpay,private,0.1,1299,private_all_pay_v2.txt,2026-01-13_00-22-40-447998,00-43-55-346639,"As the first round, I'll start by bidding a moderate amount to gauge the competition. Since my private value is $3, I'll bid $3.10 to maximize my chances of winning and minimize my losses if I lose."
0,Bidder Andy,29,25.0,True,25.0,4.0,all_pay_ipv_gemini,V10,meta-llama/Meta-Llama-3-8B-Instruct,deep_infra,0.5,3,1,seal,allpay,private,0.1,1299,private_all_pay_v2.txt,2026-01-13_00-22-40-447998,00-44-05-809881,"Since this is the first round, I'll start with a conservative bid to minimize losses and maximize potential gains. I'll bid slightly higher than the midpoint of the possible range, which is $24.5. This will give me a good chance of winning while keeping my potential losses manageable."
0,Bidder Betty,29,15.0,False,25.0,-15.0,all_pay_ipv_gemini,V10,meta-llama/Meta-Llama-3-8B-Instruct,deep_infra,0.5,3,1,seal,allpay,private,0.1,1299,private_all_pay_v2.txt,2026-01-13_00-22-40-447998,00-44-05-809881,"I will bid a value that is slightly higher than the average bid, taking into account that the other bidders may also have a value around $29. This will increase the likelihood of winning while minimizing the potential loss if I lose. I will bid $15."
0,Bidder Charles,17,15.0,False,25.0,-15.0,all_pay_ipv_gemini,V10,meta-llama/Meta-Llama-3-8B-Instruct,deep_infra,0.5,3,1,seal,allpay,private,0.1,1299,private_all_pay_v2.txt,2026-01-13_00-22-40-447998,00-44-05-809881,"Since this is the first round, I'll start by bidding a moderate amount to gauge the competition. Considering my private value is $17, I'll bid $15, leaving room for adjustment in subsequent rounds if needed. This bid should also keep me competitive without overspending."
0,Bidder Andy,9,4.9,False,24.5,-4.9,all_pay_ipv_gemini,V10,meta-llama/Meta-Llama-3-8B-Instruct,deep_infra,0.5,3,1,seal,allpay,private,0.1,1299,private_all_pay_v2.txt,2026-01-13_00-22-40-447998,00-44-20-591111,"Since this is the first round, I'll start by bidding a moderate amount to gauge the competition. Given my private value of $9, I'll bid $4.99 to maximize my expected profit and minimize my potential loss."
0,Bidder Betty,45,24.5,True,24.5,20.5,all_pay_ipv_gemini,V10,meta-llama/Meta-Llama-3-8B-Instruct,deep_infra,0.5,3,1,seal,allpay,private,0.1,1299,private_all_pay_v2.txt,2026-01-13_00-22-40-447998,00-44-20-591111,"As this is the first round, I'll start with a conservative bid to gather information. Since my private value is $45, I'll bid just above the midpoint ($24.50) to maximize my expected profit. I'll observe the other bidders' bids and adjust my strategy accordingly for the next round."
0,Bidder Charles,0,0.1,False,24.5,-0.1,all_pay_ipv_gemini,V10,meta-llama/Meta-Llama-3-8B-Instruct,deep_infra,0.5,3,1,seal,allpay,private,0.1,1299,private_all_pay_v2.txt,2026-01-13_00-22-40-447998,00-44-20-591111,"Since my private value is $0, I will bid strategically to minimize my loss. I will bid $0.1, as it's the lowest possible bid, to ensure I don't lose more than necessary. This approach will help me maximize my profit in the long run, considering the values are redrawn independently each round."
0,Bidder Andy,0,0.1,False,14.0,-0.1,all_pay_ipv_gemini,V10,meta-llama/Meta-Llama-3-8B-Instruct,deep_infra,0.5,3,1,seal,allpay,private,0.1,1299,private_all_pay_v2.txt,2026-01-13_00-22-40-447998,00-44-31-000674,"Since my private value is $0, I will bid $0.10 to minimize my loss and increase my chances of winning. This strategy is optimal because I have no value for the prize, and bidding $0 ensures I won't lose more than necessary."
0,Bidder Betty,10,1.0,False,14.0,-1.0,all_pay_ipv_gemini,V10,meta-llama/Meta-Llama-3-8B-Instruct,deep_infra,0.5,3,1,seal,allpay,private,0.1,1299,private_all_pay_v2.txt,2026-01-13_00-22-40-447998,00-44-31-000674,"Since this is the first round and we have no historical data, I will start with a conservative bid. I will bid $1, which is a low-risk bid that is unlikely to win but will not result in a significant loss. This will allow me to gather information about the other bidders' behavior and adjust my strategy accordingly in future rounds."
0,Bidder Charles,28,14.0,True,14.0,14.0,all_pay_ipv_gemini,V10,meta-llama/Meta-Llama-3-8B-Instruct,deep_infra,0.5,3,1,seal,allpay,private,0.1,1299,private_all_pay_v2.txt,2026-01-13_00-22-40-447998,00-44-31-000674,"This is the first round, so I'll start by bidding a moderate amount to gather information. I'll bid $14, which is a relatively low but not extremely low bid. This will allow me to learn more about the other bidders' values while also keeping my potential loss to a minimum."
0,Bidder Andy,45,20.0,False,24.5,-20.0,all_pay_ipv_gemini,V10,meta-llama/Meta-Llama-3-8B-Instruct,deep_infra,0.5,3,1,seal,allpay,private,0.1,1299,private_all_pay_v2.txt,2026-01-13_00-22-40-447998,00-44-41-461062,"Since this is the first round, I'll start by bidding a moderate amount to gauge the competition. I'll bid $20, which is low enough to have a good chance of winning but high enough to test the other bidders' willingness to bid. I'll observe the outcome and adjust my strategy accordingly."
0,Bidder Betty,41,24.5,True,24.5,16.5,all_pay_ipv_gemini,V10,meta-llama/Meta-Llama-3-8B-Instruct,deep_infra,0.5,3,1,seal,allpay,private,0.1,1299,private_all_pay_v2.txt,2026-01-13_00-22-40-447998,00-44-41-461062,"Since this is the first round, I'll start by bidding a moderate amount to gauge the competition. Given my private value of $41, I'll aim to bid slightly above the midpoint of the possible range to maximize my chances of winning. I'll bid $24.50, which is a reasonable starting point."
0,Bidder Charles,16,12.0,False,24.5,-12.0,all_pay_ipv_gemini,V10,meta-llama/Meta-Llama-3-8B-Instruct,deep_infra,0.5,3,1,seal,allpay,private,0.1,1299,private_all_pay_v2.txt,2026-01-13_00-22-40-447998,00-44-41-461062,"Since this is the first round, I'll start by bidding a moderate amount to get a sense of the market. Given my value is $16, I'll aim to bid a price that's slightly above the expected value of the other bidders. I'll choose a bid that's not too high, but still competitive. I'll bid $12."
0,Bidder Andy,41,20.0,False,24.0,-20.0,all_pay_ipv_gemini,V10,meta-llama/Meta-Llama-3-8B-Instruct,deep_infra,0.5,3,1,seal,allpay,private,0.1,1299,private_all_pay_v2.txt,2026-01-13_00-22-40-447998,00-44-56-208472,"Since this is the first round, I will start by bidding a moderate amount to gauge the competition. I will bid $20, which is a reasonable starting point. I will monitor the bids and adjust my strategy accordingly in subsequent rounds, aiming to maximize my profit."
0,Bidder Betty,37,24.0,True,24.0,13.0,all_pay_ipv_gemini,V10,meta-llama/Meta-Llama-3-8B-Instruct,deep_infra,0.5,3,1,seal,allpay,private,0.1,1299,private_all_pay_v2.txt,2026-01-13_00-22-40-447998,00-44-56-208472,"Since this is the first round, I'll start by bidding a moderate amount to gather information. I'll bid $24, which is roughly the average value of the prize. This will allow me to observe the bids of the other players and adjust my strategy accordingly."
0,Bidder Charles,37,20.0,False,24.0,-20.0,all_pay_ipv_gemini,V10,meta-llama/Meta-Llama-3-8B-Instruct,deep_infra,0.5,3,1,seal,allpay,private,0.1,1299,private_all_pay_v2.txt,2026-01-13_00-22-40-447998,00-44-56-208472,"Since this is the first round, I'll start by bidding a moderate amount to gauge the competition. Given my private value of $37, I'll bid $20, which is less than my value but still competitive. This will allow me to gather information about the other bidders' values and adjust my strategy accordingly."
0,Bidder Andy,36,14.0,False,41.0,-14.0,all_pay_ipv_gemini,V10,meta-llama/Meta-Llama-3-8B-Instruct,deep_infra,0.5,3,1,seal,allpay,private,0.1,1299,private_all_pay_v2.txt,2026-01-13_00-22-40-447998,00-45-06-541593,"Since this is the first round, I'll start by bidding a moderate amount to gauge the competition. I'll bid $14, which is low enough to potentially win but high enough to signal my interest. I'll observe the other bidders' bids and adjust my strategy accordingly in future rounds."
0,Bidder Betty,45,24.5,False,41.0,-24.5,all_pay_ipv_gemini,V10,meta-llama/Meta-Llama-3-8B-Instruct,deep_infra,0.5,3,1,seal,allpay,private,0.1,1299,private_all_pay_v2.txt,2026-01-13_00-22-40-447998,00-45-06-541593,"As this is the first round, I'll start with a conservative bid to gather information. Since my private value is $45, I'll bid just above the midpoint ($24.50) to maximize my expected profit. I'll observe the other bidders' bids and adjust my strategy accordingly for the next round."
0,Bidder Charles,49,41.0,True,41.0,8.0,all_pay_ipv_gemini,V10,meta-llama/Meta-Llama-3-8B-Instruct,deep_infra,0.5,3,1,seal,allpay,private,0.1,1299,private_all_pay_v2.txt,2026-01-13_00-22-40-447998,00-45-06-541593,"Since this is the first round, I'll start with a relatively high bid to test the competition. I'll bid $41, which is high enough to make a statement but still relatively low considering my private value of $49. This will give me an idea of the other bidders' strategies and help me adjust for the next round."
0,Bidder Andy,42,25.0,True,25.0,17.0,all_pay_ipv_gemini,V10,meta-llama/Meta-Llama-3-8B-Instruct,deep_infra,0.5,3,1,seal,allpay,private,0.1,1299,private_all_pay_v2.txt,2026-01-13_00-22-40-447998,00-45-21-477157,"Since this is the first round, I'll start by bidding a moderate amount, taking into account my private value of $42. I'll bid $25, which is a reasonable starting point, allowing me to learn more about the other bidders' strategies and values in future rounds."
0,Bidder Betty,26,14.0,False,25.0,-14.0,all_pay_ipv_gemini,V10,meta-llama/Meta-Llama-3-8B-Instruct,deep_infra,0.5,3,1,seal,allpay,private,0.1,1299,private_all_pay_v2.txt,2026-01-13_00-22-40-447998,00-45-21-477157,"Since this is the first round, I'll start by bidding a moderate amount to gather information. I'll bid $14, which is slightly above the midpoint of the possible range. This will allow me to gauge the competition and adjust my strategy accordingly. If I win, I'll earn $26 - $14 = $12. If I lose, I'll pay $14."
0,Bidder Charles,42,21.0,False,25.0,-21.0,all_pay_ipv_gemini,V10,meta-llama/Meta-Llama-3-8B-Instruct,deep_infra,0.5,3,1,seal,allpay,private,0.1,1299,private_all_pay_v2.txt,2026-01-13_00-22-40-447998,00-45-21-477157,"Given my private value of $42, I will bid strategically to maximize my profit. Since this is the first round, I don't have any prior information to learn from. I will bid a moderate amount to balance the risk of losing with the potential reward of winning. I will bid $21, which is a reasonable starting point."
0,Bidder Andy,7,3.0,False,20.0,-3.0,all_pay_ipv_gemini,V10,meta-llama/Meta-Llama-3-8B-Instruct,deep_infra,0.5,3,1,seal,allpay,private,0.1,1299,private_all_pay_v2.txt,2026-01-13_00-22-40-447998,00-45-32-539184,"Since this is the first round, I'll start with a conservative bid to learn more about the other bidders' strategies. I'll bid $3, which is a low value that's unlikely to deter the other bidders but still gives me a decent chance of winning. I'll observe their bids and adjust my strategy accordingly in the next round."
0,Bidder Betty,18,9.5,False,20.0,-9.5,all_pay_ipv_gemini,V10,meta-llama/Meta-Llama-3-8B-Instruct,deep_infra,0.5,3,1,seal,allpay,private,0.1,1299,private_all_pay_v2.txt,2026-01-13_00-22-40-447998,00-45-32-539184,"Since this is the first round, I'll start by bidding a moderate amount to gauge the competition. Considering my private value is $18, I'll aim to win with a bid slightly above the expected average. I'll bid $9.50."
0,Bidder Charles,44,20.0,True,20.0,24.0,all_pay_ipv_gemini,V10,meta-llama/Meta-Llama-3-8B-Instruct,deep_infra,0.5,3,1,seal,allpay,private,0.1,1299,private_all_pay_v2.txt,2026-01-13_00-22-40-447998,00-45-32-539184,"Since this is the first round, I'll start by bidding a moderate amount to gauge the competition. Considering my private value is $44, I'll bid $20, which is below my value but high enough to make it competitive. This will allow me to learn more about the other bidders' strategies and adjust accordingly in future rounds."
0,Bidder Andy,19,15.0,False,20.0,-15.0,all_pay_ipv_gemini,V10,meta-llama/Meta-Llama-3-8B-Instruct,deep_infra,0.5,3,1,seal,allpay,private,0.1,1299,private_all_pay_v2.txt,2026-01-13_00-22-40-447998,00-45-42-951068,"Given my private value of $19, I will bid strategically to maximize my profit. Since this is the first round, I don't have any historical data to rely on. I will start with a moderate bid of $15, hoping to win the prize without overpaying. This bid is close to my value, but not too high to minimize potential losses."
0,Bidder Betty,3,4.0,False,20.0,-4.0,all_pay_ipv_gemini,V10,meta-llama/Meta-Llama-3-8B-Instruct,deep_infra,0.5,3,1,seal,allpay,private,0.1,1299,private_all_pay_v2.txt,2026-01-13_00-22-40-447998,00-45-42-951068,"Since this is the first round, I'll start by bidding a conservative amount to minimize losses. Given my private value of $3, I'll bid $4, which is a small increment above my value. This allows me to gain a decent chance of winning while keeping my potential losses low."
0,Bidder Charles,47,20.0,True,20.0,27.0,all_pay_ipv_gemini,V10,meta-llama/Meta-Llama-3-8B-Instruct,deep_infra,0.5,3,1,seal,allpay,private,0.1,1299,private_all_pay_v2.txt,2026-01-13_00-22-40-447998,00-45-42-951068,"Since this is the first round, I'll start by bidding a moderate amount to gauge the competition. Considering my value is $47, I'll bid $20 to leave room for potential revisions in future rounds. I'll also keep an eye on the other bidders' strategies and adjust accordingly."
0,Bidder Andy,9,4.9,False,13.0,-4.9,all_pay_ipv_gemini,V10,meta-llama/Meta-Llama-3-8B-Instruct,deep_infra,0.5,3,1,seal,allpay,private,0.1,1299,private_all_pay_v2.txt,2026-01-13_00-22-40-447998,00-45-53-339899,"Since this is the first round, I'll start by bidding a moderate amount to gauge the competition. Given my private value of $9, I'll bid $4.99 to maximize my expected profit and minimize my potential loss."
0,Bidder Betty,0,0.1,False,13.0,-0.1,all_pay_ipv_gemini,V10,meta-llama/Meta-Llama-3-8B-Instruct,deep_infra,0.5,3,1,seal,allpay,private,0.1,1299,private_all_pay_v2.txt,2026-01-13_00-22-40-447998,00-45-53-339899,"Since my private value for the item is $0, I will bid a small amount to minimize my loss. Considering the absence of historical data, I will bid a random amount between $0 and $1 to maximize my chances of not winning and minimizing my loss."
0,Bidder Charles,13,13.0,True,13.0,0.0,all_pay_ipv_gemini,V10,meta-llama/Meta-Llama-3-8B-Instruct,deep_infra,0.5,3,1,seal,allpay,private,0.1,1299,private_all_pay_v2.txt,2026-01-13_00-22-40-447998,00-45-53-339899,"As the first round, I will bid strategically to maximize my profit. Since I don't have any historical data, I will bid based on my private value. I will bid $13, which is my private value, to maximize my expected profit."
0,Bidder Andy,37,1.0,False,10.0,-1.0,all_pay_ipv_gemini,V10,meta-llama/Meta-Llama-3-8B-Instruct,deep_infra,0.5,3,1,seal,allpay,private,0.1,1299,private_all_pay_v2.txt,2026-01-13_00-22-40-447998,00-46-03-971701,"Since this is the first round, I'll start with a conservative bid to minimize losses. I'll bid $1, as it's the lowest possible bid. This will give me a chance to observe the other bidders' behavior and adjust my strategy accordingly."
0,Bidder Betty,11,10.0,False,10.0,-10.0,all_pay_ipv_gemini,V10,meta-llama/Meta-Llama-3-8B-Instruct,deep_infra,0.5,3,1,seal,allpay,private,0.1,1299,private_all_pay_v2.txt,2026-01-13_00-22-40-447998,00-46-03-971701,"Since this is the first round, I will start by bidding a moderate amount to gauge the competition. I will bid $10, which is slightly below my private value to minimize potential losses. This will also give me a chance to learn from the other bidders' strategies and adjust my bidding accordingly in future rounds."
0,Bidder Charles,21,10.0,True,10.0,11.0,all_pay_ipv_gemini,V10,meta-llama/Meta-Llama-3-8B-Instruct,deep_infra,0.5,3,1,seal,allpay,private,0.1,1299,private_all_pay_v2.txt,2026-01-13_00-22-40-447998,00-46-03-971701,"Given my private value of $21, I will bid strategically to maximize my profit. Since this is the first round, I don't have any historical data to learn from. I'll start with a conservative bid of $10, which is below my value and unlikely to deter the other bidders from bidding higher. This will allow me to win the prize at a low cost, while still earning a decent profit."
0,Bidder Andy,4,0.1,False,39.9,-0.1,all_pay_ipv_gemini,V10,meta-llama/Meta-Llama-3-8B-Instruct,deep_infra,0.5,3,1,seal,allpay,private,0.1,1299,private_all_pay_v2.txt,2026-01-13_00-22-40-447998,00-46-14-449363,"Given my private value of $4, I will bid strategically to maximize my profit. Since this is the first round, I don't have any historical data to inform my decision. I will start with a conservative bid, $0.1, to minimize my potential losses while still having a chance to win."
0,Bidder Betty,40,39.9,True,39.9,0.10000000000000142,all_pay_ipv_gemini,V10,meta-llama/Meta-Llama-3-8B-Instruct,deep_infra,0.5,3,1,seal,allpay,private,0.1,1299,private_all_pay_v2.txt,2026-01-13_00-22-40-447998,00-46-14-449363,"Since this is the first round, I'll start with a conservative bid to minimize losses. I'll observe the other bidders' bids and adjust my strategy accordingly. I'll aim to win with a bid close to my private value, but not too high to avoid overpaying. I'll keep an eye on the competition and adjust my bid for the next round based on the outcome of this round."
0,Bidder Charles,32,20.0,False,39.9,-20.0,all_pay_ipv_gemini,V10,meta-llama/Meta-Llama-3-8B-Instruct,deep_infra,0.5,3,1,seal,allpay,private,0.1,1299,private_all_pay_v2.txt,2026-01-13_00-22-40-447998,00-46-14-449363,"Since this is the first round, I will start by bidding a moderate amount to get a sense of the other bidders' strategies. I will bid $20, which is a reasonable starting point that should not scare off the other bidders. I will also keep an eye on their bids to adjust my strategy accordingly."
0,Bidder Andy,37,1.0,False,20.0,-1.0,all_pay_ipv_gemini,V10,meta-llama/Meta-Llama-3-8B-Instruct,deep_infra,0.5,3,1,seal,allpay,private,0.1,1299,private_all_pay_v2.txt,2026-01-13_00-22-40-447998,00-46-24-986745,"Since this is the first round, I'll start with a conservative bid to minimize losses. I'll bid $1, as it's the lowest possible bid. This will give me a chance to observe the other bidders' behavior and adjust my strategy accordingly."
0,Bidder Betty,49,1.0,False,20.0,-1.0,all_pay_ipv_gemini,V10,meta-llama/Meta-Llama-3-8B-Instruct,deep_infra,0.5,3,1,seal,allpay,private,0.1,1299,private_all_pay_v2.txt,2026-01-13_00-22-40-447998,00-46-24-986745,"Since this is the first round, I will start with a conservative bid to minimize losses. I will bid $1, as it is the lowest possible bid, to get a feel for the competition. I will analyze the outcome and adjust my strategy accordingly for the next round."
0,Bidder Charles,40,20.0,True,20.0,20.0,all_pay_ipv_gemini,V10,meta-llama/Meta-Llama-3-8B-Instruct,deep_infra,0.5,3,1,seal,allpay,private,0.1,1299,private_all_pay_v2.txt,2026-01-13_00-22-40-447998,00-46-24-986745,"As this is the first round, I will start by bidding a moderate amount to gather information about the other bidders' values. Since my private value is $40, I will bid $20, which is slightly above the midpoint of the possible bids (0-49). This will allow me to gain insight into the other bidders' strategies and adjust my bidding accordingly in future rounds."
0,Bidder Andy,3,24.0,True,24.0,-21.0,all_pay_ipv_gemini,V10,meta-llama/Meta-Llama-3-8B-Instruct,deep_infra,0.5,3,1,seal,allpay,private,0.1,1299,private_all_pay_v2.txt,2026-01-13_00-22-40-447998,00-46-35-442292,"Since this is the first round, I'll start by bidding a moderate amount to gather information about the other bidders. I'll bid $24, which is high enough to make it likely I'll win, but low enough to leave room for adjustments in future rounds if necessary."
0,Bidder Betty,34,20.0,False,24.0,-20.0,all_pay_ipv_gemini,V10,meta-llama/Meta-Llama-3-8B-Instruct,deep_infra,0.5,3,1,seal,allpay,private,0.1,1299,private_all_pay_v2.txt,2026-01-13_00-22-40-447998,00-46-35-442292,"Since this is the first round, I'll start by bidding a moderate amount to gauge the competition. I'll bid $20, which is a reasonable starting point. I'll observe the bids and adjust my strategy accordingly in subsequent rounds."
0,Bidder Charles,10,5.0,False,24.0,-5.0,all_pay_ipv_gemini,V10,meta-llama/Meta-Llama-3-8B-Instruct,deep_infra,0.5,3,1,seal,allpay,private,0.1,1299,private_all_pay_v2.txt,2026-01-13_00-22-40-447998,00-46-35-442292,"Since this is the first round, I'll start by bidding a moderate amount to gauge the competition. I'll bid $5, which is low enough to minimize losses if I lose, but high enough to have a chance of winning. I'll monitor the bids and adjust my strategy accordingly in future rounds."
0,Bidder Andy,5,2.5,False,4.0,-2.5,all_pay_ipv_gemini,V10,meta-llama/Meta-Llama-3-8B-Instruct,deep_infra,0.5,3,1,seal,allpay,private,0.1,1299,private_all_pay_v2.txt,2026-01-13_00-22-40-447998,00-46-46-131303,"Since this is the first round and I don't have any historical data to learn from, I will adopt a conservative approach. I will bid a moderate amount that balances the potential gain from winning with the potential loss from losing. Given my private value of $5, I will bid $2.50, which is slightly above the expected value of $2.50, but still relatively low to minimize potential losses."
0,Bidder Betty,6,4.0,True,4.0,2.0,all_pay_ipv_gemini,V10,meta-llama/Meta-Llama-3-8B-Instruct,deep_infra,0.5,3,1,seal,allpay,private,0.1,1299,private_all_pay_v2.txt,2026-01-13_00-22-40-447998,00-46-46-131303,"Since it's the first round, I'll start by bidding a moderate amount to gauge the competition. Given my private value of $6, I'll bid $4 to minimize my potential loss while keeping an eye on the other bidders' moves."
0,Bidder Charles,6,1.0,False,4.0,-1.0,all_pay_ipv_gemini,V10,meta-llama/Meta-Llama-3-8B-Instruct,deep_infra,0.5,3,1,seal,allpay,private,0.1,1299,private_all_pay_v2.txt,2026-01-13_00-22-40-447998,00-46-46-131303,"Since it's the first round, I'll start with a conservative bid to minimize losses. I'll bid $1, as it's a small amount that's unlikely to deter other bidders. This will allow me to learn more about the other bidders' values while keeping my potential losses low."
0,Bidder Andy,8,4.0,False,10.0,-4.0,all_pay_ipv_gemini,V10,meta-llama/Meta-Llama-3-8B-Instruct,deep_infra,0.5,3,1,seal,allpay,private,0.1,1299,private_all_pay_v2.txt,2026-01-13_00-22-40-447998,00-47-01-419320,"Since this is the first round, I'll start by bidding a moderate amount to get a feel for the competition. I'll bid $4, which is a relatively low bid to minimize my potential loss. This will also give me an opportunity to learn from the other bidders' strategies in the next rounds."
0,Bidder Betty,32,1.0,False,10.0,-1.0,all_pay_ipv_gemini,V10,meta-llama/Meta-Llama-3-8B-Instruct,deep_infra,0.5,3,1,seal,allpay,private,0.1,1299,private_all_pay_v2.txt,2026-01-13_00-22-40-447998,00-47-01-419320,"Since this is the first round, I'll start with a conservative bid to gauge the competition. I'll bid $1 to minimize my potential loss while still having a chance to win. As I learn more about the other bidders' values, I'll adjust my strategy to maximize my profit."
0,Bidder Charles,38,10.0,True,10.0,28.0,all_pay_ipv_gemini,V10,meta-llama/Meta-Llama-3-8B-Instruct,deep_infra,0.5,3,1,seal,allpay,private,0.1,1299,private_all_pay_v2.txt,2026-01-13_00-22-40-447998,00-47-01-419320,"Since this is the first round, I'll start with a conservative bid to gauge the competition. I'll bid $10, which is a reasonable starting point. This will allow me to learn more about the other bidders' strategies and adjust my bid accordingly in subsequent rounds. I'll focus on maximizing my profit by bidding just above the threshold of the other bidders."
0,Bidder Andy,16,14.0,False,14.0,-14.0,all_pay_ipv_gemini,V10,meta-llama/Meta-Llama-3-8B-Instruct,deep_infra,0.5,3,1,seal,allpay,private,0.1,1299,private_all_pay_v2.txt,2026-01-13_00-22-40-447998,00-47-16-704058,"Since this is the first round, I'll start by bidding a moderate amount to gauge the competition. I'll bid $14, which is slightly below my private value to minimize potential losses. I'll also keep an eye on the other bidders' bids to adjust my strategy accordingly."
0,Bidder Betty,28,14.0,True,14.0,14.0,all_pay_ipv_gemini,V10,meta-llama/Meta-Llama-3-8B-Instruct,deep_infra,0.5,3,1,seal,allpay,private,0.1,1299,private_all_pay_v2.txt,2026-01-13_00-22-40-447998,00-47-16-704058,"Since this is the first round, I'll start by bidding a moderate amount to gauge the competition. I'll bid $14, which is higher than the minimum but lower than the maximum. This will allow me to observe the other bidders' behavior and adjust my strategy accordingly."
0,Bidder Charles,7,1.0,False,14.0,-1.0,all_pay_ipv_gemini,V10,meta-llama/Meta-Llama-3-8B-Instruct,deep_infra,0.5,3,1,seal,allpay,private,0.1,1299,private_all_pay_v2.txt,2026-01-13_00-22-40-447998,00-47-16-704058,"Since this is the first round, I'll start with a conservative bid to learn more about the other bidders' strategies. I'll bid $1, a small amount that's unlikely to deter others from bidding, while still giving me a chance to win if my value is high. This will help me gather information for future rounds."
0,Bidder Andy,24,12.5,False,47.0,-12.5,all_pay_ipv_gemini,V10,meta-llama/Meta-Llama-3-8B-Instruct,deep_infra,0.5,3,1,seal,allpay,private,0.1,1299,private_all_pay_v2.txt,2026-01-13_00-22-40-447998,00-47-27-522517,"As it's the first round, I'll take a cautious approach. Since my private value is $24, I'll bid slightly above the midpoint to increase my chances of winning. I'll aim for a bid of $12.50, which is close to the optimal bid for a single-round auction. This strategy balances the risk of losing with the potential gain of winning."
0,Bidder Betty,48,47.0,True,47.0,1.0,all_pay_ipv_gemini,V10,meta-llama/Meta-Llama-3-8B-Instruct,deep_infra,0.5,3,1,seal,allpay,private,0.1,1299,private_all_pay_v2.txt,2026-01-13_00-22-40-447998,00-47-27-522517,"Since this is the first round, I'll bid strategically to maximize my profit. I'll bid my value minus 1, which is $47. This is a conservative approach to ensure I don't overpay and still have a chance to win."
0,Bidder Charles,22,11.0,False,47.0,-11.0,all_pay_ipv_gemini,V10,meta-llama/Meta-Llama-3-8B-Instruct,deep_infra,0.5,3,1,seal,allpay,private,0.1,1299,private_all_pay_v2.txt,2026-01-13_00-22-40-447998,00-47-27-522517,"As this is the first round, I will start by bidding a moderate amount, $11, to gauge the competition and allow for some flexibility in future rounds. I will also keep in mind that my private value is $22, so I have room for error."
0,Bidder Andy,25,15.0,True,15.0,10.0,all_pay_ipv_gemini,V10,meta-llama/Meta-Llama-3-8B-Instruct,deep_infra,0.5,3,1,seal,allpay,private,0.1,1299,private_all_pay_v2.txt,2026-01-13_00-22-40-447998,00-47-38-517222,"Since this is the first round, I'll start by bidding a moderate amount to gauge the competition. Given my private value of $25, I'll bid $15 to maximize my potential profit while minimizing the risk of losing to Bidder Betty or Charles. I'll observe their bids and adjust my strategy accordingly in future rounds."
0,Bidder Betty,11,10.0,False,15.0,-10.0,all_pay_ipv_gemini,V10,meta-llama/Meta-Llama-3-8B-Instruct,deep_infra,0.5,3,1,seal,allpay,private,0.1,1299,private_all_pay_v2.txt,2026-01-13_00-22-40-447998,00-47-38-517222,"Since this is the first round, I will start by bidding a moderate amount to gauge the competition. I will bid $10, which is slightly below my private value to minimize potential losses. This will also give me a chance to learn from the other bidders' strategies and adjust my bidding accordingly in future rounds."
0,Bidder Charles,28,14.0,False,15.0,-14.0,all_pay_ipv_gemini,V10,meta-llama/Meta-Llama-3-8B-Instruct,deep_infra,0.5,3,1,seal,allpay,private,0.1,1299,private_all_pay_v2.txt,2026-01-13_00-22-40-447998,00-47-38-517222,"This is the first round, so I'll start by bidding a moderate amount to gather information. I'll bid $14, which is a relatively low but not extremely low bid. This will allow me to learn more about the other bidders' values while also keeping my potential loss to a minimum."
0,Bidder Andy,42,25.0,True,25.0,17.0,all_pay_ipv_gemini,V10,meta-llama/Meta-Llama-3-8B-Instruct,deep_infra,0.5,3,1,seal,allpay,private,0.1,1299,private_all_pay_v2.txt,2026-01-13_00-22-40-447998,00-47-49-264168,"Since this is the first round, I'll start by bidding a moderate amount, taking into account my private value of $42. I'll bid $25, which is a reasonable starting point, allowing me to learn more about the other bidders' strategies and values in future rounds."
0,Bidder Betty,6,4.0,False,25.0,-4.0,all_pay_ipv_gemini,V10,meta-llama/Meta-Llama-3-8B-Instruct,deep_infra,0.5,3,1,seal,allpay,private,0.1,1299,private_all_pay_v2.txt,2026-01-13_00-22-40-447998,00-47-49-264168,"Since it's the first round, I'll start by bidding a moderate amount to gauge the competition. Given my private value of $6, I'll bid $4 to minimize my potential loss while keeping an eye on the other bidders' moves."
0,Bidder Charles,16,12.0,False,25.0,-12.0,all_pay_ipv_gemini,V10,meta-llama/Meta-Llama-3-8B-Instruct,deep_infra,0.5,3,1,seal,allpay,private,0.1,1299,private_all_pay_v2.txt,2026-01-13_00-22-40-447998,00-47-49-264168,"Since this is the first round, I'll start by bidding a moderate amount to get a sense of the market. Given my value is $16, I'll aim to bid a price that's slightly above the expected value of the other bidders. I'll choose a bid that's not too high, but still competitive. I'll bid $12."
0,Bidder Andy,4,0.1,False,35.0,-0.1,all_pay_ipv_gemini,V10,meta-llama/Meta-Llama-3-8B-Instruct,deep_infra,0.5,3,1,seal,allpay,private,0.1,1299,private_all_pay_v2.txt,2026-01-13_00-22-40-447998,00-47-59-836457,"Given my private value of $4, I will bid strategically to maximize my profit. Since this is the first round, I don't have any historical data to inform my decision. I will start with a conservative bid, $0.1, to minimize my potential losses while still having a chance to win."
0,Bidder Betty,31,35.0,True,35.0,-4.0,all_pay_ipv_gemini,V10,meta-llama/Meta-Llama-3-8B-Instruct,deep_infra,0.5,3,1,seal,allpay,private,0.1,1299,private_all_pay_v2.txt,2026-01-13_00-22-40-447998,00-47-59-836457,"Since this is the first round, I will start by bidding aggressively to maximize my chances of winning. I will bid a value that is slightly higher than my private value, but not too high to ensure I don't lose to other bidders. I will bid $35."
0,Bidder Charles,47,20.0,False,35.0,-20.0,all_pay_ipv_gemini,V10,meta-llama/Meta-Llama-3-8B-Instruct,deep_infra,0.5,3,1,seal,allpay,private,0.1,1299,private_all_pay_v2.txt,2026-01-13_00-22-40-447998,00-47-59-836457,"Since this is the first round, I'll start by bidding a moderate amount to gauge the competition. Considering my value is $47, I'll bid $20 to leave room for potential revisions in future rounds. I'll also keep an eye on the other bidders' strategies and adjust accordingly."
0,Bidder Andy,4,0.1,False,15.0,-0.1,all_pay_ipv_gemini,V10,meta-llama/Meta-Llama-3-8B-Instruct,deep_infra,0.5,3,1,seal,allpay,private,0.1,1299,private_all_pay_v2.txt,2026-01-13_00-22-40-447998,00-48-10-478752,"Given my private value of $4, I will bid strategically to maximize my profit. Since this is the first round, I don't have any historical data to inform my decision. I will start with a conservative bid, $0.1, to minimize my potential losses while still having a chance to win."
0,Bidder Betty,20,15.0,True,15.0,5.0,all_pay_ipv_gemini,V10,meta-llama/Meta-Llama-3-8B-Instruct,deep_infra,0.5,3,1,seal,allpay,private,0.1,1299,private_all_pay_v2.txt,2026-01-13_00-22-40-447998,00-48-10-478752,"Since this is the first round, I'll start by bidding a moderate amount to gather information about the other bidders. I'll bid $15, which is below my private value, to minimize my potential loss while still being competitive. I'll observe the other bidders' bids and adjust my strategy accordingly in future rounds."
0,Bidder Charles,13,13.0,False,15.0,-13.0,all_pay_ipv_gemini,V10,meta-llama/Meta-Llama-3-8B-Instruct,deep_infra,0.5,3,1,seal,allpay,private,0.1,1299,private_all_pay_v2.txt,2026-01-13_00-22-40-447998,00-48-10-478752,"As the first round, I will bid strategically to maximize my profit. Since I don't have any historical data, I will bid based on my private value. I will bid $13, which is my private value, to maximize my expected profit."
0,Bidder Andy,21,14.0,False,20.0,-14.0,all_pay_ipv_gemini,V10,meta-llama/Meta-Llama-3-8B-Instruct,deep_infra,0.5,3,1,seal,allpay,private,0.1,1299,private_all_pay_v2.txt,2026-01-13_00-22-40-447998,00-48-21-050640,"Since this is the first round, I will start by bidding a moderate amount to gauge the competition. I will bid $14, which is slightly above the average value of $21, but not too high to risk losing. This will give me a good starting point for future rounds."
0,Bidder Betty,20,15.0,False,20.0,-15.0,all_pay_ipv_gemini,V10,meta-llama/Meta-Llama-3-8B-Instruct,deep_infra,0.5,3,1,seal,allpay,private,0.1,1299,private_all_pay_v2.txt,2026-01-13_00-22-40-447998,00-48-21-050640,"Since this is the first round, I'll start by bidding a moderate amount to gather information about the other bidders. I'll bid $15, which is below my private value, to minimize my potential loss while still being competitive. I'll observe the other bidders' bids and adjust my strategy accordingly in future rounds."
0,Bidder Charles,48,20.0,True,20.0,28.0,all_pay_ipv_gemini,V10,meta-llama/Meta-Llama-3-8B-Instruct,deep_infra,0.5,3,1,seal,allpay,private,0.1,1299,private_all_pay_v2.txt,2026-01-13_00-22-40-447998,00-48-21-050640,"Since this is the first round, I'll start by bidding a moderate amount to gauge the competition. Given my value for the prize is $48, I'll bid $20 to maximize my potential profit while keeping an eye on the other bidders' moves."
