round,player_name,player_value,bid,is_winner,final_price,profit,experiment_name,version,model,service_name,temperature,number_agents,total_rounds,seal_clock,price_order,private_value,increment,seed_base,special_name,timestamp,repetition_id,plan
0,Bidder Andy,20,15.0,False,10.0,0,third_price_ipv_gemini,V10,meta-llama/Meta-Llama-3-8B-Instruct,deep_infra,0.5,3,1,seal,third,private,0.1,1299,private_third_price.txt,2026-01-13_00-06-55-377654,00-06-55-393950,"Since this is the first round, I'll start by bidding a moderate amount to gauge the competition. Considering my private value is $20, I'll bid $15 to maximize my chances of winning while minimizing my potential loss."
0,Bidder Betty,29,10.0,False,10.0,0,third_price_ipv_gemini,V10,meta-llama/Meta-Llama-3-8B-Instruct,deep_infra,0.5,3,1,seal,third,private,0.1,1299,private_third_price.txt,2026-01-13_00-06-55-377654,00-06-55-393950,"Since this is the first round, I'll start with a conservative bid to minimize losses. I'll bid $10, allowing me to learn the bids of the other players and adjust accordingly. This bid is also close enough to my value to potentially win but not so high that I risk losing."
0,Bidder Charles,45,20.0,True,10.0,35.0,third_price_ipv_gemini,V10,meta-llama/Meta-Llama-3-8B-Instruct,deep_infra,0.5,3,1,seal,third,private,0.1,1299,private_third_price.txt,2026-01-13_00-06-55-377654,00-06-55-393950,"Since this is the first round, I will start by bidding a moderate amount to gauge the competition. Considering my private value is $45, I will bid $20 to leave room for potential overbidding. This strategy allows me to maximize my chances of winning while minimizing my potential loss."
0,Bidder Andy,30,15.0,False,14.0,0,third_price_ipv_gemini,V10,meta-llama/Meta-Llama-3-8B-Instruct,deep_infra,0.5,3,1,seal,third,private,0.1,1299,private_third_price.txt,2026-01-13_00-06-55-377654,00-06-55-394837,"Since this is the first round, I'll start by bidding a moderate amount to gauge the competition. I'll bid $15, which is below my private value of $30. This will allow me to observe the other bidders' behavior and adjust my strategy accordingly."
0,Bidder Betty,7,14.0,False,14.0,0,third_price_ipv_gemini,V10,meta-llama/Meta-Llama-3-8B-Instruct,deep_infra,0.5,3,1,seal,third,private,0.1,1299,private_third_price.txt,2026-01-13_00-06-55-377654,00-06-55-394837,"Since this is the first round, I'll start by bidding a moderate amount to gauge the competition. I'll bid $14, which is slightly above the average value of $7. This will allow me to learn more about the other bidders' strategies and adjust my bidding accordingly in subsequent rounds."
0,Bidder Charles,36,20.0,True,14.0,22.0,third_price_ipv_gemini,V10,meta-llama/Meta-Llama-3-8B-Instruct,deep_infra,0.5,3,1,seal,third,private,0.1,1299,private_third_price.txt,2026-01-13_00-06-55-377654,00-06-55-394837,"Since this is the first round, I'll start by bidding a moderate amount to gauge the competition. I'll bid $20, which is a reasonable starting point given my private value of $36. This will also allow me to observe the bids of other players and adjust my strategy accordingly."
0,Bidder Andy,23,23.0,True,4.0,19.0,third_price_ipv_gemini,V10,meta-llama/Meta-Llama-3-8B-Instruct,deep_infra,0.5,3,1,seal,third,private,0.1,1299,private_third_price.txt,2026-01-13_00-06-55-377654,00-06-55-396384,"As the first round, I will bid aggressively to maximize my profit. Since I don't have any history to learn from, I will bid randomly between $0 and $49. I will aim to bid around my private value of $23 to minimize the risk of not winning."
0,Bidder Betty,18,4.0,False,4.0,0,third_price_ipv_gemini,V10,meta-llama/Meta-Llama-3-8B-Instruct,deep_infra,0.5,3,1,seal,third,private,0.1,1299,private_third_price.txt,2026-01-13_00-06-55-377654,00-06-55-396384,"Given my private value of $18, I will employ a conservative strategy to maximize profit. Since this is the first round, I don't have any historical data to rely on. I will start with a relatively low bid to gauge the competition. I will bid $4, as it is a small amount that is unlikely to deter other bidders, but still gives me a chance to win."
0,Bidder Charles,25,15.0,False,4.0,0,third_price_ipv_gemini,V10,meta-llama/Meta-Llama-3-8B-Instruct,deep_infra,0.5,3,1,seal,third,private,0.1,1299,private_third_price.txt,2026-01-13_00-06-55-377654,00-06-55-396384,"As the first round, I will bid conservatively to maximize my profit. Since I don't have any historical data, I'll start with a moderate bid. I'll bid $15, which is slightly above the average value of $25, but not too aggressive to minimize the risk of losing."
0,Bidder Andy,27,29.0,True,15.0,12.0,third_price_ipv_gemini,V10,meta-llama/Meta-Llama-3-8B-Instruct,deep_infra,0.5,3,1,seal,third,private,0.1,1299,private_third_price.txt,2026-01-13_00-06-55-377654,00-06-55-396729,"Since it's the first round, I'll start by bidding a moderate amount to get a sense of the competition. Given my value is $27, I'll aim to bid slightly above the midpoint of the possible range ($24.5) to increase my chances of winning. I'll bid $29."
0,Bidder Betty,31,15.0,False,15.0,0,third_price_ipv_gemini,V10,meta-llama/Meta-Llama-3-8B-Instruct,deep_infra,0.5,3,1,seal,third,private,0.1,1299,private_third_price.txt,2026-01-13_00-06-55-377654,00-06-55-396729,"Since this is the first round, I'll start by bidding a moderate amount to get a sense of the competition. I'll bid $15, which is slightly above the average value of $25. This will give me a chance to win without committing too much. If I win, I'll pay the third-highest bid, which is likely to be around $10. If I lose, I'll start with a lower bid in the next round."
0,Bidder Charles,20,22.0,False,15.0,0,third_price_ipv_gemini,V10,meta-llama/Meta-Llama-3-8B-Instruct,deep_infra,0.5,3,1,seal,third,private,0.1,1299,private_third_price.txt,2026-01-13_00-06-55-377654,00-06-55-396729,"Since this is the first round, I'll start by bidding a moderate amount to gauge the competition. Considering the private value is $20, I'll aim to bid around 15-20% above it to increase the chances of winning while minimizing the potential loss. I'll bid $22, a conservative yet competitive amount."
0,Bidder Andy,23,23.0,False,4.0,0,third_price_ipv_gemini,V10,meta-llama/Meta-Llama-3-8B-Instruct,deep_infra,0.5,3,1,seal,third,private,0.1,1299,private_third_price.txt,2026-01-13_00-06-55-377654,00-07-10-308220,"As the first round, I will bid aggressively to maximize my profit. Since I don't have any history to learn from, I will bid randomly between $0 and $49. I will aim to bid around my private value of $23 to minimize the risk of not winning."
0,Bidder Betty,18,4.0,False,4.0,0,third_price_ipv_gemini,V10,meta-llama/Meta-Llama-3-8B-Instruct,deep_infra,0.5,3,1,seal,third,private,0.1,1299,private_third_price.txt,2026-01-13_00-06-55-377654,00-07-10-308220,"Given my private value of $18, I will employ a conservative strategy to maximize profit. Since this is the first round, I don't have any historical data to rely on. I will start with a relatively low bid to gauge the competition. I will bid $4, as it is a small amount that is unlikely to deter other bidders, but still gives me a chance to win."
0,Bidder Charles,39,40.0,True,4.0,35.0,third_price_ipv_gemini,V10,meta-llama/Meta-Llama-3-8B-Instruct,deep_infra,0.5,3,1,seal,third,private,0.1,1299,private_third_price.txt,2026-01-13_00-06-55-377654,00-07-10-308220,"Since it's the first round, I'll adopt a cautious approach. I'll bid slightly higher than the expected value to account for the uncertainty. Given my private value of $39, I'll bid $40, hoping to win and maximize my earnings. If I lose, I'll be prepared to adjust my strategy for the next round."
0,Bidder Andy,25,15.0,False,5.0,0,third_price_ipv_gemini,V10,meta-llama/Meta-Llama-3-8B-Instruct,deep_infra,0.5,3,1,seal,third,private,0.1,1299,private_third_price.txt,2026-01-13_00-06-55-377654,00-07-11-890250,"Since this is the first round, I'll start by bidding a moderate amount to gauge the competition. Considering my private value is $25, I'll bid $15 to leave room for adjustments in future rounds. I'll observe the bids and adjust my strategy accordingly."
0,Bidder Betty,17,5.0,False,5.0,0,third_price_ipv_gemini,V10,meta-llama/Meta-Llama-3-8B-Instruct,deep_infra,0.5,3,1,seal,third,private,0.1,1299,private_third_price.txt,2026-01-13_00-06-55-377654,00-07-11-890250,"Since this is the first round, I will start with a conservative bid to learn more about the other bidders' strategies. I will bid $5, which is a relatively low value, to minimize my potential loss if I don't win. This will also give me a chance to observe the other bidders' behavior and adjust my strategy accordingly."
0,Bidder Charles,39,20.0,True,5.0,34.0,third_price_ipv_gemini,V10,meta-llama/Meta-Llama-3-8B-Instruct,deep_infra,0.5,3,1,seal,third,private,0.1,1299,private_third_price.txt,2026-01-13_00-06-55-377654,00-07-11-890250,"Since this is the first round, I will start by bidding a moderate amount to get a sense of the other bidders' behavior. I will bid $20, which is slightly above the expected average value of $25, but not too aggressive. This will allow me to gauge the competition and adjust my strategy accordingly."
0,Bidder Andy,10,5.0,False,5.0,0,third_price_ipv_gemini,V10,meta-llama/Meta-Llama-3-8B-Instruct,deep_infra,0.5,3,1,seal,third,private,0.1,1299,private_third_price.txt,2026-01-13_00-06-55-377654,00-07-11-900491,"Since this is the first round, I'll start with a conservative bid to gauge the competition. I'll bid $5, as it's a common starting point and allows me to learn more about the other bidders' strategies. I'll also keep in mind that my private value is $10, so I'm willing to pay up to $5 to win."
0,Bidder Betty,30,10.0,False,5.0,0,third_price_ipv_gemini,V10,meta-llama/Meta-Llama-3-8B-Instruct,deep_infra,0.5,3,1,seal,third,private,0.1,1299,private_third_price.txt,2026-01-13_00-06-55-377654,00-07-11-900491,"Since this is the first round, I'll start with a conservative bid to gauge the competition. I'll bid $10, which is a relatively low value. This will allow me to learn more about the other bidders' strategies and adjust my bid accordingly in subsequent rounds. My goal is to maximize my profit in the long run, so I'll prioritize observing and adapting to the competition."
0,Bidder Charles,25,15.0,True,5.0,20.0,third_price_ipv_gemini,V10,meta-llama/Meta-Llama-3-8B-Instruct,deep_infra,0.5,3,1,seal,third,private,0.1,1299,private_third_price.txt,2026-01-13_00-06-55-377654,00-07-11-900491,"As the first round, I will bid conservatively to maximize my profit. Since I don't have any historical data, I'll start with a moderate bid. I'll bid $15, which is slightly above the average value of $25, but not too aggressive to minimize the risk of losing."
0,Bidder Andy,30,15.0,False,3.1,0,third_price_ipv_gemini,V10,meta-llama/Meta-Llama-3-8B-Instruct,deep_infra,0.5,3,1,seal,third,private,0.1,1299,private_third_price.txt,2026-01-13_00-06-55-377654,00-07-12-174679,"Since this is the first round, I'll start by bidding a moderate amount to gauge the competition. I'll bid $15, which is below my private value of $30. This will allow me to observe the other bidders' behavior and adjust my strategy accordingly."
0,Bidder Betty,35,20.0,True,3.1,31.9,third_price_ipv_gemini,V10,meta-llama/Meta-Llama-3-8B-Instruct,deep_infra,0.5,3,1,seal,third,private,0.1,1299,private_third_price.txt,2026-01-13_00-06-55-377654,00-07-12-174679,"Since this is the first round, I will start by bidding a moderate amount that balances the risk of winning with the potential gain. Given my private value of $35, I will bid $20 to minimize the potential loss while leaving room for future rounds."
0,Bidder Charles,6,3.1,False,3.1,0,third_price_ipv_gemini,V10,meta-llama/Meta-Llama-3-8B-Instruct,deep_infra,0.5,3,1,seal,third,private,0.1,1299,private_third_price.txt,2026-01-13_00-06-55-377654,00-07-12-174679,"Since this is the first round, I will start by bidding a moderate amount to gauge the competition. Considering my private value is $6, I will bid $3.10 to minimize the risk of losing and maximize the potential earnings. I will also keep an eye on the other bidders' behavior to adjust my strategy accordingly."
0,Bidder Andy,36,14.0,False,4.0,0,third_price_ipv_gemini,V10,meta-llama/Meta-Llama-3-8B-Instruct,deep_infra,0.5,3,1,seal,third,private,0.1,1299,private_third_price.txt,2026-01-13_00-06-55-377654,00-07-26-159482,"Since this is the first round, I will start by bidding a moderate amount to gather information about the other bidders' values. I will bid $14.00, which is not too high and not too low, to test the waters and get a sense of the competition."
0,Bidder Betty,8,4.0,False,4.0,0,third_price_ipv_gemini,V10,meta-llama/Meta-Llama-3-8B-Instruct,deep_infra,0.5,3,1,seal,third,private,0.1,1299,private_third_price.txt,2026-01-13_00-06-55-377654,00-07-26-159482,"Since this is the first round, I will bid strategically to maximize my profit. I will bid $4, which is a relatively low value to minimize the risk of losing, while still having a chance to win. I will also keep an eye on the other bidders' bids to adjust my strategy accordingly."
0,Bidder Charles,44,22.0,True,4.0,40.0,third_price_ipv_gemini,V10,meta-llama/Meta-Llama-3-8B-Instruct,deep_infra,0.5,3,1,seal,third,private,0.1,1299,private_third_price.txt,2026-01-13_00-06-55-377654,00-07-26-159482,"Since this is the first round, I'll start with a conservative approach. I'll bid a moderate amount, taking into account the prize value of $44. I'll bid $22, which is slightly above the midpoint of the possible range, but not too high. This will allow me to maximize my expected profit while keeping an eye on the competition."
0,Bidder Andy,31,29.0,True,5.0,26.0,third_price_ipv_gemini,V10,meta-llama/Meta-Llama-3-8B-Instruct,deep_infra,0.5,3,1,seal,third,private,0.1,1299,private_third_price.txt,2026-01-13_00-06-55-377654,00-07-26-927680,"Given my private value of $31, I will bid strategically to maximize my profit. Since this is the first round, I will bid relatively high to gauge the competition. I will bid $29, which is high enough to take a chance at winning but low enough to minimize potential losses."
0,Bidder Betty,37,24.0,False,5.0,0,third_price_ipv_gemini,V10,meta-llama/Meta-Llama-3-8B-Instruct,deep_infra,0.5,3,1,seal,third,private,0.1,1299,private_third_price.txt,2026-01-13_00-06-55-377654,00-07-26-927680,"Since this is the first round, I'll start by bidding a moderate amount to gauge the competition. I'll bid $24, which is slightly higher than the average value of $25. This will allow me to learn more about the other bidders' strategies while keeping my options open for future rounds."
0,Bidder Charles,11,5.0,False,5.0,0,third_price_ipv_gemini,V10,meta-llama/Meta-Llama-3-8B-Instruct,deep_infra,0.5,3,1,seal,third,private,0.1,1299,private_third_price.txt,2026-01-13_00-06-55-377654,00-07-26-927680,"Since this is the first round, I'll start by bidding a moderate amount to get a sense of the competition. Considering my private value is $11, I'll bid $5 to leave room for adjustment in subsequent rounds. I'll also observe the bids of other players to refine my strategy for the next round, if any."
0,Bidder Andy,31,5.0,False,5.0,0,third_price_ipv_gemini,V10,meta-llama/Meta-Llama-3-8B-Instruct,deep_infra,0.5,3,1,seal,third,private,0.1,1299,private_third_price.txt,2026-01-13_00-06-55-377654,00-07-27-068395,"As this is the first round, I'll start by bidding conservatively to gather information. I'll bid $5 to minimize my potential loss and maximize my potential gain. I'll observe the bidding patterns of the other players and adjust my strategy accordingly in future rounds."
0,Bidder Betty,31,15.0,False,5.0,0,third_price_ipv_gemini,V10,meta-llama/Meta-Llama-3-8B-Instruct,deep_infra,0.5,3,1,seal,third,private,0.1,1299,private_third_price.txt,2026-01-13_00-06-55-377654,00-07-27-068395,"Since this is the first round, I'll start by bidding a moderate amount to get a sense of the competition. I'll bid $15, which is slightly above the average value of $25. This will give me a chance to win without committing too much. If I win, I'll pay the third-highest bid, which is likely to be around $10. If I lose, I'll start with a lower bid in the next round."
0,Bidder Charles,46,24.0,True,5.0,41.0,third_price_ipv_gemini,V10,meta-llama/Meta-Llama-3-8B-Instruct,deep_infra,0.5,3,1,seal,third,private,0.1,1299,private_third_price.txt,2026-01-13_00-06-55-377654,00-07-27-068395,"Since this is the first round, I will start by bidding a moderate amount, $24. This will allow me to gather information about the other bidders' values while also leaving room to adjust my strategy in subsequent rounds. I will observe the bids and adjust my strategy accordingly."
0,Bidder Andy,15,10.0,False,10.0,0,third_price_ipv_gemini,V10,meta-llama/Meta-Llama-3-8B-Instruct,deep_infra,0.5,3,1,seal,third,private,0.1,1299,private_third_price.txt,2026-01-13_00-06-55-377654,00-07-27-312386,"Since this is the first round, I'll start by bidding a moderate amount to gauge the competition. Considering my private value is $15, I'll bid $10, which is below my value but not too low. This will give me an idea of the other bidders' strategies and allow me to adjust for future rounds."
0,Bidder Betty,36,20.0,False,10.0,0,third_price_ipv_gemini,V10,meta-llama/Meta-Llama-3-8B-Instruct,deep_infra,0.5,3,1,seal,third,private,0.1,1299,private_third_price.txt,2026-01-13_00-06-55-377654,00-07-27-312386,"Since this is the first round, I will start by bidding a moderate amount to gauge the competition. I will bid $20, which is slightly above the average value of $25, but not too aggressive. This will help me gather information about the other bidders' values and adjust my strategy accordingly."
0,Bidder Charles,42,24.0,True,10.0,32.0,third_price_ipv_gemini,V10,meta-llama/Meta-Llama-3-8B-Instruct,deep_infra,0.5,3,1,seal,third,private,0.1,1299,private_third_price.txt,2026-01-13_00-06-55-377654,00-07-27-312386,"Since this is the first round, I will start by bidding conservatively, taking into account the random nature of the values. I will bid around the midpoint of the possible range, which is $24.5. This will give me a good chance of winning while minimizing the potential loss if I don't win."
0,Bidder Andy,9,4.5,False,4.5,0,third_price_ipv_gemini,V10,meta-llama/Meta-Llama-3-8B-Instruct,deep_infra,0.5,3,1,seal,third,private,0.1,1299,private_third_price.txt,2026-01-13_00-06-55-377654,00-07-37-799754,"Since this is the first round, I'll start by bidding a moderate amount to gauge the competition. Given my private value of $9, I'll aim to bid slightly higher than the expected average value. I'll bid $4.50 to balance my risk and potential reward."
0,Bidder Betty,20,15.0,False,4.5,0,third_price_ipv_gemini,V10,meta-llama/Meta-Llama-3-8B-Instruct,deep_infra,0.5,3,1,seal,third,private,0.1,1299,private_third_price.txt,2026-01-13_00-06-55-377654,00-07-37-799754,"Since this is the first round, I'll start by bidding a moderate amount to gauge the competition. Given my private value of $20, I'll bid $15 to minimize losses if I don't win. If I do win, I'll pay around $5-$10, leaving me with a decent profit."
0,Bidder Charles,20,22.0,True,4.5,15.5,third_price_ipv_gemini,V10,meta-llama/Meta-Llama-3-8B-Instruct,deep_infra,0.5,3,1,seal,third,private,0.1,1299,private_third_price.txt,2026-01-13_00-06-55-377654,00-07-37-799754,"Since this is the first round, I'll start by bidding a moderate amount to gauge the competition. Considering the private value is $20, I'll aim to bid around 15-20% above it to increase the chances of winning while minimizing the potential loss. I'll bid $22, a conservative yet competitive amount."
0,Bidder Andy,35,20.0,True,1.0,34.0,third_price_ipv_gemini,V10,meta-llama/Meta-Llama-3-8B-Instruct,deep_infra,0.5,3,1,seal,third,private,0.1,1299,private_third_price.txt,2026-01-13_00-06-55-377654,00-07-38-017350,"Given my private value of $35, I will bid aggressively to maximize my profit. Since this is the first round, I don't have any historical data to inform my decision. I will bid a moderate amount to balance the risk of losing with the potential gain of winning. I will bid $20, which is a reasonable starting point."
0,Bidder Betty,32,1.0,False,1.0,0,third_price_ipv_gemini,V10,meta-llama/Meta-Llama-3-8B-Instruct,deep_infra,0.5,3,1,seal,third,private,0.1,1299,private_third_price.txt,2026-01-13_00-06-55-377654,00-07-38-017350,"As the first round, I will bid $1 to minimize the risk of losing and to gather information about the other bidders' values. Since I know my value is $32, I'm willing to take a low-risk approach to maximize my potential earnings in the long run."
0,Bidder Charles,48,20.0,False,1.0,0,third_price_ipv_gemini,V10,meta-llama/Meta-Llama-3-8B-Instruct,deep_infra,0.5,3,1,seal,third,private,0.1,1299,private_third_price.txt,2026-01-13_00-06-55-377654,00-07-38-017350,"Since this is the first round, I'll start by bidding a moderate amount to gauge the competition. Considering my private value is $48, I'll bid $20 to leave room for potential overbidding. This will also allow me to adjust my strategy based on the other bidders' responses."
0,Bidder Andy,39,20.0,True,4.0,35.0,third_price_ipv_gemini,V10,meta-llama/Meta-Llama-3-8B-Instruct,deep_infra,0.5,3,1,seal,third,private,0.1,1299,private_third_price.txt,2026-01-13_00-06-55-377654,00-07-47-786237,"Since this is the first round, I'll start by bidding a moderate amount to gauge the competition. Given my private value of $39, I'll bid $20 to maximize my chances of winning while keeping the third-highest bid relatively low."
0,Bidder Betty,27,4.0,False,4.0,0,third_price_ipv_gemini,V10,meta-llama/Meta-Llama-3-8B-Instruct,deep_infra,0.5,3,1,seal,third,private,0.1,1299,private_third_price.txt,2026-01-13_00-06-55-377654,00-07-47-786237,"Since this is the first round, I will start with a conservative bid to gauge the competition. I will bid $4, which is below the average value of $24.5. This will allow me to learn more about the other bidders' strategies and adjust my bid accordingly in future rounds."
0,Bidder Charles,13,7.0,False,4.0,0,third_price_ipv_gemini,V10,meta-llama/Meta-Llama-3-8B-Instruct,deep_infra,0.5,3,1,seal,third,private,0.1,1299,private_third_price.txt,2026-01-13_00-06-55-377654,00-07-47-786237,"As this is the first round, I'll adopt a conservative approach to maximize profit. I'll bid just above the expected average value to minimize the risk of losing and paying a high third-highest bid. Considering my private value is $13, I'll bid $7, leaving room for error and potential for profit."
0,Bidder Andy,25,15.0,False,1.0,0,third_price_ipv_gemini,V10,meta-llama/Meta-Llama-3-8B-Instruct,deep_infra,0.5,3,1,seal,third,private,0.1,1299,private_third_price.txt,2026-01-13_00-06-55-377654,00-07-48-363532,"Since this is the first round, I'll start by bidding a moderate amount to gauge the competition. Considering my private value is $25, I'll bid $15 to leave room for adjustments in future rounds. I'll observe the bids and adjust my strategy accordingly."
0,Bidder Betty,3,1.0,False,1.0,0,third_price_ipv_gemini,V10,meta-llama/Meta-Llama-3-8B-Instruct,deep_infra,0.5,3,1,seal,third,private,0.1,1299,private_third_price.txt,2026-01-13_00-06-55-377654,00-07-48-363532,"Since this is the first round, I will start with a conservative bid to minimize losses. I will bid $1, as it's a low risk and allows me to learn more about the other bidders' strategies. I will also keep an eye on their bids to adjust my strategy accordingly."
0,Bidder Charles,26,24.0,True,1.0,25.0,third_price_ipv_gemini,V10,meta-llama/Meta-Llama-3-8B-Instruct,deep_infra,0.5,3,1,seal,third,private,0.1,1299,private_third_price.txt,2026-01-13_00-06-55-377654,00-07-48-363532,"Since this is the first round, I'll start by bidding strategically. I'll bid $24, which is slightly below my private value of $26. This allows me to maximize my potential earnings while also leaving room for future rounds. I'll observe the other bidders' strategies and adjust accordingly in subsequent rounds."
0,Bidder Andy,24,20.0,True,1.0,23.0,third_price_ipv_gemini,V10,meta-llama/Meta-Llama-3-8B-Instruct,deep_infra,0.5,3,1,seal,third,private,0.1,1299,private_third_price.txt,2026-01-13_00-06-55-377654,00-07-48-459430,"As this is the first round, I will bid a moderate amount to gather information about the other bidders. Since my private value is $24, I will bid $20, which is slightly below my value. This will allow me to observe the other bidders' behavior and adjust my strategy accordingly."
0,Bidder Betty,16,1.0,False,1.0,0,third_price_ipv_gemini,V10,meta-llama/Meta-Llama-3-8B-Instruct,deep_infra,0.5,3,1,seal,third,private,0.1,1299,private_third_price.txt,2026-01-13_00-06-55-377654,00-07-48-459430,"Since this is the first round, I'll start with a conservative bid to minimize losses. I'll bid $1, as it's unlikely anyone will bid lower. I'll also keep an eye on the other bidders' strategies to adjust my approach in future rounds."
0,Bidder Charles,24,14.0,False,1.0,0,third_price_ipv_gemini,V10,meta-llama/Meta-Llama-3-8B-Instruct,deep_infra,0.5,3,1,seal,third,private,0.1,1299,private_third_price.txt,2026-01-13_00-06-55-377654,00-07-48-459430,"Since this is the first round, I'll start by bidding a moderate amount to gauge the competition. Given my value is $24, I'll aim to bid low enough to have a chance of winning while also leaving room for future rounds. I'll bid $14, which is below my value but still competitive."
0,Bidder Andy,13,20.0,False,10.0,0,third_price_ipv_gemini,V10,meta-llama/Meta-Llama-3-8B-Instruct,deep_infra,0.5,3,1,seal,third,private,0.1,1299,private_third_price.txt,2026-01-13_00-06-55-377654,00-07-48-565513,"Since this is the first round, I'll start by bidding a moderate amount to gather information about the other bidders. I'll bid $20, which is a reasonable starting point. This will allow me to learn more about the other bidders' values and adjust my strategy accordingly."
0,Bidder Betty,15,10.0,False,10.0,0,third_price_ipv_gemini,V10,meta-llama/Meta-Llama-3-8B-Instruct,deep_infra,0.5,3,1,seal,third,private,0.1,1299,private_third_price.txt,2026-01-13_00-06-55-377654,00-07-48-565513,"Since this is the first round, I will start by bidding a moderate amount to gauge the competition. Given my private value of $15, I will bid $10, which is slightly below my value but still competitive. This will allow me to gain information about the other bidders' values and adjust my strategy accordingly."
0,Bidder Charles,47,24.1,True,10.0,37.0,third_price_ipv_gemini,V10,meta-llama/Meta-Llama-3-8B-Instruct,deep_infra,0.5,3,1,seal,third,private,0.1,1299,private_third_price.txt,2026-01-13_00-06-55-377654,00-07-48-565513,"Since this is the first round, I will start by bidding a moderate amount, taking into account the prize's value to me ($47). I will bid $24.1, which is slightly above the midpoint of the possible bid range ($0.1 to $49). This bid should give me a good chance of winning while minimizing my potential loss if I don't win."
0,Bidder Andy,39,20.0,False,15.0,0,third_price_ipv_gemini,V10,meta-llama/Meta-Llama-3-8B-Instruct,deep_infra,0.5,3,1,seal,third,private,0.1,1299,private_third_price.txt,2026-01-13_00-06-55-377654,00-07-59-632688,"Since this is the first round, I'll start by bidding a moderate amount to gauge the competition. Given my private value of $39, I'll bid $20 to maximize my chances of winning while keeping the third-highest bid relatively low."
0,Bidder Betty,20,15.0,False,15.0,0,third_price_ipv_gemini,V10,meta-llama/Meta-Llama-3-8B-Instruct,deep_infra,0.5,3,1,seal,third,private,0.1,1299,private_third_price.txt,2026-01-13_00-06-55-377654,00-07-59-632688,"Since this is the first round, I'll start by bidding a moderate amount to gauge the competition. Given my private value of $20, I'll bid $15 to minimize losses if I don't win. If I do win, I'll pay around $5-$10, leaving me with a decent profit."
0,Bidder Charles,20,22.0,True,15.0,5.0,third_price_ipv_gemini,V10,meta-llama/Meta-Llama-3-8B-Instruct,deep_infra,0.5,3,1,seal,third,private,0.1,1299,private_third_price.txt,2026-01-13_00-06-55-377654,00-07-59-632688,"Since this is the first round, I'll start by bidding a moderate amount to gauge the competition. Considering the private value is $20, I'll aim to bid around 15-20% above it to increase the chances of winning while minimizing the potential loss. I'll bid $22, a conservative yet competitive amount."
0,Bidder Andy,46,20.0,True,5.0,41.0,third_price_ipv_gemini,V10,meta-llama/Meta-Llama-3-8B-Instruct,deep_infra,0.5,3,1,seal,third,private,0.1,1299,private_third_price.txt,2026-01-13_00-06-55-377654,00-08-03-443942,"Since this is the first round, I'll start by bidding a moderate amount to gauge the competition. Given my private value of $46, I'll bid $20, which is slightly above the midpoint of the possible bids. This allows me to test the waters while keeping my options open for future rounds."
0,Bidder Betty,17,5.0,False,5.0,0,third_price_ipv_gemini,V10,meta-llama/Meta-Llama-3-8B-Instruct,deep_infra,0.5,3,1,seal,third,private,0.1,1299,private_third_price.txt,2026-01-13_00-06-55-377654,00-08-03-443942,"Since this is the first round, I will start with a conservative bid to learn more about the other bidders' strategies. I will bid $5, which is a relatively low value, to minimize my potential loss if I don't win. This will also give me a chance to observe the other bidders' behavior and adjust my strategy accordingly."
0,Bidder Charles,28,20.0,False,5.0,0,third_price_ipv_gemini,V10,meta-llama/Meta-Llama-3-8B-Instruct,deep_infra,0.5,3,1,seal,third,private,0.1,1299,private_third_price.txt,2026-01-13_00-06-55-377654,00-08-03-443942,"Since this is the first round, I will start by bidding a moderate amount to maximize my chances of winning. Given my private value of $28, I will bid $20, which is slightly above the midpoint of the possible bids. This will allow me to win the auction while keeping my potential losses low in case I don't win."
0,Bidder Andy,25,15.0,False,4.0,0,third_price_ipv_gemini,V10,meta-llama/Meta-Llama-3-8B-Instruct,deep_infra,0.5,3,1,seal,third,private,0.1,1299,private_third_price.txt,2026-01-13_00-06-55-377654,00-08-03-630989,"Since this is the first round, I'll start by bidding a moderate amount to gauge the competition. Considering my private value is $25, I'll bid $15 to leave room for adjustments in future rounds. I'll observe the bids and adjust my strategy accordingly."
0,Bidder Betty,18,4.0,False,4.0,0,third_price_ipv_gemini,V10,meta-llama/Meta-Llama-3-8B-Instruct,deep_infra,0.5,3,1,seal,third,private,0.1,1299,private_third_price.txt,2026-01-13_00-06-55-377654,00-08-03-630989,"Given my private value of $18, I will employ a conservative strategy to maximize profit. Since this is the first round, I don't have any historical data to rely on. I will start with a relatively low bid to gauge the competition. I will bid $4, as it is a small amount that is unlikely to deter other bidders, but still gives me a chance to win."
0,Bidder Charles,31,23.0,True,4.0,27.0,third_price_ipv_gemini,V10,meta-llama/Meta-Llama-3-8B-Instruct,deep_infra,0.5,3,1,seal,third,private,0.1,1299,private_third_price.txt,2026-01-13_00-06-55-377654,00-08-03-630989,"Since this is the first round, I'll start by bidding a moderate amount to gauge the competition. Given my private value is $31, I'll aim to bid slightly below the expected average value of $25. I'll bid $23, hoping to win and pay the third-highest bid, which could be around $10-15, depending on the other bidders' values."
0,Bidder Andy,9,4.5,False,4.1,0,third_price_ipv_gemini,V10,meta-llama/Meta-Llama-3-8B-Instruct,deep_infra,0.5,3,1,seal,third,private,0.1,1299,private_third_price.txt,2026-01-13_00-06-55-377654,00-08-03-902026,"Since this is the first round, I'll start by bidding a moderate amount to gauge the competition. Given my private value of $9, I'll aim to bid slightly higher than the expected average value. I'll bid $4.50 to balance my risk and potential reward."
0,Bidder Betty,9,4.1,False,4.1,0,third_price_ipv_gemini,V10,meta-llama/Meta-Llama-3-8B-Instruct,deep_infra,0.5,3,1,seal,third,private,0.1,1299,private_third_price.txt,2026-01-13_00-06-55-377654,00-08-03-902026,"Since this is the first round, I don't have any historical data to inform my bidding strategy. I will start by bidding a moderate amount to gauge the competition. Given my private value of $9, I will bid $4.10, which is slightly above the expected average bid of $2.50, but not too aggressive."
0,Bidder Charles,34,20.0,True,4.1,29.9,third_price_ipv_gemini,V10,meta-llama/Meta-Llama-3-8B-Instruct,deep_infra,0.5,3,1,seal,third,private,0.1,1299,private_third_price.txt,2026-01-13_00-06-55-377654,00-08-03-902026,"Since this is the first round, I'll start with a conservative bid to gather information and avoid overbidding. I'll bid $20, a relatively low amount that's likely to be beaten by at least one other bidder. This will give me a good chance of winning if my value is higher than theirs, while minimizing my expected loss if I don't win."
0,Bidder Andy,34,20.0,True,15.0,19.0,third_price_ipv_gemini,V10,meta-llama/Meta-Llama-3-8B-Instruct,deep_infra,0.5,3,1,seal,third,private,0.1,1299,private_third_price.txt,2026-01-13_00-06-55-377654,00-08-10-261590,"Since it's the first round, I'll bid a moderate amount to gather information about the other bidders. I'll bid $20, which is not too high and not too low, to gauge their responses. This will help me understand their bidding strategies and adjust my plan for future rounds."
0,Bidder Betty,28,15.0,False,15.0,0,third_price_ipv_gemini,V10,meta-llama/Meta-Llama-3-8B-Instruct,deep_infra,0.5,3,1,seal,third,private,0.1,1299,private_third_price.txt,2026-01-13_00-06-55-377654,00-08-10-261590,"Since this is the first round, I'll start by bidding a moderate amount to gauge the competition. Considering my private value is $28, I'll bid $15 to maximize my chances of winning and minimize my potential loss."
0,Bidder Charles,14,20.0,False,15.0,0,third_price_ipv_gemini,V10,meta-llama/Meta-Llama-3-8B-Instruct,deep_infra,0.5,3,1,seal,third,private,0.1,1299,private_third_price.txt,2026-01-13_00-06-55-377654,00-08-10-261590,"Given my private value of $14, I will bid aggressively to maximize my profit. Since this is the first round, I don't have any historical data to learn from. I will start by bidding a moderate amount, $20, to gauge the competition and leave room for adjustment in subsequent rounds."
0,Bidder Andy,26,10.0,False,4.0,0,third_price_ipv_gemini,V10,meta-llama/Meta-Llama-3-8B-Instruct,deep_infra,0.5,3,1,seal,third,private,0.1,1299,private_third_price.txt,2026-01-13_00-06-55-377654,00-08-14-195410,"Since this is the first round, I'll start with a conservative bid to gauge the competition. I'll bid $10, which is a low but not extremely low bid. This will allow me to get a sense of the other bidders' values and adjust my strategy accordingly."
0,Bidder Betty,18,4.0,False,4.0,0,third_price_ipv_gemini,V10,meta-llama/Meta-Llama-3-8B-Instruct,deep_infra,0.5,3,1,seal,third,private,0.1,1299,private_third_price.txt,2026-01-13_00-06-55-377654,00-08-14-195410,"Given my private value of $18, I will employ a conservative strategy to maximize profit. Since this is the first round, I don't have any historical data to rely on. I will start with a relatively low bid to gauge the competition. I will bid $4, as it is a small amount that is unlikely to deter other bidders, but still gives me a chance to win."
0,Bidder Charles,21,15.0,True,4.0,17.0,third_price_ipv_gemini,V10,meta-llama/Meta-Llama-3-8B-Instruct,deep_infra,0.5,3,1,seal,third,private,0.1,1299,private_third_price.txt,2026-01-13_00-06-55-377654,00-08-14-195410,"Since this is the first round, I'll start by bidding a moderate amount to gauge the other bidders' behavior. Considering my private value is $21, I'll bid $15 to have a reasonable chance of winning and minimize losses if I don't win. I'll also keep an eye on the other bidders' bids to adjust my strategy accordingly."
0,Bidder Andy,30,15.0,True,14.0,16.0,third_price_ipv_gemini,V10,meta-llama/Meta-Llama-3-8B-Instruct,deep_infra,0.5,3,1,seal,third,private,0.1,1299,private_third_price.txt,2026-01-13_00-06-55-377654,00-08-14-740714,"Since this is the first round, I'll start by bidding a moderate amount to gauge the competition. I'll bid $15, which is below my private value of $30. This will allow me to observe the other bidders' behavior and adjust my strategy accordingly."
0,Bidder Betty,28,15.0,False,14.0,0,third_price_ipv_gemini,V10,meta-llama/Meta-Llama-3-8B-Instruct,deep_infra,0.5,3,1,seal,third,private,0.1,1299,private_third_price.txt,2026-01-13_00-06-55-377654,00-08-14-740714,"Since this is the first round, I'll start by bidding a moderate amount to gauge the competition. Considering my private value is $28, I'll bid $15 to maximize my chances of winning and minimize my potential loss."
0,Bidder Charles,22,14.0,False,14.0,0,third_price_ipv_gemini,V10,meta-llama/Meta-Llama-3-8B-Instruct,deep_infra,0.5,3,1,seal,third,private,0.1,1299,private_third_price.txt,2026-01-13_00-06-55-377654,00-08-14-740714,"Since this is the first round, I'll start by bidding a moderate amount to gauge the competition. I'll bid $14, which is low enough to have a good chance of winning, but high enough to signal my interest in the prize. I'll observe the other bidders' strategies and adjust my bidding accordingly in subsequent rounds."
0,Bidder Andy,30,15.0,False,14.0,0,third_price_ipv_gemini,V10,meta-llama/Meta-Llama-3-8B-Instruct,deep_infra,0.5,3,1,seal,third,private,0.1,1299,private_third_price.txt,2026-01-13_00-06-55-377654,00-08-15-611475,"Since this is the first round, I'll start by bidding a moderate amount to gauge the competition. I'll bid $15, which is below my private value of $30. This will allow me to observe the other bidders' behavior and adjust my strategy accordingly."
0,Bidder Betty,28,15.0,True,14.0,14.0,third_price_ipv_gemini,V10,meta-llama/Meta-Llama-3-8B-Instruct,deep_infra,0.5,3,1,seal,third,private,0.1,1299,private_third_price.txt,2026-01-13_00-06-55-377654,00-08-15-611475,"Since this is the first round, I'll start by bidding a moderate amount to gauge the competition. Considering my private value is $28, I'll bid $15 to maximize my chances of winning and minimize my potential loss."
0,Bidder Charles,24,14.0,False,14.0,0,third_price_ipv_gemini,V10,meta-llama/Meta-Llama-3-8B-Instruct,deep_infra,0.5,3,1,seal,third,private,0.1,1299,private_third_price.txt,2026-01-13_00-06-55-377654,00-08-15-611475,"Since this is the first round, I'll start by bidding a moderate amount to gauge the competition. Given my value is $24, I'll aim to bid low enough to have a chance of winning while also leaving room for future rounds. I'll bid $14, which is below my value but still competitive."
0,Bidder Andy,48,44.0,True,10.0,38.0,third_price_ipv_gemini,V10,meta-llama/Meta-Llama-3-8B-Instruct,deep_infra,0.5,3,1,seal,third,private,0.1,1299,private_third_price.txt,2026-01-13_00-06-55-377654,00-08-20-759027,"As the first round, I'll bid strategically to maximize my profit. Since my value is $48, I'll bid $44 to avoid overbidding and minimize potential losses. I'll observe the bids from other players and adjust my strategy accordingly in subsequent rounds."
0,Bidder Betty,38,10.0,False,10.0,0,third_price_ipv_gemini,V10,meta-llama/Meta-Llama-3-8B-Instruct,deep_infra,0.5,3,1,seal,third,private,0.1,1299,private_third_price.txt,2026-01-13_00-06-55-377654,00-08-20-759027,"As the first round, I will bid conservatively to gather information. Since my private value is $38, I will bid $10. This will allow me to learn about the other bidders' values and adjust my strategy accordingly. I will observe the bids and adjust my strategy for the next round."
0,Bidder Charles,12,14.0,False,10.0,0,third_price_ipv_gemini,V10,meta-llama/Meta-Llama-3-8B-Instruct,deep_infra,0.5,3,1,seal,third,private,0.1,1299,private_third_price.txt,2026-01-13_00-06-55-377654,00-08-20-759027,"Since this is the first round, I'll start by bidding a moderate amount to gauge the competition. Considering my private value is $12, I'll bid $14, which is slightly above the expected average bid. This will also leave some room for adjustment in future rounds if needed."
0,Bidder Andy,31,29.0,True,1.0,30.0,third_price_ipv_gemini,V10,meta-llama/Meta-Llama-3-8B-Instruct,deep_infra,0.5,3,1,seal,third,private,0.1,1299,private_third_price.txt,2026-01-13_00-06-55-377654,00-08-24-623427,"Given my private value of $31, I will bid strategically to maximize my profit. Since this is the first round, I will bid relatively high to gauge the competition. I will bid $29, which is high enough to take a chance at winning but low enough to minimize potential losses."
0,Bidder Betty,6,3.0,False,1.0,0,third_price_ipv_gemini,V10,meta-llama/Meta-Llama-3-8B-Instruct,deep_infra,0.5,3,1,seal,third,private,0.1,1299,private_third_price.txt,2026-01-13_00-06-55-377654,00-08-24-623427,"Since this is the first round, I'll start by bidding a moderate amount to gauge the competition. I'll bid $3, which is a safe starting point, allowing me to learn from the other bidders' responses and adjust my strategy accordingly."
0,Bidder Charles,0,1.0,False,1.0,0,third_price_ipv_gemini,V10,meta-llama/Meta-Llama-3-8B-Instruct,deep_infra,0.5,3,1,seal,third,private,0.1,1299,private_third_price.txt,2026-01-13_00-06-55-377654,00-08-24-623427,"Since my private value is $0, I'll bid strategically to maximize my profit. I'll start with a low bid to minimize potential losses and observe the competition. If I win, I'll pay a low bid, and if I don't, I'll pay nothing. My goal is to learn from the other bidders' strategies and adapt for the next round."
0,Bidder Andy,14,29.0,True,10.0,4.0,third_price_ipv_gemini,V10,meta-llama/Meta-Llama-3-8B-Instruct,deep_infra,0.5,3,1,seal,third,private,0.1,1299,private_third_price.txt,2026-01-13_00-06-55-377654,00-08-25-231952,"Since this is the first round, I will bid strategically to maximize profit. I will bid a moderate amount, taking into account the private value of $14. I will bid higher than the expected average value of $24.5 to increase the chances of winning. However, I will not bid too high, as the third-highest bid will be subtracted from my earnings if I win. I will bid $29, which is above the expected average but not too high."
0,Bidder Betty,34,10.0,False,10.0,0,third_price_ipv_gemini,V10,meta-llama/Meta-Llama-3-8B-Instruct,deep_infra,0.5,3,1,seal,third,private,0.1,1299,private_third_price.txt,2026-01-13_00-06-55-377654,00-08-25-231952,"Since this is the first round, I'll start with a conservative bid to gather information about the other bidders. I'll bid $10, a value that is likely to be below the other bidders' values. This will allow me to learn more about their bidding strategies and adjust my bid accordingly in future rounds."
0,Bidder Charles,33,15.0,False,10.0,0,third_price_ipv_gemini,V10,meta-llama/Meta-Llama-3-8B-Instruct,deep_infra,0.5,3,1,seal,third,private,0.1,1299,private_third_price.txt,2026-01-13_00-06-55-377654,00-08-25-231952,"Since this is the first round, I'll start by bidding a moderate amount to gauge the competition. Given my private value of $33, I'll bid $15, which is below my value but still competitive. This will allow me to observe the bids of others and adjust my strategy accordingly."
0,Bidder Andy,9,4.5,False,4.5,0,third_price_ipv_gemini,V10,meta-llama/Meta-Llama-3-8B-Instruct,deep_infra,0.5,3,1,seal,third,private,0.1,1299,private_third_price.txt,2026-01-13_00-06-55-377654,00-08-26-084319,"Since this is the first round, I'll start by bidding a moderate amount to gauge the competition. Given my private value of $9, I'll aim to bid slightly higher than the expected average value. I'll bid $4.50 to balance my risk and potential reward."
0,Bidder Betty,40,8.0,False,4.5,0,third_price_ipv_gemini,V10,meta-llama/Meta-Llama-3-8B-Instruct,deep_infra,0.5,3,1,seal,third,private,0.1,1299,private_third_price.txt,2026-01-13_00-06-55-377654,00-08-26-084319,"As a new round, I'll start with a conservative bid to learn more about the competition. Since my private value is $40, I'll bid a small amount above the expected average to increase my chances of winning. I'll bid $8, which is a common starting point, to gauge the competition's behavior."
0,Bidder Charles,32,20.0,True,4.5,27.5,third_price_ipv_gemini,V10,meta-llama/Meta-Llama-3-8B-Instruct,deep_infra,0.5,3,1,seal,third,private,0.1,1299,private_third_price.txt,2026-01-13_00-06-55-377654,00-08-26-084319,"As a new round, I will start by bidding a moderate amount to gauge the competition. Given my private value of $32, I will bid $20 to ensure I have a chance to win while keeping the potential loss manageable. I will observe the other bids and adjust my strategy accordingly."
0,Bidder Andy,25,15.0,False,4.1,0,third_price_ipv_gemini,V10,meta-llama/Meta-Llama-3-8B-Instruct,deep_infra,0.5,3,1,seal,third,private,0.1,1299,private_third_price.txt,2026-01-13_00-06-55-377654,00-08-31-368910,"Since this is the first round, I'll start by bidding a moderate amount to gauge the competition. Considering my private value is $25, I'll bid $15 to leave room for adjustments in future rounds. I'll observe the bids and adjust my strategy accordingly."
0,Bidder Betty,31,15.0,True,4.1,26.9,third_price_ipv_gemini,V10,meta-llama/Meta-Llama-3-8B-Instruct,deep_infra,0.5,3,1,seal,third,private,0.1,1299,private_third_price.txt,2026-01-13_00-06-55-377654,00-08-31-368910,"Since this is the first round, I'll start by bidding a moderate amount to get a sense of the competition. I'll bid $15, which is slightly above the average value of $25. This will give me a chance to win without committing too much. If I win, I'll pay the third-highest bid, which is likely to be around $10. If I lose, I'll start with a lower bid in the next round."
0,Bidder Charles,9,4.1,False,4.1,0,third_price_ipv_gemini,V10,meta-llama/Meta-Llama-3-8B-Instruct,deep_infra,0.5,3,1,seal,third,private,0.1,1299,private_third_price.txt,2026-01-13_00-06-55-377654,00-08-31-368910,"Since this is the first round, I'll start with a conservative bid to gauge the competition. As my private value is $9, I'll bid $4.10, which is slightly above the minimum bid but still relatively low. This will allow me to get a sense of the other bidders' strategies without committing to a high bid."
0,Bidder Andy,22,15.0,True,5.0,17.0,third_price_ipv_gemini,V10,meta-llama/Meta-Llama-3-8B-Instruct,deep_infra,0.5,3,1,seal,third,private,0.1,1299,private_third_price.txt,2026-01-13_00-06-55-377654,00-08-34-986121,"As this is the first round, I will start by bidding a moderate amount to gain information about the other bidders. Since my private value is $22, I will bid $15 to keep my options open while also trying to attract the other bidders to bid higher."
0,Bidder Betty,15,10.0,False,5.0,0,third_price_ipv_gemini,V10,meta-llama/Meta-Llama-3-8B-Instruct,deep_infra,0.5,3,1,seal,third,private,0.1,1299,private_third_price.txt,2026-01-13_00-06-55-377654,00-08-34-986121,"Since this is the first round, I will start by bidding a moderate amount to gauge the competition. Given my private value of $15, I will bid $10, which is slightly below my value but still competitive. This will allow me to gain information about the other bidders' values and adjust my strategy accordingly."
0,Bidder Charles,10,5.0,False,5.0,0,third_price_ipv_gemini,V10,meta-llama/Meta-Llama-3-8B-Instruct,deep_infra,0.5,3,1,seal,third,private,0.1,1299,private_third_price.txt,2026-01-13_00-06-55-377654,00-08-34-986121,"Since this is the first round, I'll start by bidding a moderate amount to gauge the competition. Given my private value of $10, I'll bid $5 to keep my options open and avoid overcommitting. I'll observe the bids and adjust my strategy accordingly in subsequent rounds."
0,Bidder Andy,36,14.0,False,14.0,0,third_price_ipv_gemini,V10,meta-llama/Meta-Llama-3-8B-Instruct,deep_infra,0.5,3,1,seal,third,private,0.1,1299,private_third_price.txt,2026-01-13_00-06-55-377654,00-08-36-959669,"Since this is the first round, I will start by bidding a moderate amount to gather information about the other bidders' values. I will bid $14.00, which is not too high and not too low, to test the waters and get a sense of the competition."
0,Bidder Betty,33,22.0,False,14.0,0,third_price_ipv_gemini,V10,meta-llama/Meta-Llama-3-8B-Instruct,deep_infra,0.5,3,1,seal,third,private,0.1,1299,private_third_price.txt,2026-01-13_00-06-55-377654,00-08-36-959669,"Since this is the first round, I'll start by bidding a moderate amount to gauge the competition. Considering the private value is $33, I'll bid $22, which is below my value and allows for some room to adjust in future rounds."
0,Bidder Charles,31,23.0,True,14.0,17.0,third_price_ipv_gemini,V10,meta-llama/Meta-Llama-3-8B-Instruct,deep_infra,0.5,3,1,seal,third,private,0.1,1299,private_third_price.txt,2026-01-13_00-06-55-377654,00-08-36-959669,"Since this is the first round, I'll start by bidding a moderate amount to gauge the competition. Given my private value is $31, I'll aim to bid slightly below the expected average value of $25. I'll bid $23, hoping to win and pay the third-highest bid, which could be around $10-15, depending on the other bidders' values."
0,Bidder Andy,3,1.0,False,1.0,0,third_price_ipv_gemini,V10,meta-llama/Meta-Llama-3-8B-Instruct,deep_infra,0.5,3,1,seal,third,private,0.1,1299,private_third_price.txt,2026-01-13_00-06-55-377654,00-08-40-320129,"Since this is the first round, I'll start by bidding a reasonable amount to gauge the competition. Given my private value of $3, I'll bid $1.00, which is a low enough amount to not scare off the other bidders, but still shows my interest in the prize."
0,Bidder Betty,24,12.0,True,1.0,23.0,third_price_ipv_gemini,V10,meta-llama/Meta-Llama-3-8B-Instruct,deep_infra,0.5,3,1,seal,third,private,0.1,1299,private_third_price.txt,2026-01-13_00-06-55-377654,00-08-40-320129,"Since this is the first round, I'll start by bidding a moderate amount to gauge the competition. Given my private value of $24, I'll bid $12 to ensure I have a chance of winning while keeping the third-highest bid relatively low. I'll monitor the bids and adjust my strategy accordingly."
0,Bidder Charles,11,5.0,False,1.0,0,third_price_ipv_gemini,V10,meta-llama/Meta-Llama-3-8B-Instruct,deep_infra,0.5,3,1,seal,third,private,0.1,1299,private_third_price.txt,2026-01-13_00-06-55-377654,00-08-40-320129,"Since this is the first round, I'll start by bidding a moderate amount to get a sense of the competition. Considering my private value is $11, I'll bid $5 to leave room for adjustment in subsequent rounds. I'll also observe the bids of other players to refine my strategy for the next round, if any."
0,Bidder Andy,31,29.0,False,1.0,0,third_price_ipv_gemini,V10,meta-llama/Meta-Llama-3-8B-Instruct,deep_infra,0.5,3,1,seal,third,private,0.1,1299,private_third_price.txt,2026-01-13_00-06-55-377654,00-08-42-237961,"Given my private value of $31, I will bid strategically to maximize my profit. Since this is the first round, I will bid relatively high to gauge the competition. I will bid $29, which is high enough to take a chance at winning but low enough to minimize potential losses."
0,Bidder Betty,22,1.0,False,1.0,0,third_price_ipv_gemini,V10,meta-llama/Meta-Llama-3-8B-Instruct,deep_infra,0.5,3,1,seal,third,private,0.1,1299,private_third_price.txt,2026-01-13_00-06-55-377654,00-08-42-237961,"Since this is the first round, I'll start by bidding $1 to minimize my potential loss. As I learn more about the distribution of values, I'll adjust my bidding strategy to maximize my profit in the long run."
0,Bidder Charles,40,30.0,True,1.0,39.0,third_price_ipv_gemini,V10,meta-llama/Meta-Llama-3-8B-Instruct,deep_infra,0.5,3,1,seal,third,private,0.1,1299,private_third_price.txt,2026-01-13_00-06-55-377654,00-08-42-237961,"Since this is the first round, I'll start by bidding a moderate amount to gauge the competition. Since my private value is $40, I'll bid $30 to leave some room for potential errors. This bid also allows me to potentially win the auction and pay a relatively low price if I'm not the highest bidder. I'll observe the bids and adjust my strategy accordingly for the next round (if any)."
0,Bidder Andy,42,4.1,False,4.1,0,third_price_ipv_gemini,V10,meta-llama/Meta-Llama-3-8B-Instruct,deep_infra,0.5,3,1,seal,third,private,0.1,1299,private_third_price.txt,2026-01-13_00-06-55-377654,00-08-45-456187,"As the first round, I will start with a conservative bid to minimize losses. Since my private value is $42, I'll bid $4.10, which is slightly above the expected average value. This will allow me to learn more about the other bidders' values and adjust my strategy accordingly. If I win, I'll earn $42 - $4.10 = $37.90. If I lose, my earnings remain unchanged. This strategy aims to maximize my long-term profit by minimizing risks and adapting to the auction dynamics."
0,Bidder Betty,29,10.0,False,4.1,0,third_price_ipv_gemini,V10,meta-llama/Meta-Llama-3-8B-Instruct,deep_infra,0.5,3,1,seal,third,private,0.1,1299,private_third_price.txt,2026-01-13_00-06-55-377654,00-08-45-456187,"Since this is the first round, I'll start with a conservative bid to minimize losses. I'll bid $10, allowing me to learn the bids of the other players and adjust accordingly. This bid is also close enough to my value to potentially win but not so high that I risk losing."
0,Bidder Charles,48,20.0,True,4.1,43.9,third_price_ipv_gemini,V10,meta-llama/Meta-Llama-3-8B-Instruct,deep_infra,0.5,3,1,seal,third,private,0.1,1299,private_third_price.txt,2026-01-13_00-06-55-377654,00-08-45-456187,"Since this is the first round, I'll start by bidding a moderate amount to gauge the competition. Considering my private value is $48, I'll bid $20 to leave room for potential overbidding. This will also allow me to adjust my strategy based on the other bidders' responses."
0,Bidder Andy,47,20.0,False,20.0,0,third_price_ipv_gemini,V10,meta-llama/Meta-Llama-3-8B-Instruct,deep_infra,0.5,3,1,seal,third,private,0.1,1299,private_third_price.txt,2026-01-13_00-06-55-377654,00-08-57-754571,"Since this is the first round, I'll start by bidding a moderate amount to gauge the competition. Given my private value of $47, I'll bid $20, which is below my value but still competitive. This will allow me to gather information about the other bidders' values without committing too much."
0,Bidder Betty,33,22.0,True,20.0,13.0,third_price_ipv_gemini,V10,meta-llama/Meta-Llama-3-8B-Instruct,deep_infra,0.5,3,1,seal,third,private,0.1,1299,private_third_price.txt,2026-01-13_00-06-55-377654,00-08-57-754571,"Since this is the first round, I'll start by bidding a moderate amount to gauge the competition. Considering the private value is $33, I'll bid $22, which is below my value and allows for some room to adjust in future rounds."
0,Bidder Charles,36,20.0,False,20.0,0,third_price_ipv_gemini,V10,meta-llama/Meta-Llama-3-8B-Instruct,deep_infra,0.5,3,1,seal,third,private,0.1,1299,private_third_price.txt,2026-01-13_00-06-55-377654,00-08-57-754571,"Since this is the first round, I'll start by bidding a moderate amount to gauge the competition. I'll bid $20, which is a reasonable starting point given my private value of $36. This will also allow me to observe the bids of other players and adjust my strategy accordingly."
0,Bidder Andy,32,4.0,False,3.0,0,third_price_ipv_gemini,V10,meta-llama/Meta-Llama-3-8B-Instruct,deep_infra,0.5,3,1,seal,third,private,0.1,1299,private_third_price.txt,2026-01-13_00-06-55-377654,00-08-57-903911,"Since this is the first round, I'll start with a conservative bid to minimize losses. I'll bid $4, as it's a low-risk option that gives me a chance to learn more about the other bidders' strategies. I'll also keep an eye on the competition's bids to adjust my strategy accordingly."
0,Bidder Betty,6,3.0,False,3.0,0,third_price_ipv_gemini,V10,meta-llama/Meta-Llama-3-8B-Instruct,deep_infra,0.5,3,1,seal,third,private,0.1,1299,private_third_price.txt,2026-01-13_00-06-55-377654,00-08-57-903911,"Since this is the first round, I'll start by bidding a moderate amount to gauge the competition. I'll bid $3, which is a safe starting point, allowing me to learn from the other bidders' responses and adjust my strategy accordingly."
0,Bidder Charles,17,25.0,True,3.0,14.0,third_price_ipv_gemini,V10,meta-llama/Meta-Llama-3-8B-Instruct,deep_infra,0.5,3,1,seal,third,private,0.1,1299,private_third_price.txt,2026-01-13_00-06-55-377654,00-08-57-903911,"Since this is the first round, I'll start by bidding a moderate amount to gauge the competition. Given my private value of $17, I'll aim to bid above the median value of $24.5 to increase my chances of winning. I'll start with a bid of $25, which is slightly above the median and within the optimal range."
0,Bidder Andy,39,20.0,False,10.0,0,third_price_ipv_gemini,V10,meta-llama/Meta-Llama-3-8B-Instruct,deep_infra,0.5,3,1,seal,third,private,0.1,1299,private_third_price.txt,2026-01-13_00-06-55-377654,00-09-00-280532,"Since this is the first round, I'll start by bidding a moderate amount to gauge the competition. Given my private value of $39, I'll bid $20 to maximize my chances of winning while keeping the third-highest bid relatively low."
0,Bidder Betty,34,10.0,False,10.0,0,third_price_ipv_gemini,V10,meta-llama/Meta-Llama-3-8B-Instruct,deep_infra,0.5,3,1,seal,third,private,0.1,1299,private_third_price.txt,2026-01-13_00-06-55-377654,00-09-00-280532,"Since this is the first round, I'll start with a conservative bid to gather information about the other bidders. I'll bid $10, a value that is likely to be below the other bidders' values. This will allow me to learn more about their bidding strategies and adjust my bid accordingly in future rounds."
0,Bidder Charles,45,20.0,True,10.0,35.0,third_price_ipv_gemini,V10,meta-llama/Meta-Llama-3-8B-Instruct,deep_infra,0.5,3,1,seal,third,private,0.1,1299,private_third_price.txt,2026-01-13_00-06-55-377654,00-09-00-280532,"Since this is the first round, I will start by bidding a moderate amount to gauge the competition. Considering my private value is $45, I will bid $20 to leave room for potential overbidding. This strategy allows me to maximize my chances of winning while minimizing my potential loss."
0,Bidder Andy,49,20.0,False,14.0,0,third_price_ipv_gemini,V10,meta-llama/Meta-Llama-3-8B-Instruct,deep_infra,0.5,3,1,seal,third,private,0.1,1299,private_third_price.txt,2026-01-13_00-06-55-377654,00-09-05-748797,"Since this is the first round, I'll start by bidding a moderate amount to gauge the competition. Given that my private value is $49, I'll bid $20 to leave room for potential bids from other bidders while still being competitive. I'll observe their bids and adjust my strategy accordingly for the next rounds."
0,Bidder Betty,44,22.0,True,14.0,30.0,third_price_ipv_gemini,V10,meta-llama/Meta-Llama-3-8B-Instruct,deep_infra,0.5,3,1,seal,third,private,0.1,1299,private_third_price.txt,2026-01-13_00-06-55-377654,00-09-05-748797,"Since this is the first round, I'll start by bidding a moderate amount to test the waters. I'll bid $22, which is slightly above the midpoint of the possible bids. This will give me an idea of the competition and allow me to adjust my strategy accordingly."
0,Bidder Charles,22,14.0,False,14.0,0,third_price_ipv_gemini,V10,meta-llama/Meta-Llama-3-8B-Instruct,deep_infra,0.5,3,1,seal,third,private,0.1,1299,private_third_price.txt,2026-01-13_00-06-55-377654,00-09-05-748797,"Since this is the first round, I'll start by bidding a moderate amount to gauge the competition. I'll bid $14, which is low enough to have a good chance of winning, but high enough to signal my interest in the prize. I'll observe the other bidders' strategies and adjust my bidding accordingly in subsequent rounds."
0,Bidder Andy,40,20.0,False,1.0,0,third_price_ipv_gemini,V10,meta-llama/Meta-Llama-3-8B-Instruct,deep_infra,0.5,3,1,seal,third,private,0.1,1299,private_third_price.txt,2026-01-13_00-06-55-377654,00-09-09-071654,"Since this is the first round, I will bid a moderate amount to get a sense of the competition. Given my private value is $40, I will bid $20 to minimize losses and maximize potential gains. I will observe the bids and adjust my strategy accordingly in future rounds."
0,Bidder Betty,13,1.0,False,1.0,0,third_price_ipv_gemini,V10,meta-llama/Meta-Llama-3-8B-Instruct,deep_infra,0.5,3,1,seal,third,private,0.1,1299,private_third_price.txt,2026-01-13_00-06-55-377654,00-09-09-071654,"Since this is the first round, I'll start with a conservative bid to gauge the competition. I'll bid $1, hoping to win and pay a low price. If I don't win, I'll learn from the other bidders' strategies and adjust my bid accordingly."
0,Bidder Charles,17,25.0,True,1.0,16.0,third_price_ipv_gemini,V10,meta-llama/Meta-Llama-3-8B-Instruct,deep_infra,0.5,3,1,seal,third,private,0.1,1299,private_third_price.txt,2026-01-13_00-06-55-377654,00-09-09-071654,"Since this is the first round, I'll start by bidding a moderate amount to gauge the competition. Given my private value of $17, I'll aim to bid above the median value of $24.5 to increase my chances of winning. I'll start with a bid of $25, which is slightly above the median and within the optimal range."
0,Bidder Andy,22,15.0,True,5.0,17.0,third_price_ipv_gemini,V10,meta-llama/Meta-Llama-3-8B-Instruct,deep_infra,0.5,3,1,seal,third,private,0.1,1299,private_third_price.txt,2026-01-13_00-06-55-377654,00-09-11-915861,"As this is the first round, I will start by bidding a moderate amount to gain information about the other bidders. Since my private value is $22, I will bid $15 to keep my options open while also trying to attract the other bidders to bid higher."
0,Bidder Betty,34,10.0,False,5.0,0,third_price_ipv_gemini,V10,meta-llama/Meta-Llama-3-8B-Instruct,deep_infra,0.5,3,1,seal,third,private,0.1,1299,private_third_price.txt,2026-01-13_00-06-55-377654,00-09-11-915861,"Since this is the first round, I'll start with a conservative bid to gather information about the other bidders. I'll bid $10, a value that is likely to be below the other bidders' values. This will allow me to learn more about their bidding strategies and adjust my bid accordingly in future rounds."
0,Bidder Charles,10,5.0,False,5.0,0,third_price_ipv_gemini,V10,meta-llama/Meta-Llama-3-8B-Instruct,deep_infra,0.5,3,1,seal,third,private,0.1,1299,private_third_price.txt,2026-01-13_00-06-55-377654,00-09-11-915861,"Since this is the first round, I'll start by bidding a moderate amount to gauge the competition. Given my private value of $10, I'll bid $5 to keep my options open and avoid overcommitting. I'll observe the bids and adjust my strategy accordingly in subsequent rounds."
0,Bidder Andy,28,20.0,True,1.0,27.0,third_price_ipv_gemini,V10,meta-llama/Meta-Llama-3-8B-Instruct,deep_infra,0.5,3,1,seal,third,private,0.1,1299,private_third_price.txt,2026-01-13_00-06-55-377654,00-09-13-789863,"Since this is the first round, I'll start by bidding a moderate amount to gauge the competition. Given my private value of $28, I'll bid $20, which is below my value but high enough to have a chance of winning. I'll observe the other bidders' strategies and adjust my bidding accordingly in subsequent rounds."
0,Bidder Betty,23,1.0,False,1.0,0,third_price_ipv_gemini,V10,meta-llama/Meta-Llama-3-8B-Instruct,deep_infra,0.5,3,1,seal,third,private,0.1,1299,private_third_price.txt,2026-01-13_00-06-55-377654,00-09-13-789863,"Since this is the first round, I'll start with a conservative bid to gather information and minimize losses. I'll bid $1, as it's a low-risk and low-reward option. This will allow me to observe the other bidders' strategies and adjust my approach for future rounds."
0,Bidder Charles,36,20.0,False,1.0,0,third_price_ipv_gemini,V10,meta-llama/Meta-Llama-3-8B-Instruct,deep_infra,0.5,3,1,seal,third,private,0.1,1299,private_third_price.txt,2026-01-13_00-06-55-377654,00-09-13-789863,"Since this is the first round, I'll start by bidding a moderate amount to gauge the competition. I'll bid $20, which is a reasonable starting point given my private value of $36. This will also allow me to observe the bids of other players and adjust my strategy accordingly."
0,Bidder Andy,4,1.0,False,1.0,0,third_price_ipv_gemini,V10,meta-llama/Meta-Llama-3-8B-Instruct,deep_infra,0.5,3,1,seal,third,private,0.1,1299,private_third_price.txt,2026-01-13_00-06-55-377654,00-09-20-468981,"Since this is the first round, I'll start by bidding conservatively to minimize losses. Given my value of $4, I'll bid $1 to maximize my expected profit. I'll observe the other bidders' bids and adjust my strategy accordingly in future rounds."
0,Bidder Betty,23,1.0,False,1.0,0,third_price_ipv_gemini,V10,meta-llama/Meta-Llama-3-8B-Instruct,deep_infra,0.5,3,1,seal,third,private,0.1,1299,private_third_price.txt,2026-01-13_00-06-55-377654,00-09-20-468981,"Since this is the first round, I'll start with a conservative bid to gather information and minimize losses. I'll bid $1, as it's a low-risk and low-reward option. This will allow me to observe the other bidders' strategies and adjust my approach for future rounds."
0,Bidder Charles,32,20.0,True,1.0,31.0,third_price_ipv_gemini,V10,meta-llama/Meta-Llama-3-8B-Instruct,deep_infra,0.5,3,1,seal,third,private,0.1,1299,private_third_price.txt,2026-01-13_00-06-55-377654,00-09-20-468981,"As a new round, I will start by bidding a moderate amount to gauge the competition. Given my private value of $32, I will bid $20 to ensure I have a chance to win while keeping the potential loss manageable. I will observe the other bids and adjust my strategy accordingly."
0,Bidder Andy,21,20.0,True,1.0,20.0,third_price_ipv_gemini,V10,meta-llama/Meta-Llama-3-8B-Instruct,deep_infra,0.5,3,1,seal,third,private,0.1,1299,private_third_price.txt,2026-01-13_00-06-55-377654,00-09-22-494952,"As this is the first round, I'll start by bidding a moderate amount to gauge the competition. Since my value is $21, I'll bid $20 to maximize my potential earnings. I'll also keep an eye on the other bidders' strategies to adjust my approach in future rounds."
0,Bidder Betty,22,1.0,False,1.0,0,third_price_ipv_gemini,V10,meta-llama/Meta-Llama-3-8B-Instruct,deep_infra,0.5,3,1,seal,third,private,0.1,1299,private_third_price.txt,2026-01-13_00-06-55-377654,00-09-22-494952,"Since this is the first round, I'll start by bidding $1 to minimize my potential loss. As I learn more about the distribution of values, I'll adjust my bidding strategy to maximize my profit in the long run."
0,Bidder Charles,13,7.0,False,1.0,0,third_price_ipv_gemini,V10,meta-llama/Meta-Llama-3-8B-Instruct,deep_infra,0.5,3,1,seal,third,private,0.1,1299,private_third_price.txt,2026-01-13_00-06-55-377654,00-09-22-494952,"As this is the first round, I'll adopt a conservative approach to maximize profit. I'll bid just above the expected average value to minimize the risk of losing and paying a high third-highest bid. Considering my private value is $13, I'll bid $7, leaving room for error and potential for profit."
0,Bidder Andy,26,10.0,False,10.0,0,third_price_ipv_gemini,V10,meta-llama/Meta-Llama-3-8B-Instruct,deep_infra,0.5,3,1,seal,third,private,0.1,1299,private_third_price.txt,2026-01-13_00-06-55-377654,00-09-23-877224,"Since this is the first round, I'll start with a conservative bid to gauge the competition. I'll bid $10, which is a low but not extremely low bid. This will allow me to get a sense of the other bidders' values and adjust my strategy accordingly."
0,Bidder Betty,31,15.0,True,10.0,21.0,third_price_ipv_gemini,V10,meta-llama/Meta-Llama-3-8B-Instruct,deep_infra,0.5,3,1,seal,third,private,0.1,1299,private_third_price.txt,2026-01-13_00-06-55-377654,00-09-23-877224,"Since this is the first round, I'll start by bidding a moderate amount to get a sense of the competition. I'll bid $15, which is slightly above the average value of $25. This will give me a chance to win without committing too much. If I win, I'll pay the third-highest bid, which is likely to be around $10. If I lose, I'll start with a lower bid in the next round."
0,Bidder Charles,24,14.0,False,10.0,0,third_price_ipv_gemini,V10,meta-llama/Meta-Llama-3-8B-Instruct,deep_infra,0.5,3,1,seal,third,private,0.1,1299,private_third_price.txt,2026-01-13_00-06-55-377654,00-09-23-877224,"Since this is the first round, I'll start by bidding a moderate amount to gauge the competition. Given my value is $24, I'll aim to bid low enough to have a chance of winning while also leaving room for future rounds. I'll bid $14, which is below my value but still competitive."
0,Bidder Andy,6,2.5,False,2.5,0,third_price_ipv_gemini,V10,meta-llama/Meta-Llama-3-8B-Instruct,deep_infra,0.5,3,1,seal,third,private,0.1,1299,private_third_price.txt,2026-01-13_00-06-55-377654,00-09-28-483879,"Since this is the first round and I don't have any history to learn from, I will start by bidding a moderate amount to get a sense of the competition. I will bid $2.50, which is a relatively low amount that should give me a good chance of winning without committing too much."
0,Bidder Betty,40,8.0,False,2.5,0,third_price_ipv_gemini,V10,meta-llama/Meta-Llama-3-8B-Instruct,deep_infra,0.5,3,1,seal,third,private,0.1,1299,private_third_price.txt,2026-01-13_00-06-55-377654,00-09-28-483879,"As a new round, I'll start with a conservative bid to learn more about the competition. Since my private value is $40, I'll bid a small amount above the expected average to increase my chances of winning. I'll bid $8, which is a common starting point, to gauge the competition's behavior."
0,Bidder Charles,28,20.0,True,2.5,25.5,third_price_ipv_gemini,V10,meta-llama/Meta-Llama-3-8B-Instruct,deep_infra,0.5,3,1,seal,third,private,0.1,1299,private_third_price.txt,2026-01-13_00-06-55-377654,00-09-28-483879,"Since this is the first round, I will start by bidding a moderate amount to maximize my chances of winning. Given my private value of $28, I will bid $20, which is slightly above the midpoint of the possible bids. This will allow me to win the auction while keeping my potential losses low in case I don't win."
0,Bidder Andy,19,24.9,True,4.1,14.9,third_price_ipv_gemini,V10,meta-llama/Meta-Llama-3-8B-Instruct,deep_infra,0.5,3,1,seal,third,private,0.1,1299,private_third_price.txt,2026-01-13_00-06-55-377654,00-09-34-218029,"As this is the first round, I'll start by bidding a moderate amount to test the waters. Since my private value is $19, I'll bid a little above the midpoint, $24.9, to maximize my chances of winning while minimizing my potential loss."
0,Bidder Betty,44,22.0,False,4.1,0,third_price_ipv_gemini,V10,meta-llama/Meta-Llama-3-8B-Instruct,deep_infra,0.5,3,1,seal,third,private,0.1,1299,private_third_price.txt,2026-01-13_00-06-55-377654,00-09-34-218029,"Since this is the first round, I'll start by bidding a moderate amount to test the waters. I'll bid $22, which is slightly above the midpoint of the possible bids. This will give me an idea of the competition and allow me to adjust my strategy accordingly."
0,Bidder Charles,43,4.1,False,4.1,0,third_price_ipv_gemini,V10,meta-llama/Meta-Llama-3-8B-Instruct,deep_infra,0.5,3,1,seal,third,private,0.1,1299,private_third_price.txt,2026-01-13_00-06-55-377654,00-09-34-218029,"Since this is the first round, I'll start with a conservative bid to gather information. I'll bid $4.10, which is a small positive bid to test the waters. This will allow me to learn the other bidders' values without committing too much."
0,Bidder Andy,31,29.0,False,24.0,0,third_price_ipv_gemini,V10,meta-llama/Meta-Llama-3-8B-Instruct,deep_infra,0.5,3,1,seal,third,private,0.1,1299,private_third_price.txt,2026-01-13_00-06-55-377654,00-09-35-572295,"Given my private value of $31, I will bid strategically to maximize my profit. Since this is the first round, I will bid relatively high to gauge the competition. I will bid $29, which is high enough to take a chance at winning but low enough to minimize potential losses."
0,Bidder Betty,46,24.0,False,24.0,0,third_price_ipv_gemini,V10,meta-llama/Meta-Llama-3-8B-Instruct,deep_infra,0.5,3,1,seal,third,private,0.1,1299,private_third_price.txt,2026-01-13_00-06-55-377654,00-09-35-572295,"Since this is the first round, I'll focus on learning the opponents' bidding patterns. I'll start by bidding a moderate amount, $24, to gauge their reactions. This bid is unlikely to win, but it will give me valuable information to adjust my strategy for the next round."
0,Bidder Charles,35,36.0,True,24.0,11.0,third_price_ipv_gemini,V10,meta-llama/Meta-Llama-3-8B-Instruct,deep_infra,0.5,3,1,seal,third,private,0.1,1299,private_third_price.txt,2026-01-13_00-06-55-377654,00-09-35-572295,"Since this is the first round, I'll start with a conservative bid to learn the opponents' behavior. I'll bid slightly above my private value to account for potential overbidding. I'll observe the bids and adjust my strategy accordingly in the next round."
0,Bidder Andy,24,20.0,True,4.1,19.9,third_price_ipv_gemini,V10,meta-llama/Meta-Llama-3-8B-Instruct,deep_infra,0.5,3,1,seal,third,private,0.1,1299,private_third_price.txt,2026-01-13_00-06-55-377654,00-09-37-470184,"As this is the first round, I will bid a moderate amount to gather information about the other bidders. Since my private value is $24, I will bid $20, which is slightly below my value. This will allow me to observe the other bidders' behavior and adjust my strategy accordingly."
0,Bidder Betty,9,4.1,False,4.1,0,third_price_ipv_gemini,V10,meta-llama/Meta-Llama-3-8B-Instruct,deep_infra,0.5,3,1,seal,third,private,0.1,1299,private_third_price.txt,2026-01-13_00-06-55-377654,00-09-37-470184,"Since this is the first round, I don't have any historical data to inform my bidding strategy. I will start by bidding a moderate amount to gauge the competition. Given my private value of $9, I will bid $4.10, which is slightly above the expected average bid of $2.50, but not too aggressive."
0,Bidder Charles,13,7.0,False,4.1,0,third_price_ipv_gemini,V10,meta-llama/Meta-Llama-3-8B-Instruct,deep_infra,0.5,3,1,seal,third,private,0.1,1299,private_third_price.txt,2026-01-13_00-06-55-377654,00-09-37-470184,"As this is the first round, I'll adopt a conservative approach to maximize profit. I'll bid just above the expected average value to minimize the risk of losing and paying a high third-highest bid. Considering my private value is $13, I'll bid $7, leaving room for error and potential for profit."
0,Bidder Andy,0,1.0,False,1.0,0,third_price_ipv_gemini,V10,meta-llama/Meta-Llama-3-8B-Instruct,deep_infra,0.5,3,1,seal,third,private,0.1,1299,private_third_price.txt,2026-01-13_00-06-55-377654,00-09-44-745083,"Since my private value is $0, I will bid strategically to maximize my profit. I will start with a low bid to minimize my losses, but not too low to avoid winning. I will bid $1."
0,Bidder Betty,18,4.0,False,1.0,0,third_price_ipv_gemini,V10,meta-llama/Meta-Llama-3-8B-Instruct,deep_infra,0.5,3,1,seal,third,private,0.1,1299,private_third_price.txt,2026-01-13_00-06-55-377654,00-09-44-745083,"Given my private value of $18, I will employ a conservative strategy to maximize profit. Since this is the first round, I don't have any historical data to rely on. I will start with a relatively low bid to gauge the competition. I will bid $4, as it is a small amount that is unlikely to deter other bidders, but still gives me a chance to win."
0,Bidder Charles,39,20.0,True,1.0,38.0,third_price_ipv_gemini,V10,meta-llama/Meta-Llama-3-8B-Instruct,deep_infra,0.5,3,1,seal,third,private,0.1,1299,private_third_price.txt,2026-01-13_00-06-55-377654,00-09-44-745083,"Since this is the first round, I will start by bidding a moderate amount to get a sense of the other bidders' behavior. I will bid $20, which is slightly above the expected average value of $25, but not too aggressive. This will allow me to gauge the competition and adjust my strategy accordingly."
0,Bidder Andy,31,29.0,True,0.1,30.9,third_price_ipv_gemini,V10,meta-llama/Meta-Llama-3-8B-Instruct,deep_infra,0.5,3,1,seal,third,private,0.1,1299,private_third_price.txt,2026-01-13_00-06-55-377654,00-09-46-371026,"Given my private value of $31, I will bid strategically to maximize my profit. Since this is the first round, I will bid relatively high to gauge the competition. I will bid $29, which is high enough to take a chance at winning but low enough to minimize potential losses."
0,Bidder Betty,47,5.0,False,0.1,0,third_price_ipv_gemini,V10,meta-llama/Meta-Llama-3-8B-Instruct,deep_infra,0.5,3,1,seal,third,private,0.1,1299,private_third_price.txt,2026-01-13_00-06-55-377654,00-09-46-371026,"Since this is the first round, I'll start with a conservative bid to minimize potential losses. I'll bid $5 to gauge the competition and leave room for future adjustments. I'll also keep an eye on Bidder Andy and Bidder Charles's bidding patterns to adapt my strategy accordingly."
0,Bidder Charles,1,0.1,False,0.1,0,third_price_ipv_gemini,V10,meta-llama/Meta-Llama-3-8B-Instruct,deep_infra,0.5,3,1,seal,third,private,0.1,1299,private_third_price.txt,2026-01-13_00-06-55-377654,00-09-46-371026,"Since this is the first round, I'll start with a conservative bid to get a feel for the competition. Given my private value of $1, I'll bid $0.1 to minimize potential losses. I'll observe the other bidders' bids and adjust my strategy accordingly in subsequent rounds."
0,Bidder Andy,10,5.0,True,2.1,7.9,third_price_ipv_gemini,V10,meta-llama/Meta-Llama-3-8B-Instruct,deep_infra,0.5,3,1,seal,third,private,0.1,1299,private_third_price.txt,2026-01-13_00-06-55-377654,00-09-48-081234,"Since this is the first round, I'll start with a conservative bid to gauge the competition. I'll bid $5, as it's a common starting point and allows me to learn more about the other bidders' strategies. I'll also keep in mind that my private value is $10, so I'm willing to pay up to $5 to win."
0,Bidder Betty,6,3.0,False,2.1,0,third_price_ipv_gemini,V10,meta-llama/Meta-Llama-3-8B-Instruct,deep_infra,0.5,3,1,seal,third,private,0.1,1299,private_third_price.txt,2026-01-13_00-06-55-377654,00-09-48-081234,"Since this is the first round, I'll start by bidding a moderate amount to gauge the competition. I'll bid $3, which is a safe starting point, allowing me to learn from the other bidders' responses and adjust my strategy accordingly."
0,Bidder Charles,4,2.1,False,2.1,0,third_price_ipv_gemini,V10,meta-llama/Meta-Llama-3-8B-Instruct,deep_infra,0.5,3,1,seal,third,private,0.1,1299,private_third_price.txt,2026-01-13_00-06-55-377654,00-09-48-081234,"Since this is the first round, I'll start by bidding a moderate amount to gauge the competition. With a private value of $4, I'll bid $2.10 to minimize potential losses and leave room for adjustments in future rounds."
0,Bidder Andy,19,24.9,True,15.0,4.0,third_price_ipv_gemini,V10,meta-llama/Meta-Llama-3-8B-Instruct,deep_infra,0.5,3,1,seal,third,private,0.1,1299,private_third_price.txt,2026-01-13_00-06-55-377654,00-09-54-224139,"As this is the first round, I'll start by bidding a moderate amount to test the waters. Since my private value is $19, I'll bid a little above the midpoint, $24.9, to maximize my chances of winning while minimizing my potential loss."
0,Bidder Betty,28,15.0,False,15.0,0,third_price_ipv_gemini,V10,meta-llama/Meta-Llama-3-8B-Instruct,deep_infra,0.5,3,1,seal,third,private,0.1,1299,private_third_price.txt,2026-01-13_00-06-55-377654,00-09-54-224139,"Since this is the first round, I'll start by bidding a moderate amount to gauge the competition. Considering my private value is $28, I'll bid $15 to maximize my chances of winning and minimize my potential loss."
0,Bidder Charles,2,15.0,False,15.0,0,third_price_ipv_gemini,V10,meta-llama/Meta-Llama-3-8B-Instruct,deep_infra,0.5,3,1,seal,third,private,0.1,1299,private_third_price.txt,2026-01-13_00-06-55-377654,00-09-54-224139,"Since this is the first round, I'll start by bidding a moderate amount to gather information about the other bidders. I'll bid $15, which is high enough to be competitive but low enough to be reasonable given my private value of $2. This will allow me to observe the other bidders' behavior and adjust my strategy accordingly."
0,Bidder Andy,13,20.0,True,4.1,8.9,third_price_ipv_gemini,V10,meta-llama/Meta-Llama-3-8B-Instruct,deep_infra,0.5,3,1,seal,third,private,0.1,1299,private_third_price.txt,2026-01-13_00-06-55-377654,00-09-59-853537,"Since this is the first round, I'll start by bidding a moderate amount to gather information about the other bidders. I'll bid $20, which is a reasonable starting point. This will allow me to learn more about the other bidders' values and adjust my strategy accordingly."
0,Bidder Betty,38,10.0,False,4.1,0,third_price_ipv_gemini,V10,meta-llama/Meta-Llama-3-8B-Instruct,deep_infra,0.5,3,1,seal,third,private,0.1,1299,private_third_price.txt,2026-01-13_00-06-55-377654,00-09-59-853537,"As the first round, I will bid conservatively to gather information. Since my private value is $38, I will bid $10. This will allow me to learn about the other bidders' values and adjust my strategy accordingly. I will observe the bids and adjust my strategy for the next round."
0,Bidder Charles,43,4.1,False,4.1,0,third_price_ipv_gemini,V10,meta-llama/Meta-Llama-3-8B-Instruct,deep_infra,0.5,3,1,seal,third,private,0.1,1299,private_third_price.txt,2026-01-13_00-06-55-377654,00-09-59-853537,"Since this is the first round, I'll start with a conservative bid to gather information. I'll bid $4.10, which is a small positive bid to test the waters. This will allow me to learn the other bidders' values without committing too much."
0,Bidder Andy,34,20.0,True,7.0,27.0,third_price_ipv_gemini,V10,meta-llama/Meta-Llama-3-8B-Instruct,deep_infra,0.5,3,1,seal,third,private,0.1,1299,private_third_price.txt,2026-01-13_00-06-55-377654,00-10-01-450221,"Since it's the first round, I'll bid a moderate amount to gather information about the other bidders. I'll bid $20, which is not too high and not too low, to gauge their responses. This will help me understand their bidding strategies and adjust my plan for future rounds."
0,Bidder Betty,7,14.0,False,7.0,0,third_price_ipv_gemini,V10,meta-llama/Meta-Llama-3-8B-Instruct,deep_infra,0.5,3,1,seal,third,private,0.1,1299,private_third_price.txt,2026-01-13_00-06-55-377654,00-10-01-450221,"Since this is the first round, I'll start by bidding a moderate amount to gauge the competition. I'll bid $14, which is slightly above the average value of $7. This will allow me to learn more about the other bidders' strategies and adjust my bidding accordingly in subsequent rounds."
0,Bidder Charles,13,7.0,False,7.0,0,third_price_ipv_gemini,V10,meta-llama/Meta-Llama-3-8B-Instruct,deep_infra,0.5,3,1,seal,third,private,0.1,1299,private_third_price.txt,2026-01-13_00-06-55-377654,00-10-01-450221,"As this is the first round, I'll adopt a conservative approach to maximize profit. I'll bid just above the expected average value to minimize the risk of losing and paying a high third-highest bid. Considering my private value is $13, I'll bid $7, leaving room for error and potential for profit."
0,Bidder Andy,43,20.0,True,1.0,42.0,third_price_ipv_gemini,V10,meta-llama/Meta-Llama-3-8B-Instruct,deep_infra,0.5,3,1,seal,third,private,0.1,1299,private_third_price.txt,2026-01-13_00-06-55-377654,00-10-03-141559,"Since this is the first round, I'll start by bidding a moderate amount to gauge the competition. I'll bid $20, which is higher than the minimum but lower than the maximum, to test the waters and get a sense of the other bidders' strategies."
0,Bidder Betty,23,1.0,False,1.0,0,third_price_ipv_gemini,V10,meta-llama/Meta-Llama-3-8B-Instruct,deep_infra,0.5,3,1,seal,third,private,0.1,1299,private_third_price.txt,2026-01-13_00-06-55-377654,00-10-03-141559,"Since this is the first round, I'll start with a conservative bid to gather information and minimize losses. I'll bid $1, as it's a low-risk and low-reward option. This will allow me to observe the other bidders' strategies and adjust my approach for future rounds."
0,Bidder Charles,9,4.1,False,1.0,0,third_price_ipv_gemini,V10,meta-llama/Meta-Llama-3-8B-Instruct,deep_infra,0.5,3,1,seal,third,private,0.1,1299,private_third_price.txt,2026-01-13_00-06-55-377654,00-10-03-141559,"Since this is the first round, I'll start with a conservative bid to gauge the competition. As my private value is $9, I'll bid $4.10, which is slightly above the minimum bid but still relatively low. This will allow me to get a sense of the other bidders' strategies without committing to a high bid."
0,Bidder Andy,15,10.0,False,10.0,0,third_price_ipv_gemini,V10,meta-llama/Meta-Llama-3-8B-Instruct,deep_infra,0.5,3,1,seal,third,private,0.1,1299,private_third_price.txt,2026-01-13_00-06-55-377654,00-10-09-895202,"Since this is the first round, I'll start by bidding a moderate amount to gauge the competition. Considering my private value is $15, I'll bid $10, which is below my value but not too low. This will give me an idea of the other bidders' strategies and allow me to adjust for future rounds."
0,Bidder Betty,48,40.0,True,10.0,38.0,third_price_ipv_gemini,V10,meta-llama/Meta-Llama-3-8B-Instruct,deep_infra,0.5,3,1,seal,third,private,0.1,1299,private_third_price.txt,2026-01-13_00-06-55-377654,00-10-09-895202,"Since this is the first round, I'll start by bidding a moderate amount to gauge the competition. Given my private value of $48, I'll aim to bid above the average value of $24.5, but not too high to minimize the risk of overpaying. I'll bid $40, which is a reasonable starting point."
0,Bidder Charles,42,24.0,False,10.0,0,third_price_ipv_gemini,V10,meta-llama/Meta-Llama-3-8B-Instruct,deep_infra,0.5,3,1,seal,third,private,0.1,1299,private_third_price.txt,2026-01-13_00-06-55-377654,00-10-09-895202,"Since this is the first round, I will start by bidding conservatively, taking into account the random nature of the values. I will bid around the midpoint of the possible range, which is $24.5. This will give me a good chance of winning while minimizing the potential loss if I don't win."
0,Bidder Andy,36,14.0,False,4.0,0,third_price_ipv_gemini,V10,meta-llama/Meta-Llama-3-8B-Instruct,deep_infra,0.5,3,1,seal,third,private,0.1,1299,private_third_price.txt,2026-01-13_00-06-55-377654,00-10-10-390957,"Since this is the first round, I will start by bidding a moderate amount to gather information about the other bidders' values. I will bid $14.00, which is not too high and not too low, to test the waters and get a sense of the competition."
0,Bidder Betty,27,4.0,False,4.0,0,third_price_ipv_gemini,V10,meta-llama/Meta-Llama-3-8B-Instruct,deep_infra,0.5,3,1,seal,third,private,0.1,1299,private_third_price.txt,2026-01-13_00-06-55-377654,00-10-10-390957,"Since this is the first round, I will start with a conservative bid to gauge the competition. I will bid $4, which is below the average value of $24.5. This will allow me to learn more about the other bidders' strategies and adjust my bid accordingly in future rounds."
0,Bidder Charles,25,15.0,True,4.0,21.0,third_price_ipv_gemini,V10,meta-llama/Meta-Llama-3-8B-Instruct,deep_infra,0.5,3,1,seal,third,private,0.1,1299,private_third_price.txt,2026-01-13_00-06-55-377654,00-10-10-390957,"As the first round, I will bid conservatively to maximize my profit. Since I don't have any historical data, I'll start with a moderate bid. I'll bid $15, which is slightly above the average value of $25, but not too aggressive to minimize the risk of losing."
0,Bidder Andy,0,1.0,False,1.0,0,third_price_ipv_gemini,V10,meta-llama/Meta-Llama-3-8B-Instruct,deep_infra,0.5,3,1,seal,third,private,0.1,1299,private_third_price.txt,2026-01-13_00-06-55-377654,00-10-13-039234,"Since my private value is $0, I will bid strategically to maximize my profit. I will start with a low bid to minimize my losses, but not too low to avoid winning. I will bid $1."
0,Bidder Betty,43,24.0,True,1.0,42.0,third_price_ipv_gemini,V10,meta-llama/Meta-Llama-3-8B-Instruct,deep_infra,0.5,3,1,seal,third,private,0.1,1299,private_third_price.txt,2026-01-13_00-06-55-377654,00-10-13-039234,"Since this is the first round, I'll start by bidding a moderate amount to gauge the competition. I'll bid $24, which is higher than the average value of $24.5, but not so high that I risk losing. This will give me a chance to observe the other bidders' strategies and adjust my bidding accordingly."
0,Bidder Charles,5,3.1,False,1.0,0,third_price_ipv_gemini,V10,meta-llama/Meta-Llama-3-8B-Instruct,deep_infra,0.5,3,1,seal,third,private,0.1,1299,private_third_price.txt,2026-01-13_00-06-55-377654,00-10-13-039234,"Since this is the first round and I have no historical data, I will start by bidding a moderate amount that is higher than the expected value. Given my private value of $5, I will bid $3.10, which is a reasonable starting point. This bid is likely to be competitive, but not too aggressive, allowing me to maximize my expected profit."
0,Bidder Andy,30,15.0,True,3.1,26.9,third_price_ipv_gemini,V10,meta-llama/Meta-Llama-3-8B-Instruct,deep_infra,0.5,3,1,seal,third,private,0.1,1299,private_third_price.txt,2026-01-13_00-06-55-377654,00-10-18-450768,"Since this is the first round, I'll start by bidding a moderate amount to gauge the competition. I'll bid $15, which is below my private value of $30. This will allow me to observe the other bidders' behavior and adjust my strategy accordingly."
0,Bidder Betty,15,10.0,False,3.1,0,third_price_ipv_gemini,V10,meta-llama/Meta-Llama-3-8B-Instruct,deep_infra,0.5,3,1,seal,third,private,0.1,1299,private_third_price.txt,2026-01-13_00-06-55-377654,00-10-18-450768,"Since this is the first round, I will start by bidding a moderate amount to gauge the competition. Given my private value of $15, I will bid $10, which is slightly below my value but still competitive. This will allow me to gain information about the other bidders' values and adjust my strategy accordingly."
0,Bidder Charles,6,3.1,False,3.1,0,third_price_ipv_gemini,V10,meta-llama/Meta-Llama-3-8B-Instruct,deep_infra,0.5,3,1,seal,third,private,0.1,1299,private_third_price.txt,2026-01-13_00-06-55-377654,00-10-18-450768,"Since this is the first round, I will start by bidding a moderate amount to gauge the competition. Considering my private value is $6, I will bid $3.10 to minimize the risk of losing and maximize the potential earnings. I will also keep an eye on the other bidders' behavior to adjust my strategy accordingly."
0,Bidder Andy,40,20.0,True,1.0,39.0,third_price_ipv_gemini,V10,meta-llama/Meta-Llama-3-8B-Instruct,deep_infra,0.5,3,1,seal,third,private,0.1,1299,private_third_price.txt,2026-01-13_00-06-55-377654,00-10-25-486782,"Since this is the first round, I will bid a moderate amount to get a sense of the competition. Given my private value is $40, I will bid $20 to minimize losses and maximize potential gains. I will observe the bids and adjust my strategy accordingly in future rounds."
0,Bidder Betty,13,1.0,False,1.0,0,third_price_ipv_gemini,V10,meta-llama/Meta-Llama-3-8B-Instruct,deep_infra,0.5,3,1,seal,third,private,0.1,1299,private_third_price.txt,2026-01-13_00-06-55-377654,00-10-25-486782,"Since this is the first round, I'll start with a conservative bid to gauge the competition. I'll bid $1, hoping to win and pay a low price. If I don't win, I'll learn from the other bidders' strategies and adjust my bid accordingly."
0,Bidder Charles,29,15.0,False,1.0,0,third_price_ipv_gemini,V10,meta-llama/Meta-Llama-3-8B-Instruct,deep_infra,0.5,3,1,seal,third,private,0.1,1299,private_third_price.txt,2026-01-13_00-06-55-377654,00-10-25-486782,"Since this is the first round, I'll start by bidding a moderate amount to gauge the competition. Considering the private value is $29, I'll bid $15 to ensure I don't overpay and leave room for future adjustments."
0,Bidder Andy,7,1.0,False,1.0,0,third_price_ipv_gemini,V10,meta-llama/Meta-Llama-3-8B-Instruct,deep_infra,0.5,3,1,seal,third,private,0.1,1299,private_third_price.txt,2026-01-13_00-06-55-377654,00-10-28-431139,"Since this is the first round, I'll start by bidding conservatively, considering the randomness of the values. I'll bid $1, aiming to minimize losses and maximize potential gains. As the auction progresses, I'll adjust my strategy based on the bids and values revealed."
0,Bidder Betty,16,1.0,False,1.0,0,third_price_ipv_gemini,V10,meta-llama/Meta-Llama-3-8B-Instruct,deep_infra,0.5,3,1,seal,third,private,0.1,1299,private_third_price.txt,2026-01-13_00-06-55-377654,00-10-28-431139,"Since this is the first round, I'll start with a conservative bid to minimize losses. I'll bid $1, as it's unlikely anyone will bid lower. I'll also keep an eye on the other bidders' strategies to adjust my approach in future rounds."
0,Bidder Charles,21,15.0,True,1.0,20.0,third_price_ipv_gemini,V10,meta-llama/Meta-Llama-3-8B-Instruct,deep_infra,0.5,3,1,seal,third,private,0.1,1299,private_third_price.txt,2026-01-13_00-06-55-377654,00-10-28-431139,"Since this is the first round, I'll start by bidding a moderate amount to gauge the other bidders' behavior. Considering my private value is $21, I'll bid $15 to have a reasonable chance of winning and minimize losses if I don't win. I'll also keep an eye on the other bidders' bids to adjust my strategy accordingly."
0,Bidder Andy,3,1.0,False,1.0,0,third_price_ipv_gemini,V10,meta-llama/Meta-Llama-3-8B-Instruct,deep_infra,0.5,3,1,seal,third,private,0.1,1299,private_third_price.txt,2026-01-13_00-06-55-377654,00-10-30-167278,"Since this is the first round, I'll start by bidding a reasonable amount to gauge the competition. Given my private value of $3, I'll bid $1.00, which is a low enough amount to not scare off the other bidders, but still shows my interest in the prize."
0,Bidder Betty,45,25.0,True,1.0,44.0,third_price_ipv_gemini,V10,meta-llama/Meta-Llama-3-8B-Instruct,deep_infra,0.5,3,1,seal,third,private,0.1,1299,private_third_price.txt,2026-01-13_00-06-55-377654,00-10-30-167278,"As it's the first round, I'll start by bidding a moderate amount to gauge the competition. Since my value is $45, I'll aim to bid slightly higher than the expected average value. I'll bid $25 to balance my potential winnings with the risk of being outbid."
0,Bidder Charles,48,20.0,False,1.0,0,third_price_ipv_gemini,V10,meta-llama/Meta-Llama-3-8B-Instruct,deep_infra,0.5,3,1,seal,third,private,0.1,1299,private_third_price.txt,2026-01-13_00-06-55-377654,00-10-30-167278,"Since this is the first round, I'll start by bidding a moderate amount to gauge the competition. Considering my private value is $48, I'll bid $20 to leave room for potential overbidding. This will also allow me to adjust my strategy based on the other bidders' responses."
0,Bidder Andy,12,2.0,False,2.0,0,third_price_ipv_gemini,V10,meta-llama/Meta-Llama-3-8B-Instruct,deep_infra,0.5,3,1,seal,third,private,0.1,1299,private_third_price.txt,2026-01-13_00-06-55-377654,00-10-32-843035,"Since this is the first round and I don't have any historical data, I will start with a conservative bid to minimize potential losses. I'll bid $2, as it's low enough to make it difficult for others to win, but still high enough to have a reasonable chance of winning."
0,Bidder Betty,45,20.0,True,2.0,43.0,third_price_ipv_gemini,V10,meta-llama/Meta-Llama-3-8B-Instruct,deep_infra,0.5,3,1,seal,third,private,0.1,1299,private_third_price.txt,2026-01-13_00-06-55-377654,00-10-32-843035,"Since this is the first round, I'll start by bidding a moderate amount to gauge the competition. I'll bid $20, which is a reasonable starting point. I'll also keep in mind that my private value is $45, so I'll aim to win the auction and pay as close to my value as possible."
0,Bidder Charles,5,3.1,False,2.0,0,third_price_ipv_gemini,V10,meta-llama/Meta-Llama-3-8B-Instruct,deep_infra,0.5,3,1,seal,third,private,0.1,1299,private_third_price.txt,2026-01-13_00-06-55-377654,00-10-32-843035,"Since this is the first round and I have no historical data, I will start by bidding a moderate amount that is higher than the expected value. Given my private value of $5, I will bid $3.10, which is a reasonable starting point. This bid is likely to be competitive, but not too aggressive, allowing me to maximize my expected profit."
0,Bidder Andy,48,44.0,True,5.0,43.0,third_price_ipv_gemini,V10,meta-llama/Meta-Llama-3-8B-Instruct,deep_infra,0.5,3,1,seal,third,private,0.1,1299,private_third_price.txt,2026-01-13_00-06-55-377654,00-10-36-805415,"As the first round, I'll bid strategically to maximize my profit. Since my value is $48, I'll bid $44 to avoid overbidding and minimize potential losses. I'll observe the bids from other players and adjust my strategy accordingly in subsequent rounds."
0,Bidder Betty,11,5.0,False,5.0,0,third_price_ipv_gemini,V10,meta-llama/Meta-Llama-3-8B-Instruct,deep_infra,0.5,3,1,seal,third,private,0.1,1299,private_third_price.txt,2026-01-13_00-06-55-377654,00-10-36-805415,"As this is the first round, I will start by bidding a moderate amount to gauge the competition. Since my private value is $11, I will bid $5 to minimize the risk of losing and maximize the potential earnings. I will also observe the bids of Bidder Andy and Bidder Charles to adjust my strategy for future rounds."
0,Bidder Charles,10,5.0,False,5.0,0,third_price_ipv_gemini,V10,meta-llama/Meta-Llama-3-8B-Instruct,deep_infra,0.5,3,1,seal,third,private,0.1,1299,private_third_price.txt,2026-01-13_00-06-55-377654,00-10-36-805415,"Since this is the first round, I'll start by bidding a moderate amount to gauge the competition. Given my private value of $10, I'll bid $5 to keep my options open and avoid overcommitting. I'll observe the bids and adjust my strategy accordingly in subsequent rounds."
0,Bidder Andy,31,29.0,True,1.0,30.0,third_price_ipv_gemini,V10,meta-llama/Meta-Llama-3-8B-Instruct,deep_infra,0.5,3,1,seal,third,private,0.1,1299,private_third_price.txt,2026-01-13_00-06-55-377654,00-10-44-153652,"Given my private value of $31, I will bid strategically to maximize my profit. Since this is the first round, I will bid relatively high to gauge the competition. I will bid $29, which is high enough to take a chance at winning but low enough to minimize potential losses."
0,Bidder Betty,16,1.0,False,1.0,0,third_price_ipv_gemini,V10,meta-llama/Meta-Llama-3-8B-Instruct,deep_infra,0.5,3,1,seal,third,private,0.1,1299,private_third_price.txt,2026-01-13_00-06-55-377654,00-10-44-153652,"Since this is the first round, I'll start with a conservative bid to minimize losses. I'll bid $1, as it's unlikely anyone will bid lower. I'll also keep an eye on the other bidders' strategies to adjust my approach in future rounds."
0,Bidder Charles,28,20.0,False,1.0,0,third_price_ipv_gemini,V10,meta-llama/Meta-Llama-3-8B-Instruct,deep_infra,0.5,3,1,seal,third,private,0.1,1299,private_third_price.txt,2026-01-13_00-06-55-377654,00-10-44-153652,"Since this is the first round, I will start by bidding a moderate amount to maximize my chances of winning. Given my private value of $28, I will bid $20, which is slightly above the midpoint of the possible bids. This will allow me to win the auction while keeping my potential losses low in case I don't win."
0,Bidder Andy,33,25.0,True,10.0,23.0,third_price_ipv_gemini,V10,meta-llama/Meta-Llama-3-8B-Instruct,deep_infra,0.5,3,1,seal,third,private,0.1,1299,private_third_price.txt,2026-01-13_00-06-55-377654,00-10-45-728443,"Since this is the first round, I don't have any historical data to learn from. I'll adopt a conservative strategy, bidding slightly above the expected average value of $24.75 to increase my chances of winning. I'll bid $25, aiming to maximize my profit while minimizing the risk of overbidding."
0,Bidder Betty,15,10.0,False,10.0,0,third_price_ipv_gemini,V10,meta-llama/Meta-Llama-3-8B-Instruct,deep_infra,0.5,3,1,seal,third,private,0.1,1299,private_third_price.txt,2026-01-13_00-06-55-377654,00-10-45-728443,"Since this is the first round, I will start by bidding a moderate amount to gauge the competition. Given my private value of $15, I will bid $10, which is slightly below my value but still competitive. This will allow me to gain information about the other bidders' values and adjust my strategy accordingly."
0,Bidder Charles,33,15.0,False,10.0,0,third_price_ipv_gemini,V10,meta-llama/Meta-Llama-3-8B-Instruct,deep_infra,0.5,3,1,seal,third,private,0.1,1299,private_third_price.txt,2026-01-13_00-06-55-377654,00-10-45-728443,"Since this is the first round, I'll start by bidding a moderate amount to gauge the competition. Given my private value of $33, I'll bid $15, which is below my value but still competitive. This will allow me to observe the bids of others and adjust my strategy accordingly."
0,Bidder Andy,26,10.0,False,3.1,0,third_price_ipv_gemini,V10,meta-llama/Meta-Llama-3-8B-Instruct,deep_infra,0.5,3,1,seal,third,private,0.1,1299,private_third_price.txt,2026-01-13_00-06-55-377654,00-10-48-279281,"Since this is the first round, I'll start with a conservative bid to gauge the competition. I'll bid $10, which is a low but not extremely low bid. This will allow me to get a sense of the other bidders' values and adjust my strategy accordingly."
0,Bidder Betty,36,20.0,True,3.1,32.9,third_price_ipv_gemini,V10,meta-llama/Meta-Llama-3-8B-Instruct,deep_infra,0.5,3,1,seal,third,private,0.1,1299,private_third_price.txt,2026-01-13_00-06-55-377654,00-10-48-279281,"Since this is the first round, I will start by bidding a moderate amount to gauge the competition. I will bid $20, which is slightly above the average value of $25, but not too aggressive. This will help me gather information about the other bidders' values and adjust my strategy accordingly."
0,Bidder Charles,6,3.1,False,3.1,0,third_price_ipv_gemini,V10,meta-llama/Meta-Llama-3-8B-Instruct,deep_infra,0.5,3,1,seal,third,private,0.1,1299,private_third_price.txt,2026-01-13_00-06-55-377654,00-10-48-279281,"Since this is the first round, I will start by bidding a moderate amount to gauge the competition. Considering my private value is $6, I will bid $3.10 to minimize the risk of losing and maximize the potential earnings. I will also keep an eye on the other bidders' behavior to adjust my strategy accordingly."
0,Bidder Andy,13,20.0,False,1.0,0,third_price_ipv_gemini,V10,meta-llama/Meta-Llama-3-8B-Instruct,deep_infra,0.5,3,1,seal,third,private,0.1,1299,private_third_price.txt,2026-01-13_00-06-55-377654,00-10-52-156239,"Since this is the first round, I'll start by bidding a moderate amount to gather information about the other bidders. I'll bid $20, which is a reasonable starting point. This will allow me to learn more about the other bidders' values and adjust my strategy accordingly."
0,Bidder Betty,12,1.0,False,1.0,0,third_price_ipv_gemini,V10,meta-llama/Meta-Llama-3-8B-Instruct,deep_infra,0.5,3,1,seal,third,private,0.1,1299,private_third_price.txt,2026-01-13_00-06-55-377654,00-10-52-156239,"As this is the first round, I'll start with a conservative bid to minimize losses. Since my private value is $12, I'll bid $1. This will give me a chance to learn from the other bidders and adjust my strategy accordingly. I'll also keep an eye on their bids to understand their behavior and adjust my strategy for future rounds."
0,Bidder Charles,37,20.0,True,1.0,36.0,third_price_ipv_gemini,V10,meta-llama/Meta-Llama-3-8B-Instruct,deep_infra,0.5,3,1,seal,third,private,0.1,1299,private_third_price.txt,2026-01-13_00-06-55-377654,00-10-52-156239,"Since this is the first round, I'll start by bidding a moderate amount to gauge the competition. Considering my private value is $37, I'll bid $20, which is slightly above the midpoint of the possible bids. This will allow me to observe the bids of other players and adjust my strategy accordingly."
0,Bidder Andy,37,20.0,False,14.0,0,third_price_ipv_gemini,V10,meta-llama/Meta-Llama-3-8B-Instruct,deep_infra,0.5,3,1,seal,third,private,0.1,1299,private_third_price.txt,2026-01-13_00-06-55-377654,00-10-55-001025,"As this is the first round, I will start by bidding a moderate amount, considering the potential values and the risk of losing. I will bid $20, a strategic starting point that balances the potential gain and loss."
0,Bidder Betty,44,22.0,True,14.0,30.0,third_price_ipv_gemini,V10,meta-llama/Meta-Llama-3-8B-Instruct,deep_infra,0.5,3,1,seal,third,private,0.1,1299,private_third_price.txt,2026-01-13_00-06-55-377654,00-10-55-001025,"Since this is the first round, I'll start by bidding a moderate amount to test the waters. I'll bid $22, which is slightly above the midpoint of the possible bids. This will give me an idea of the competition and allow me to adjust my strategy accordingly."
0,Bidder Charles,18,14.0,False,14.0,0,third_price_ipv_gemini,V10,meta-llama/Meta-Llama-3-8B-Instruct,deep_infra,0.5,3,1,seal,third,private,0.1,1299,private_third_price.txt,2026-01-13_00-06-55-377654,00-10-55-001025,"Since this is the first round, I'll start by bidding a moderate amount to gather information about the other bidders. I'll bid $14, which is slightly below my private value of $18. This will allow me to learn more about the other bidders' values without committing too much."
0,Bidder Andy,41,10.0,False,10.0,0,third_price_ipv_gemini,V10,meta-llama/Meta-Llama-3-8B-Instruct,deep_infra,0.5,3,1,seal,third,private,0.1,1299,private_third_price.txt,2026-01-13_00-06-55-377654,00-10-59-076825,"As the first round, I will bid conservatively to gather information about the other bidders. Since my private value is $41, I will bid $10, a relatively low amount that is likely to be beaten by at least one of the other bidders. This will allow me to observe their bidding behavior and adjust my strategy accordingly in future rounds."
0,Bidder Betty,39,20.0,True,10.0,29.0,third_price_ipv_gemini,V10,meta-llama/Meta-Llama-3-8B-Instruct,deep_infra,0.5,3,1,seal,third,private,0.1,1299,private_third_price.txt,2026-01-13_00-06-55-377654,00-10-59-076825,"Since this is the first round, I will start by bidding a moderate amount to gauge the competition. Considering my private value is $39, I will bid $20, which is below the expected value but still competitive. This will allow me to gather information about the other bidders' strategies and adjust my bid accordingly in subsequent rounds."
0,Bidder Charles,16,10.0,False,10.0,0,third_price_ipv_gemini,V10,meta-llama/Meta-Llama-3-8B-Instruct,deep_infra,0.5,3,1,seal,third,private,0.1,1299,private_third_price.txt,2026-01-13_00-06-55-377654,00-10-59-076825,"Since this is the first round, I'll start by bidding a moderate amount to gauge the competition. Given my private value of $16, I'll bid $10, which is a reasonable compromise between a low and high bid. This will allow me to observe the other bidders' strategies and adjust accordingly in subsequent rounds."
0,Bidder Andy,42,4.1,False,4.1,0,third_price_ipv_gemini,V10,meta-llama/Meta-Llama-3-8B-Instruct,deep_infra,0.5,3,1,seal,third,private,0.1,1299,private_third_price.txt,2026-01-13_00-06-55-377654,00-11-00-563090,"As the first round, I will start with a conservative bid to minimize losses. Since my private value is $42, I'll bid $4.10, which is slightly above the expected average value. This will allow me to learn more about the other bidders' values and adjust my strategy accordingly. If I win, I'll earn $42 - $4.10 = $37.90. If I lose, my earnings remain unchanged. This strategy aims to maximize my long-term profit by minimizing risks and adapting to the auction dynamics."
0,Bidder Betty,26,14.0,False,4.1,0,third_price_ipv_gemini,V10,meta-llama/Meta-Llama-3-8B-Instruct,deep_infra,0.5,3,1,seal,third,private,0.1,1299,private_third_price.txt,2026-01-13_00-06-55-377654,00-11-00-563090,"Since this is the first round, I'll start by bidding a moderate amount to gauge the competition. I'll bid $14, which is slightly above the expected average value of $26. This will give me a good chance of winning while minimizing my potential loss. If I win, I'll pay the third-highest bid, and if I lose, I'll pay nothing."
0,Bidder Charles,21,15.0,True,4.1,16.9,third_price_ipv_gemini,V10,meta-llama/Meta-Llama-3-8B-Instruct,deep_infra,0.5,3,1,seal,third,private,0.1,1299,private_third_price.txt,2026-01-13_00-06-55-377654,00-11-00-563090,"Since this is the first round, I'll start by bidding a moderate amount to gauge the other bidders' behavior. Considering my private value is $21, I'll bid $15 to have a reasonable chance of winning and minimize losses if I don't win. I'll also keep an eye on the other bidders' bids to adjust my strategy accordingly."
0,Bidder Andy,45,20.0,True,3.0,42.0,third_price_ipv_gemini,V10,meta-llama/Meta-Llama-3-8B-Instruct,deep_infra,0.5,3,1,seal,third,private,0.1,1299,private_third_price.txt,2026-01-13_00-06-55-377654,00-11-07-188512,"Since this is the first round, I'll start by bidding a moderate amount to gauge the competition. I'll bid $20, which is not too high, but not too low either. This will give me a good starting point to adjust my strategy based on the other bidders' responses. I'll also keep in mind that my private value is $45, so I'll aim to win the auction without overbidding."
0,Bidder Betty,6,3.0,False,3.0,0,third_price_ipv_gemini,V10,meta-llama/Meta-Llama-3-8B-Instruct,deep_infra,0.5,3,1,seal,third,private,0.1,1299,private_third_price.txt,2026-01-13_00-06-55-377654,00-11-07-188512,"Since this is the first round, I'll start by bidding a moderate amount to gauge the competition. I'll bid $3, which is a safe starting point, allowing me to learn from the other bidders' responses and adjust my strategy accordingly."
0,Bidder Charles,43,4.1,False,3.0,0,third_price_ipv_gemini,V10,meta-llama/Meta-Llama-3-8B-Instruct,deep_infra,0.5,3,1,seal,third,private,0.1,1299,private_third_price.txt,2026-01-13_00-06-55-377654,00-11-07-188512,"Since this is the first round, I'll start with a conservative bid to gather information. I'll bid $4.10, which is a small positive bid to test the waters. This will allow me to learn the other bidders' values without committing too much."
0,Bidder Andy,2,1.0,False,1.0,0,third_price_ipv_gemini,V10,meta-llama/Meta-Llama-3-8B-Instruct,deep_infra,0.5,3,1,seal,third,private,0.1,1299,private_third_price.txt,2026-01-13_00-06-55-377654,00-11-09-763699,"As the first round, I'll bid conservatively to minimize the risk of losing the auction while still maximizing potential profit. Since my value is $2, I'll bid $1, hoping to win and pay a low third-highest bid."
0,Bidder Betty,11,5.0,False,1.0,0,third_price_ipv_gemini,V10,meta-llama/Meta-Llama-3-8B-Instruct,deep_infra,0.5,3,1,seal,third,private,0.1,1299,private_third_price.txt,2026-01-13_00-06-55-377654,00-11-09-763699,"As this is the first round, I will start by bidding a moderate amount to gauge the competition. Since my private value is $11, I will bid $5 to minimize the risk of losing and maximize the potential earnings. I will also observe the bids of Bidder Andy and Bidder Charles to adjust my strategy for future rounds."
0,Bidder Charles,14,20.0,True,1.0,13.0,third_price_ipv_gemini,V10,meta-llama/Meta-Llama-3-8B-Instruct,deep_infra,0.5,3,1,seal,third,private,0.1,1299,private_third_price.txt,2026-01-13_00-06-55-377654,00-11-09-763699,"Given my private value of $14, I will bid aggressively to maximize my profit. Since this is the first round, I don't have any historical data to learn from. I will start by bidding a moderate amount, $20, to gauge the competition and leave room for adjustment in subsequent rounds."
0,Bidder Andy,0,1.0,False,1.0,0,third_price_ipv_gemini,V10,meta-llama/Meta-Llama-3-8B-Instruct,deep_infra,0.5,3,1,seal,third,private,0.1,1299,private_third_price.txt,2026-01-13_00-06-55-377654,00-11-13-817053,"Since my private value is $0, I will bid strategically to maximize my profit. I will start with a low bid to minimize my losses, but not too low to avoid winning. I will bid $1."
0,Bidder Betty,40,8.0,False,1.0,0,third_price_ipv_gemini,V10,meta-llama/Meta-Llama-3-8B-Instruct,deep_infra,0.5,3,1,seal,third,private,0.1,1299,private_third_price.txt,2026-01-13_00-06-55-377654,00-11-13-817053,"As a new round, I'll start with a conservative bid to learn more about the competition. Since my private value is $40, I'll bid a small amount above the expected average to increase my chances of winning. I'll bid $8, which is a common starting point, to gauge the competition's behavior."
0,Bidder Charles,27,14.0,True,1.0,26.0,third_price_ipv_gemini,V10,meta-llama/Meta-Llama-3-8B-Instruct,deep_infra,0.5,3,1,seal,third,private,0.1,1299,private_third_price.txt,2026-01-13_00-06-55-377654,00-11-13-817053,"Since this is the first round, I'll start by bidding a moderate amount to gather information and test the competition. I'll bid $14, which is slightly above the expected average value and below the maximum possible value. This will allow me to learn more about the other bidders' strategies and adjust my bidding accordingly in subsequent rounds."
0,Bidder Andy,3,1.0,False,1.0,0,third_price_ipv_gemini,V10,meta-llama/Meta-Llama-3-8B-Instruct,deep_infra,0.5,3,1,seal,third,private,0.1,1299,private_third_price.txt,2026-01-13_00-06-55-377654,00-11-15-447517,"Since this is the first round, I'll start by bidding a reasonable amount to gauge the competition. Given my private value of $3, I'll bid $1.00, which is a low enough amount to not scare off the other bidders, but still shows my interest in the prize."
0,Bidder Betty,26,14.0,True,1.0,25.0,third_price_ipv_gemini,V10,meta-llama/Meta-Llama-3-8B-Instruct,deep_infra,0.5,3,1,seal,third,private,0.1,1299,private_third_price.txt,2026-01-13_00-06-55-377654,00-11-15-447517,"Since this is the first round, I'll start by bidding a moderate amount to gauge the competition. I'll bid $14, which is slightly above the expected average value of $26. This will give me a good chance of winning while minimizing my potential loss. If I win, I'll pay the third-highest bid, and if I lose, I'll pay nothing."
0,Bidder Charles,3,1.0,False,1.0,0,third_price_ipv_gemini,V10,meta-llama/Meta-Llama-3-8B-Instruct,deep_infra,0.5,3,1,seal,third,private,0.1,1299,private_third_price.txt,2026-01-13_00-06-55-377654,00-11-15-447517,"Since this is the first round, I'll start by bidding $1 to minimize losses. I'll observe the bids of other players and adjust my strategy accordingly. If no one bids higher than me, I'll increase my bid in the next round. If someone bids above me, I'll bid $0.1 more to stay competitive. I'll keep track of the bids and adjust my strategy to maximize my profit in the long run."
0,Bidder Andy,29,14.0,False,10.0,0,third_price_ipv_gemini,V10,meta-llama/Meta-Llama-3-8B-Instruct,deep_infra,0.5,3,1,seal,third,private,0.1,1299,private_third_price.txt,2026-01-13_00-06-55-377654,00-11-20-190996,"Since this is the first round, I will start by bidding a moderate amount to gauge the competition. I will bid $14, which is slightly above the average value of the prize. This will give me an idea of the other bidders' values and allow me to adjust my strategy accordingly."
0,Bidder Betty,29,10.0,False,10.0,0,third_price_ipv_gemini,V10,meta-llama/Meta-Llama-3-8B-Instruct,deep_infra,0.5,3,1,seal,third,private,0.1,1299,private_third_price.txt,2026-01-13_00-06-55-377654,00-11-20-190996,"Since this is the first round, I'll start with a conservative bid to minimize losses. I'll bid $10, allowing me to learn the bids of the other players and adjust accordingly. This bid is also close enough to my value to potentially win but not so high that I risk losing."
0,Bidder Charles,17,25.0,True,10.0,7.0,third_price_ipv_gemini,V10,meta-llama/Meta-Llama-3-8B-Instruct,deep_infra,0.5,3,1,seal,third,private,0.1,1299,private_third_price.txt,2026-01-13_00-06-55-377654,00-11-20-190996,"Since this is the first round, I'll start by bidding a moderate amount to gauge the competition. Given my private value of $17, I'll aim to bid above the median value of $24.5 to increase my chances of winning. I'll start with a bid of $25, which is slightly above the median and within the optimal range."
0,Bidder Andy,9,4.5,False,1.0,0,third_price_ipv_gemini,V10,meta-llama/Meta-Llama-3-8B-Instruct,deep_infra,0.5,3,1,seal,third,private,0.1,1299,private_third_price.txt,2026-01-13_00-06-55-377654,00-11-22-065298,"Since this is the first round, I'll start by bidding a moderate amount to gauge the competition. Given my private value of $9, I'll aim to bid slightly higher than the expected average value. I'll bid $4.50 to balance my risk and potential reward."
0,Bidder Betty,45,20.0,True,1.0,44.0,third_price_ipv_gemini,V10,meta-llama/Meta-Llama-3-8B-Instruct,deep_infra,0.5,3,1,seal,third,private,0.1,1299,private_third_price.txt,2026-01-13_00-06-55-377654,00-11-22-065298,"Since this is the first round, I'll start by bidding a moderate amount to gauge the competition. I'll bid $20, which is a reasonable starting point. I'll also keep in mind that my private value is $45, so I'll aim to win the auction and pay as close to my value as possible."
0,Bidder Charles,0,1.0,False,1.0,0,third_price_ipv_gemini,V10,meta-llama/Meta-Llama-3-8B-Instruct,deep_infra,0.5,3,1,seal,third,private,0.1,1299,private_third_price.txt,2026-01-13_00-06-55-377654,00-11-22-065298,"Since my private value is $0, I'll bid strategically to maximize my profit. I'll start with a low bid to minimize potential losses and observe the competition. If I win, I'll pay a low bid, and if I don't, I'll pay nothing. My goal is to learn from the other bidders' strategies and adapt for the next round."
0,Bidder Andy,0,1.0,False,1.0,0,third_price_ipv_gemini,V10,meta-llama/Meta-Llama-3-8B-Instruct,deep_infra,0.5,3,1,seal,third,private,0.1,1299,private_third_price.txt,2026-01-13_00-06-55-377654,00-11-28-677804,"Since my private value is $0, I will bid strategically to maximize my profit. I will start with a low bid to minimize my losses, but not too low to avoid winning. I will bid $1."
0,Bidder Betty,10,5.0,False,1.0,0,third_price_ipv_gemini,V10,meta-llama/Meta-Llama-3-8B-Instruct,deep_infra,0.5,3,1,seal,third,private,0.1,1299,private_third_price.txt,2026-01-13_00-06-55-377654,00-11-28-677804,"Since this is the first round, I'll start by bidding a moderate amount to gauge the competition. I'll bid $5, which is higher than the minimum but lower than the maximum possible bid. This will allow me to learn more about the other bidders' values without committing too much."
0,Bidder Charles,28,20.0,True,1.0,27.0,third_price_ipv_gemini,V10,meta-llama/Meta-Llama-3-8B-Instruct,deep_infra,0.5,3,1,seal,third,private,0.1,1299,private_third_price.txt,2026-01-13_00-06-55-377654,00-11-28-677804,"Since this is the first round, I will start by bidding a moderate amount to maximize my chances of winning. Given my private value of $28, I will bid $20, which is slightly above the midpoint of the possible bids. This will allow me to win the auction while keeping my potential losses low in case I don't win."
0,Bidder Andy,45,20.0,False,10.0,0,third_price_ipv_gemini,V10,meta-llama/Meta-Llama-3-8B-Instruct,deep_infra,0.5,3,1,seal,third,private,0.1,1299,private_third_price.txt,2026-01-13_00-06-55-377654,00-11-30-266131,"Since this is the first round, I'll start by bidding a moderate amount to gauge the competition. I'll bid $20, which is not too high, but not too low either. This will give me a good starting point to adjust my strategy based on the other bidders' responses. I'll also keep in mind that my private value is $45, so I'll aim to win the auction without overbidding."
0,Bidder Betty,41,21.0,True,10.0,31.0,third_price_ipv_gemini,V10,meta-llama/Meta-Llama-3-8B-Instruct,deep_infra,0.5,3,1,seal,third,private,0.1,1299,private_third_price.txt,2026-01-13_00-06-55-377654,00-11-30-266131,"As this is the first round, I'll start by bidding conservatively, aiming to minimize losses. Since my value is $41, I'll bid $1 more than the expected average value, which is $20. This will give me a good chance of winning without overpaying. I'll adjust my strategy based on the outcome of this round."
0,Bidder Charles,16,10.0,False,10.0,0,third_price_ipv_gemini,V10,meta-llama/Meta-Llama-3-8B-Instruct,deep_infra,0.5,3,1,seal,third,private,0.1,1299,private_third_price.txt,2026-01-13_00-06-55-377654,00-11-30-266131,"Since this is the first round, I'll start by bidding a moderate amount to gauge the competition. Given my private value of $16, I'll bid $10, which is a reasonable compromise between a low and high bid. This will allow me to observe the other bidders' strategies and adjust accordingly in subsequent rounds."
0,Bidder Andy,41,10.0,False,10.0,0,third_price_ipv_gemini,V10,meta-llama/Meta-Llama-3-8B-Instruct,deep_infra,0.5,3,1,seal,third,private,0.1,1299,private_third_price.txt,2026-01-13_00-06-55-377654,00-11-32-940292,"As the first round, I will bid conservatively to gather information about the other bidders. Since my private value is $41, I will bid $10, a relatively low amount that is likely to be beaten by at least one of the other bidders. This will allow me to observe their bidding behavior and adjust my strategy accordingly in future rounds."
0,Bidder Betty,37,24.0,True,10.0,27.0,third_price_ipv_gemini,V10,meta-llama/Meta-Llama-3-8B-Instruct,deep_infra,0.5,3,1,seal,third,private,0.1,1299,private_third_price.txt,2026-01-13_00-06-55-377654,00-11-32-940292,"Since this is the first round, I'll start by bidding a moderate amount to gauge the competition. I'll bid $24, which is slightly higher than the average value of $25. This will allow me to learn more about the other bidders' strategies while keeping my options open for future rounds."
0,Bidder Charles,37,20.0,False,10.0,0,third_price_ipv_gemini,V10,meta-llama/Meta-Llama-3-8B-Instruct,deep_infra,0.5,3,1,seal,third,private,0.1,1299,private_third_price.txt,2026-01-13_00-06-55-377654,00-11-32-940292,"Since this is the first round, I'll start by bidding a moderate amount to gauge the competition. Considering my private value is $37, I'll bid $20, which is slightly above the midpoint of the possible bids. This will allow me to observe the bids of other players and adjust my strategy accordingly."
0,Bidder Andy,36,14.0,False,14.0,0,third_price_ipv_gemini,V10,meta-llama/Meta-Llama-3-8B-Instruct,deep_infra,0.5,3,1,seal,third,private,0.1,1299,private_third_price.txt,2026-01-13_00-06-55-377654,00-11-35-079172,"Since this is the first round, I will start by bidding a moderate amount to gather information about the other bidders' values. I will bid $14.00, which is not too high and not too low, to test the waters and get a sense of the competition."
0,Bidder Betty,45,20.0,False,14.0,0,third_price_ipv_gemini,V10,meta-llama/Meta-Llama-3-8B-Instruct,deep_infra,0.5,3,1,seal,third,private,0.1,1299,private_third_price.txt,2026-01-13_00-06-55-377654,00-11-35-079172,"Since this is the first round, I'll start by bidding a moderate amount to gauge the competition. I'll bid $20, which is a reasonable starting point. I'll also keep in mind that my private value is $45, so I'll aim to win the auction and pay as close to my value as possible."
0,Bidder Charles,49,40.0,True,14.0,35.0,third_price_ipv_gemini,V10,meta-llama/Meta-Llama-3-8B-Instruct,deep_infra,0.5,3,1,seal,third,private,0.1,1299,private_third_price.txt,2026-01-13_00-06-55-377654,00-11-35-079172,"Since this is the first round, I'll start by bidding a relatively high amount to increase the chances of winning. Considering my private value is $49, I'll bid $40 to maximize my profit. I'll observe the other bidders' strategies and adjust my bidding accordingly in subsequent rounds."
0,Bidder Andy,42,4.1,False,4.1,0,third_price_ipv_gemini,V10,meta-llama/Meta-Llama-3-8B-Instruct,deep_infra,0.5,3,1,seal,third,private,0.1,1299,private_third_price.txt,2026-01-13_00-06-55-377654,00-11-39-332035,"As the first round, I will start with a conservative bid to minimize losses. Since my private value is $42, I'll bid $4.10, which is slightly above the expected average value. This will allow me to learn more about the other bidders' values and adjust my strategy accordingly. If I win, I'll earn $42 - $4.10 = $37.90. If I lose, my earnings remain unchanged. This strategy aims to maximize my long-term profit by minimizing risks and adapting to the auction dynamics."
0,Bidder Betty,26,14.0,False,4.1,0,third_price_ipv_gemini,V10,meta-llama/Meta-Llama-3-8B-Instruct,deep_infra,0.5,3,1,seal,third,private,0.1,1299,private_third_price.txt,2026-01-13_00-06-55-377654,00-11-39-332035,"Since this is the first round, I'll start by bidding a moderate amount to gauge the competition. I'll bid $14, which is slightly above the expected average value of $26. This will give me a good chance of winning while minimizing my potential loss. If I win, I'll pay the third-highest bid, and if I lose, I'll pay nothing."
0,Bidder Charles,42,24.0,True,4.1,37.9,third_price_ipv_gemini,V10,meta-llama/Meta-Llama-3-8B-Instruct,deep_infra,0.5,3,1,seal,third,private,0.1,1299,private_third_price.txt,2026-01-13_00-06-55-377654,00-11-39-332035,"Since this is the first round, I will start by bidding conservatively, taking into account the random nature of the values. I will bid around the midpoint of the possible range, which is $24.5. This will give me a good chance of winning while minimizing the potential loss if I don't win."
0,Bidder Andy,7,1.0,False,1.0,0,third_price_ipv_gemini,V10,meta-llama/Meta-Llama-3-8B-Instruct,deep_infra,0.5,3,1,seal,third,private,0.1,1299,private_third_price.txt,2026-01-13_00-06-55-377654,00-11-43-632769,"Since this is the first round, I'll start by bidding conservatively, considering the randomness of the values. I'll bid $1, aiming to minimize losses and maximize potential gains. As the auction progresses, I'll adjust my strategy based on the bids and values revealed."
0,Bidder Betty,18,4.0,False,1.0,0,third_price_ipv_gemini,V10,meta-llama/Meta-Llama-3-8B-Instruct,deep_infra,0.5,3,1,seal,third,private,0.1,1299,private_third_price.txt,2026-01-13_00-06-55-377654,00-11-43-632769,"Given my private value of $18, I will employ a conservative strategy to maximize profit. Since this is the first round, I don't have any historical data to rely on. I will start with a relatively low bid to gauge the competition. I will bid $4, as it is a small amount that is unlikely to deter other bidders, but still gives me a chance to win."
0,Bidder Charles,44,22.0,True,1.0,43.0,third_price_ipv_gemini,V10,meta-llama/Meta-Llama-3-8B-Instruct,deep_infra,0.5,3,1,seal,third,private,0.1,1299,private_third_price.txt,2026-01-13_00-06-55-377654,00-11-43-632769,"Since this is the first round, I'll start with a conservative approach. I'll bid a moderate amount, taking into account the prize value of $44. I'll bid $22, which is slightly above the midpoint of the possible range, but not too high. This will allow me to maximize my expected profit while keeping an eye on the competition."
0,Bidder Andy,19,24.9,True,1.0,18.0,third_price_ipv_gemini,V10,meta-llama/Meta-Llama-3-8B-Instruct,deep_infra,0.5,3,1,seal,third,private,0.1,1299,private_third_price.txt,2026-01-13_00-06-55-377654,00-11-45-386823,"As this is the first round, I'll start by bidding a moderate amount to test the waters. Since my private value is $19, I'll bid a little above the midpoint, $24.9, to maximize my chances of winning while minimizing my potential loss."
0,Bidder Betty,3,1.0,False,1.0,0,third_price_ipv_gemini,V10,meta-llama/Meta-Llama-3-8B-Instruct,deep_infra,0.5,3,1,seal,third,private,0.1,1299,private_third_price.txt,2026-01-13_00-06-55-377654,00-11-45-386823,"Since this is the first round, I will start with a conservative bid to minimize losses. I will bid $1, as it's a low risk and allows me to learn more about the other bidders' strategies. I will also keep an eye on their bids to adjust my strategy accordingly."
0,Bidder Charles,47,24.1,False,1.0,0,third_price_ipv_gemini,V10,meta-llama/Meta-Llama-3-8B-Instruct,deep_infra,0.5,3,1,seal,third,private,0.1,1299,private_third_price.txt,2026-01-13_00-06-55-377654,00-11-45-386823,"Since this is the first round, I will start by bidding a moderate amount, taking into account the prize's value to me ($47). I will bid $24.1, which is slightly above the midpoint of the possible bid range ($0.1 to $49). This bid should give me a good chance of winning while minimizing my potential loss if I don't win."
0,Bidder Andy,9,4.5,False,0.1,0,third_price_ipv_gemini,V10,meta-llama/Meta-Llama-3-8B-Instruct,deep_infra,0.5,3,1,seal,third,private,0.1,1299,private_third_price.txt,2026-01-13_00-06-55-377654,00-11-49-965547,"Since this is the first round, I'll start by bidding a moderate amount to gauge the competition. Given my private value of $9, I'll aim to bid slightly higher than the expected average value. I'll bid $4.50 to balance my risk and potential reward."
0,Bidder Betty,0,0.1,False,0.1,0,third_price_ipv_gemini,V10,meta-llama/Meta-Llama-3-8B-Instruct,deep_infra,0.5,3,1,seal,third,private,0.1,1299,private_third_price.txt,2026-01-13_00-06-55-377654,00-11-49-965547,"Since my private value is $0, I will bid strategically to maximize my profit. I will bid $0.1 to avoid paying the third-highest bid in case I don't win. If I win, I will pay $0.1, which is less than the third-highest bid, and my earnings will remain unchanged."
0,Bidder Charles,13,7.0,True,0.1,12.9,third_price_ipv_gemini,V10,meta-llama/Meta-Llama-3-8B-Instruct,deep_infra,0.5,3,1,seal,third,private,0.1,1299,private_third_price.txt,2026-01-13_00-06-55-377654,00-11-49-965547,"As this is the first round, I'll adopt a conservative approach to maximize profit. I'll bid just above the expected average value to minimize the risk of losing and paying a high third-highest bid. Considering my private value is $13, I'll bid $7, leaving room for error and potential for profit."
0,Bidder Andy,37,20.0,True,5.0,32.0,third_price_ipv_gemini,V10,meta-llama/Meta-Llama-3-8B-Instruct,deep_infra,0.5,3,1,seal,third,private,0.1,1299,private_third_price.txt,2026-01-13_00-06-55-377654,00-11-54-560808,"As this is the first round, I will start by bidding a moderate amount, considering the potential values and the risk of losing. I will bid $20, a strategic starting point that balances the potential gain and loss."
0,Bidder Betty,11,5.0,False,5.0,0,third_price_ipv_gemini,V10,meta-llama/Meta-Llama-3-8B-Instruct,deep_infra,0.5,3,1,seal,third,private,0.1,1299,private_third_price.txt,2026-01-13_00-06-55-377654,00-11-54-560808,"As this is the first round, I will start by bidding a moderate amount to gauge the competition. Since my private value is $11, I will bid $5 to minimize the risk of losing and maximize the potential earnings. I will also observe the bids of Bidder Andy and Bidder Charles to adjust my strategy for future rounds."
0,Bidder Charles,21,15.0,False,5.0,0,third_price_ipv_gemini,V10,meta-llama/Meta-Llama-3-8B-Instruct,deep_infra,0.5,3,1,seal,third,private,0.1,1299,private_third_price.txt,2026-01-13_00-06-55-377654,00-11-54-560808,"Since this is the first round, I'll start by bidding a moderate amount to gauge the other bidders' behavior. Considering my private value is $21, I'll bid $15 to have a reasonable chance of winning and minimize losses if I don't win. I'll also keep an eye on the other bidders' bids to adjust my strategy accordingly."
0,Bidder Andy,4,1.0,False,1.0,0,third_price_ipv_gemini,V10,meta-llama/Meta-Llama-3-8B-Instruct,deep_infra,0.5,3,1,seal,third,private,0.1,1299,private_third_price.txt,2026-01-13_00-06-55-377654,00-11-56-339011,"Since this is the first round, I'll start by bidding conservatively to minimize losses. Given my value of $4, I'll bid $1 to maximize my expected profit. I'll observe the other bidders' bids and adjust my strategy accordingly in future rounds."
0,Bidder Betty,40,8.0,False,1.0,0,third_price_ipv_gemini,V10,meta-llama/Meta-Llama-3-8B-Instruct,deep_infra,0.5,3,1,seal,third,private,0.1,1299,private_third_price.txt,2026-01-13_00-06-55-377654,00-11-56-339011,"As a new round, I'll start with a conservative bid to learn more about the competition. Since my private value is $40, I'll bid a small amount above the expected average to increase my chances of winning. I'll bid $8, which is a common starting point, to gauge the competition's behavior."
0,Bidder Charles,32,20.0,True,1.0,31.0,third_price_ipv_gemini,V10,meta-llama/Meta-Llama-3-8B-Instruct,deep_infra,0.5,3,1,seal,third,private,0.1,1299,private_third_price.txt,2026-01-13_00-06-55-377654,00-11-56-339011,"As a new round, I will start by bidding a moderate amount to gauge the competition. Given my private value of $32, I will bid $20 to ensure I have a chance to win while keeping the potential loss manageable. I will observe the other bids and adjust my strategy accordingly."
0,Bidder Andy,37,20.0,False,1.0,0,third_price_ipv_gemini,V10,meta-llama/Meta-Llama-3-8B-Instruct,deep_infra,0.5,3,1,seal,third,private,0.1,1299,private_third_price.txt,2026-01-13_00-06-55-377654,00-12-00-788570,"As this is the first round, I will start by bidding a moderate amount, considering the potential values and the risk of losing. I will bid $20, a strategic starting point that balances the potential gain and loss."
0,Bidder Betty,49,1.0,False,1.0,0,third_price_ipv_gemini,V10,meta-llama/Meta-Llama-3-8B-Instruct,deep_infra,0.5,3,1,seal,third,private,0.1,1299,private_third_price.txt,2026-01-13_00-06-55-377654,00-12-00-788570,"Since this is the first round, I'll start with a conservative bid to learn more about the other bidders' strategies. I'll bid $1 to minimize my loss if I don't win, while also allowing me to adjust my strategy in subsequent rounds if needed."
0,Bidder Charles,40,30.0,True,1.0,39.0,third_price_ipv_gemini,V10,meta-llama/Meta-Llama-3-8B-Instruct,deep_infra,0.5,3,1,seal,third,private,0.1,1299,private_third_price.txt,2026-01-13_00-06-55-377654,00-12-00-788570,"Since this is the first round, I'll start by bidding a moderate amount to gauge the competition. Since my private value is $40, I'll bid $30 to leave some room for potential errors. This bid also allows me to potentially win the auction and pay a relatively low price if I'm not the highest bidder. I'll observe the bids and adjust my strategy accordingly for the next round (if any)."
0,Bidder Andy,3,1.0,False,1.0,0,third_price_ipv_gemini,V10,meta-llama/Meta-Llama-3-8B-Instruct,deep_infra,0.5,3,1,seal,third,private,0.1,1299,private_third_price.txt,2026-01-13_00-06-55-377654,00-12-01-240066,"Since this is the first round, I'll start by bidding a reasonable amount to gauge the competition. Given my private value of $3, I'll bid $1.00, which is a low enough amount to not scare off the other bidders, but still shows my interest in the prize."
0,Bidder Betty,34,10.0,True,1.0,33.0,third_price_ipv_gemini,V10,meta-llama/Meta-Llama-3-8B-Instruct,deep_infra,0.5,3,1,seal,third,private,0.1,1299,private_third_price.txt,2026-01-13_00-06-55-377654,00-12-01-240066,"Since this is the first round, I'll start with a conservative bid to gather information about the other bidders. I'll bid $10, a value that is likely to be below the other bidders' values. This will allow me to learn more about their bidding strategies and adjust my bid accordingly in future rounds."
0,Bidder Charles,10,5.0,False,1.0,0,third_price_ipv_gemini,V10,meta-llama/Meta-Llama-3-8B-Instruct,deep_infra,0.5,3,1,seal,third,private,0.1,1299,private_third_price.txt,2026-01-13_00-06-55-377654,00-12-01-240066,"Since this is the first round, I'll start by bidding a moderate amount to gauge the competition. Given my private value of $10, I'll bid $5 to keep my options open and avoid overcommitting. I'll observe the bids and adjust my strategy accordingly in subsequent rounds."
0,Bidder Andy,5,4.9,True,3.0,2.0,third_price_ipv_gemini,V10,meta-llama/Meta-Llama-3-8B-Instruct,deep_infra,0.5,3,1,seal,third,private,0.1,1299,private_third_price.txt,2026-01-13_00-06-55-377654,00-12-05-262368,"Since this is the first round, I'll start by bidding a moderate amount to gauge the competition. Given my private value is $5, I'll bid $4.9 to minimize potential losses while keeping an eye on the other bidders' strategies. I'll adjust my bidding accordingly in subsequent rounds based on the auction's dynamics."
0,Bidder Betty,6,3.0,False,3.0,0,third_price_ipv_gemini,V10,meta-llama/Meta-Llama-3-8B-Instruct,deep_infra,0.5,3,1,seal,third,private,0.1,1299,private_third_price.txt,2026-01-13_00-06-55-377654,00-12-05-262368,"Since this is the first round, I'll start by bidding a moderate amount to gauge the competition. I'll bid $3, which is a safe starting point, allowing me to learn from the other bidders' responses and adjust my strategy accordingly."
0,Bidder Charles,6,3.1,False,3.0,0,third_price_ipv_gemini,V10,meta-llama/Meta-Llama-3-8B-Instruct,deep_infra,0.5,3,1,seal,third,private,0.1,1299,private_third_price.txt,2026-01-13_00-06-55-377654,00-12-05-262368,"Since this is the first round, I will start by bidding a moderate amount to gauge the competition. Considering my private value is $6, I will bid $3.10 to minimize the risk of losing and maximize the potential earnings. I will also keep an eye on the other bidders' behavior to adjust my strategy accordingly."
0,Bidder Andy,8,4.1,False,1.0,0,third_price_ipv_gemini,V10,meta-llama/Meta-Llama-3-8B-Instruct,deep_infra,0.5,3,1,seal,third,private,0.1,1299,private_third_price.txt,2026-01-13_00-06-55-377654,00-12-07-180615,"Since this is the first round, I will start by bidding a moderate amount to gauge the competition. Considering my private value is $8, I will bid $4.10, which is slightly above the minimum bid but not too aggressive. This will allow me to observe the bids of the other players and adjust my strategy accordingly."
0,Bidder Betty,32,1.0,False,1.0,0,third_price_ipv_gemini,V10,meta-llama/Meta-Llama-3-8B-Instruct,deep_infra,0.5,3,1,seal,third,private,0.1,1299,private_third_price.txt,2026-01-13_00-06-55-377654,00-12-07-180615,"As the first round, I will bid $1 to minimize the risk of losing and to gather information about the other bidders' values. Since I know my value is $32, I'm willing to take a low-risk approach to maximize my potential earnings in the long run."
0,Bidder Charles,38,20.0,True,1.0,37.0,third_price_ipv_gemini,V10,meta-llama/Meta-Llama-3-8B-Instruct,deep_infra,0.5,3,1,seal,third,private,0.1,1299,private_third_price.txt,2026-01-13_00-06-55-377654,00-12-07-180615,"Since this is the first round, I will start by bidding a moderate amount to gauge the competition. I will bid $20, which is low enough to have a good chance of winning, but high enough to not give away my value too easily. I will observe the other bidders' strategies and adjust my bidding accordingly in subsequent rounds."
0,Bidder Andy,16,24.0,True,3.0,13.0,third_price_ipv_gemini,V10,meta-llama/Meta-Llama-3-8B-Instruct,deep_infra,0.5,3,1,seal,third,private,0.1,1299,private_third_price.txt,2026-01-13_00-06-55-377654,00-12-11-789734,"Since this is the first round, I'll start by bidding a moderate amount to gauge the competition. Considering my private value is $16, I'll aim for a bid that's slightly above the expected average value of $24.5, which is the midpoint of the possible values. I'll bid $24 to balance the risk and potential reward."
0,Bidder Betty,28,15.0,False,3.0,0,third_price_ipv_gemini,V10,meta-llama/Meta-Llama-3-8B-Instruct,deep_infra,0.5,3,1,seal,third,private,0.1,1299,private_third_price.txt,2026-01-13_00-06-55-377654,00-12-11-789734,"Since this is the first round, I'll start by bidding a moderate amount to gauge the competition. Considering my private value is $28, I'll bid $15 to maximize my chances of winning and minimize my potential loss."
0,Bidder Charles,7,3.0,False,3.0,0,third_price_ipv_gemini,V10,meta-llama/Meta-Llama-3-8B-Instruct,deep_infra,0.5,3,1,seal,third,private,0.1,1299,private_third_price.txt,2026-01-13_00-06-55-377654,00-12-11-789734,"Since this is the first round, I'll start by bidding a moderate amount to get a sense of the competition. Given my private value of $7, I'll bid $3. This will allow me to observe the other bidders' behavior and adjust my strategy accordingly."
0,Bidder Andy,24,20.0,False,14.0,0,third_price_ipv_gemini,V10,meta-llama/Meta-Llama-3-8B-Instruct,deep_infra,0.5,3,1,seal,third,private,0.1,1299,private_third_price.txt,2026-01-13_00-06-55-377654,00-12-15-624536,"As this is the first round, I will bid a moderate amount to gather information about the other bidders. Since my private value is $24, I will bid $20, which is slightly below my value. This will allow me to observe the other bidders' behavior and adjust my strategy accordingly."
0,Bidder Betty,48,40.0,True,14.0,34.0,third_price_ipv_gemini,V10,meta-llama/Meta-Llama-3-8B-Instruct,deep_infra,0.5,3,1,seal,third,private,0.1,1299,private_third_price.txt,2026-01-13_00-06-55-377654,00-12-15-624536,"Since this is the first round, I'll start by bidding a moderate amount to gauge the competition. Given my private value of $48, I'll aim to bid above the average value of $24.5, but not too high to minimize the risk of overpaying. I'll bid $40, which is a reasonable starting point."
0,Bidder Charles,22,14.0,False,14.0,0,third_price_ipv_gemini,V10,meta-llama/Meta-Llama-3-8B-Instruct,deep_infra,0.5,3,1,seal,third,private,0.1,1299,private_third_price.txt,2026-01-13_00-06-55-377654,00-12-15-624536,"Since this is the first round, I'll start by bidding a moderate amount to gauge the competition. I'll bid $14, which is low enough to have a good chance of winning, but high enough to signal my interest in the prize. I'll observe the other bidders' strategies and adjust my bidding accordingly in subsequent rounds."
0,Bidder Andy,25,15.0,False,5.0,0,third_price_ipv_gemini,V10,meta-llama/Meta-Llama-3-8B-Instruct,deep_infra,0.5,3,1,seal,third,private,0.1,1299,private_third_price.txt,2026-01-13_00-06-55-377654,00-12-20-005883,"Since this is the first round, I'll start by bidding a moderate amount to gauge the competition. Considering my private value is $25, I'll bid $15 to leave room for adjustments in future rounds. I'll observe the bids and adjust my strategy accordingly."
0,Bidder Betty,11,5.0,False,5.0,0,third_price_ipv_gemini,V10,meta-llama/Meta-Llama-3-8B-Instruct,deep_infra,0.5,3,1,seal,third,private,0.1,1299,private_third_price.txt,2026-01-13_00-06-55-377654,00-12-20-005883,"As this is the first round, I will start by bidding a moderate amount to gauge the competition. Since my private value is $11, I will bid $5 to minimize the risk of losing and maximize the potential earnings. I will also observe the bids of Bidder Andy and Bidder Charles to adjust my strategy for future rounds."
0,Bidder Charles,28,20.0,True,5.0,23.0,third_price_ipv_gemini,V10,meta-llama/Meta-Llama-3-8B-Instruct,deep_infra,0.5,3,1,seal,third,private,0.1,1299,private_third_price.txt,2026-01-13_00-06-55-377654,00-12-20-005883,"Since this is the first round, I will start by bidding a moderate amount to maximize my chances of winning. Given my private value of $28, I will bid $20, which is slightly above the midpoint of the possible bids. This will allow me to win the auction while keeping my potential losses low in case I don't win."
0,Bidder Andy,42,4.1,False,3.0,0,third_price_ipv_gemini,V10,meta-llama/Meta-Llama-3-8B-Instruct,deep_infra,0.5,3,1,seal,third,private,0.1,1299,private_third_price.txt,2026-01-13_00-06-55-377654,00-12-22-494491,"As the first round, I will start with a conservative bid to minimize losses. Since my private value is $42, I'll bid $4.10, which is slightly above the expected average value. This will allow me to learn more about the other bidders' values and adjust my strategy accordingly. If I win, I'll earn $42 - $4.10 = $37.90. If I lose, my earnings remain unchanged. This strategy aims to maximize my long-term profit by minimizing risks and adapting to the auction dynamics."
0,Bidder Betty,6,3.0,False,3.0,0,third_price_ipv_gemini,V10,meta-llama/Meta-Llama-3-8B-Instruct,deep_infra,0.5,3,1,seal,third,private,0.1,1299,private_third_price.txt,2026-01-13_00-06-55-377654,00-12-22-494491,"Since this is the first round, I'll start by bidding a moderate amount to gauge the competition. I'll bid $3, which is a safe starting point, allowing me to learn from the other bidders' responses and adjust my strategy accordingly."
0,Bidder Charles,16,10.0,True,3.0,13.0,third_price_ipv_gemini,V10,meta-llama/Meta-Llama-3-8B-Instruct,deep_infra,0.5,3,1,seal,third,private,0.1,1299,private_third_price.txt,2026-01-13_00-06-55-377654,00-12-22-494491,"Since this is the first round, I'll start by bidding a moderate amount to gauge the competition. Given my private value of $16, I'll bid $10, which is a reasonable compromise between a low and high bid. This will allow me to observe the other bidders' strategies and adjust accordingly in subsequent rounds."
0,Bidder Andy,4,1.0,False,1.0,0,third_price_ipv_gemini,V10,meta-llama/Meta-Llama-3-8B-Instruct,deep_infra,0.5,3,1,seal,third,private,0.1,1299,private_third_price.txt,2026-01-13_00-06-55-377654,00-12-26-189153,"Since this is the first round, I'll start by bidding conservatively to minimize losses. Given my value of $4, I'll bid $1 to maximize my expected profit. I'll observe the other bidders' bids and adjust my strategy accordingly in future rounds."
0,Bidder Betty,31,15.0,False,1.0,0,third_price_ipv_gemini,V10,meta-llama/Meta-Llama-3-8B-Instruct,deep_infra,0.5,3,1,seal,third,private,0.1,1299,private_third_price.txt,2026-01-13_00-06-55-377654,00-12-26-189153,"Since this is the first round, I'll start by bidding a moderate amount to get a sense of the competition. I'll bid $15, which is slightly above the average value of $25. This will give me a chance to win without committing too much. If I win, I'll pay the third-highest bid, which is likely to be around $10. If I lose, I'll start with a lower bid in the next round."
0,Bidder Charles,47,24.1,True,1.0,46.0,third_price_ipv_gemini,V10,meta-llama/Meta-Llama-3-8B-Instruct,deep_infra,0.5,3,1,seal,third,private,0.1,1299,private_third_price.txt,2026-01-13_00-06-55-377654,00-12-26-189153,"Since this is the first round, I will start by bidding a moderate amount, taking into account the prize's value to me ($47). I will bid $24.1, which is slightly above the midpoint of the possible bid range ($0.1 to $49). This bid should give me a good chance of winning while minimizing my potential loss if I don't win."
0,Bidder Andy,4,1.0,False,1.0,0,third_price_ipv_gemini,V10,meta-llama/Meta-Llama-3-8B-Instruct,deep_infra,0.5,3,1,seal,third,private,0.1,1299,private_third_price.txt,2026-01-13_00-06-55-377654,00-12-26-809470,"Since this is the first round, I'll start by bidding conservatively to minimize losses. Given my value of $4, I'll bid $1 to maximize my expected profit. I'll observe the other bidders' bids and adjust my strategy accordingly in future rounds."
0,Bidder Betty,20,15.0,True,1.0,19.0,third_price_ipv_gemini,V10,meta-llama/Meta-Llama-3-8B-Instruct,deep_infra,0.5,3,1,seal,third,private,0.1,1299,private_third_price.txt,2026-01-13_00-06-55-377654,00-12-26-809470,"Since this is the first round, I'll start by bidding a moderate amount to gauge the competition. Given my private value of $20, I'll bid $15 to minimize losses if I don't win. If I do win, I'll pay around $5-$10, leaving me with a decent profit."
0,Bidder Charles,13,7.0,False,1.0,0,third_price_ipv_gemini,V10,meta-llama/Meta-Llama-3-8B-Instruct,deep_infra,0.5,3,1,seal,third,private,0.1,1299,private_third_price.txt,2026-01-13_00-06-55-377654,00-12-26-809470,"As this is the first round, I'll adopt a conservative approach to maximize profit. I'll bid just above the expected average value to minimize the risk of losing and paying a high third-highest bid. Considering my private value is $13, I'll bid $7, leaving room for error and potential for profit."
0,Bidder Andy,21,20.0,True,15.0,6.0,third_price_ipv_gemini,V10,meta-llama/Meta-Llama-3-8B-Instruct,deep_infra,0.5,3,1,seal,third,private,0.1,1299,private_third_price.txt,2026-01-13_00-06-55-377654,00-12-30-416003,"As this is the first round, I'll start by bidding a moderate amount to gauge the competition. Since my value is $21, I'll bid $20 to maximize my potential earnings. I'll also keep an eye on the other bidders' strategies to adjust my approach in future rounds."
0,Bidder Betty,20,15.0,False,15.0,0,third_price_ipv_gemini,V10,meta-llama/Meta-Llama-3-8B-Instruct,deep_infra,0.5,3,1,seal,third,private,0.1,1299,private_third_price.txt,2026-01-13_00-06-55-377654,00-12-30-416003,"Since this is the first round, I'll start by bidding a moderate amount to gauge the competition. Given my private value of $20, I'll bid $15 to minimize losses if I don't win. If I do win, I'll pay around $5-$10, leaving me with a decent profit."
0,Bidder Charles,48,20.0,False,15.0,0,third_price_ipv_gemini,V10,meta-llama/Meta-Llama-3-8B-Instruct,deep_infra,0.5,3,1,seal,third,private,0.1,1299,private_third_price.txt,2026-01-13_00-06-55-377654,00-12-30-416003,"Since this is the first round, I'll start by bidding a moderate amount to gauge the competition. Considering my private value is $48, I'll bid $20 to leave room for potential overbidding. This will also allow me to adjust my strategy based on the other bidders' responses."
